code,entity,ric_ceil,ric_k,labsh_mean,labsh_latest,gdppc_mean,gdppc_latest,lgdppc_mean,lgdppc_latest,edi_mean
SDN,Sudan,-0.6889256312711163,0.0468546455915458,0.7247092856301202,0.634533762931824,3431.637652241517,2544.0294874340643,8.140792875850272,7.841504515365347,0.09646315789473683
IRN,Iran,-0.67854298685899,0.0431952916036727,0.4058974337750588,0.392824858427048,9145.032382032783,14741.751032822927,9.120966101773622,9.598438953316226,0.13018253968253968
QAT,Qatar,-0.6594309576644017,0.0788562483465157,0.2639010465807385,0.176718503236771,89410.15709492071,116032.10527605483,11.400989568745164,11.661622201416018,0.02012698412698413
SWZ,Eswatini,-0.6566999605510048,0.9449694734777252,0.6270017718726938,0.612078845500946,6991.019740182143,8902.923338803304,8.852381710164435,9.09413496682148,0.09012698412698412
OMN,Oman,-0.6473966337625604,0.1201783331451838,0.3269241990314588,0.30266872048378,28528.400299371784,43236.781527187406,10.258655371810836,10.67444683621664,0.04068253968253968
SAU,Saudi Arabia,-0.6182108127109165,0.3827617179758983,0.32487715780735027,0.279617875814438,48771.31996919842,58682.50179501792,10.794897713525426,10.979896865891682,0.012126582278481013
KWT,Kuwait,-0.5832816871387453,0.0368220319744822,0.23564043972227294,0.249492630362511,63259.172222833986,54399.549824728616,11.054995411456828,10.90411115752907,0.12237130801687764
GIN,Guinea,-0.5641604241246381,0.0507761015559546,0.30503144928000214,0.421574115753174,2974.57091261795,3546.727772919283,7.997855076524641,8.173780703285669,0.1307936507936508
TJK,Tajikistan,-0.5435138124088479,0.4293796522021163,0.4592365920543671,0.436326235532761,3476.6552905917783,4828.035683125342,8.153825987200102,8.482194973061143,0.11290506329113924
UZB,Uzbekistan,-0.4939248544286763,0.0552197969019219,0.4192721177549923,0.379453539848328,5763.3693349021405,9751.02045991021,8.659277536647116,9.185127221070044,0.12264912280701754
LAO,Laos,-0.4929570579005055,0.1119404797381232,0.4104064682667907,0.397631108760834,3140.5693882253568,8401.603298104774,8.052159396293039,9.036177835440267,0.06675217391304347
TUR,Turkey,-0.4125651494348228,0.0367134791245504,0.428521766453176,0.425564736127853,13150.828082369926,35709.655201819,9.484240007666594,10.48317638503415,0.17408438818565403
TCD,Chad,-0.3976109248282516,0.1096423744965587,0.4692161702550948,0.485394060611725,1922.2380762527048,2155.375028779862,7.561245450877161,7.675720014672897,0.1465
FJI,Fiji,-0.395636793094932,0.0993284561363884,0.5478723848407919,0.488626480102539,7114.104402582788,13859.35931827527,8.869834628051935,9.53671604644281,0.30792857142857144
CHN,China,-0.3791338956754755,0.0634970597050056,0.5851118076178765,0.561180591583252,5020.357954635544,21715.554047696354,8.521256515847936,9.985784059158577,0.06452320675105486
CAF,Central African Republic,-0.3786320559651416,0.0517234059250675,0.20424744486808802,0.164315789937973,1171.2404967912976,1094.8071259243955,7.065818719787632,6.99833348602769,0.17414150943396225
BDI,Burundi,-0.3748540796438027,0.6659269975821652,0.7007562707770957,0.606217503547669,851.4292406538895,988.1266344703403,6.746916397006664,6.8958108620753,0.11601818181818183
MRT,Mauritania,-0.3674284200412389,0.4192325686432889,0.4708164632320402,0.404089570045471,4190.5916849320665,5755.210091069263,8.34059721653409,8.657860826322722,0.1719016393442623
JOR,Jordan,-0.3599778304091269,0.0994683689179396,0.4814781197479793,0.493224442005157,6095.744093198922,9264.598092325057,8.7153461170232,9.133955758644728,0.1599423076923077
DJI,Djibouti,-0.3396934875730851,0.0620505177741895,0.6199532720175659,0.633568584918976,4429.40315359283,8138.845262649357,8.39602012565389,9.004403589308172,0.11547619047619048
IND,India,-0.3306196650386013,0.0685918402385334,0.6559116502065916,0.533480644226074,2769.465162570686,8924.875427239058,7.9264094984341895,9.096597648818111,0.25278902953586496
NIC,Nicaragua,-0.3245342305371239,0.5624480760461099,0.5393483178182085,0.520103871822357,5755.503698198743,7301.916612943905,8.657911840905296,8.895892142394679,0.207903743315508
RUS,Russia,-0.3242886028289766,0.2121671577695839,0.5163819991490421,0.529145956039429,21395.582395091886,39126.8216212128,9.970939749564417,10.574563485767252,0.09945991561181435
PRY,Paraguay,-0.3239497688892834,0.2541150023664469,0.46316696927972045,0.444948136806488,6778.832329806192,14938.908420787633,8.821560143359953,9.611724391813182,0.20535813953488372
AZE,Azerbaijan,-0.3188955946540978,0.0586936662812712,0.3654069330762415,0.392302095890045,10974.966885582475,20321.991565491953,9.30337222067982,9.919458907002534,0.09096713615023475
GTM,Guatemala,-0.3182927979927503,0.2674042393042771,0.4615524455502227,0.46945071220398,5285.1856873023835,12168.834626273625,8.57266303246525,9.406633423489641,0.18117596566523606
LKA,Sri Lanka,-0.315528871352593,0.039814168052311,0.4029560930825568,0.380772799253464,5820.318905095046,12713.968122052533,8.66911033391418,9.450456520182572,0.44083333333333335
SLV,El Salvador,-0.3095297998953992,0.4218091891476023,0.48424859375369783,0.521345615386963,4475.912560229146,11195.286260322326,8.40646553399282,9.323248099078635,0.23772789115646256
ZWE,Zimbabwe,-0.2908072702477656,2.0,0.5951306743281226,0.533381104469299,3560.6978875519935,3083.179027805333,8.177711840462775,8.033716495549958,0.2475079365079365
CIV,Cote d'Ivoire,-0.2856845694819384,0.0487199880317317,0.5419095130637286,0.331920176744461,3068.8895920066166,5994.430900599744,8.029071078738534,8.698586133948023,0.18582539682539684
NGA,Nigeria,-0.2832397160159348,0.4211011302677638,0.3223442358745112,0.31155726313591,3122.0170152551973,4679.836834652106,8.046234551174297,8.451018523913339,0.2504642857142857
BFA,Burkina Faso,-0.2724429686059974,0.3713492865145645,0.4839036336311927,0.425985455513001,1436.2216243118276,2357.3772890976616,7.269771072178817,7.765304961868766,0.29444565217391305
BWA,Botswana,-0.2680884205651881,0.0761011777003167,0.31920730136334935,0.277960985898972,8301.093839431953,18284.57798658116,9.024142572984797,9.813813250556743,0.3381349206349206
HND,Honduras,-0.2651235729628256,0.1984510533299396,0.5849536734598654,0.547430813312531,3656.7808324328357,6415.119590448002,8.204338485380749,8.766412919190547,0.2358658536585366
MAR,Morocco,-0.2629793667388233,0.2314951750574571,0.5152667358114912,0.464676827192307,4762.5404457583045,9034.586969229436,8.46853651194657,9.108815487452272,0.07052742616033755
NER,Niger,-0.2620187977207246,0.1583451311406761,0.48008541064336885,0.390887498855591,1610.6099766060918,1912.4048991724615,7.384368253683556,7.556116838541421,0.21769230769230768
THA,Thailand,-0.2611617624506797,0.2652039124111617,0.4394572232220626,0.437843501567841,7589.741867006875,22978.938930037733,8.934552860194323,10.042333376709111,0.11068354430379747
MOZ,Mozambique,-0.2453723250068512,1.1546465640307333,0.47148449532687653,0.539653122425079,1015.4709508809987,1527.6212497948575,6.923107774881104,7.331467065829929,0.1359126984126984
PAN,Panama,-0.2424923234589994,2.0,0.44114083756100037,0.328374564647675,11615.222746909392,36787.6990828614,9.36007182254188,10.512918804225661,0.39735772357723576
KGZ,Kyrgyzstan,-0.2285207966649152,0.2777417008912423,0.5120810182655559,0.399924725294113,4925.890427815735,9890.652329053897,8.502260334790323,9.199345380889916,0.15156
ZMB,Zambia,-0.2218836118024919,0.0607299623491829,0.42771309182263834,0.299980849027634,2309.2913413046185,3433.5399861947267,7.744695977793632,8.141347073892067,0.22690434782608696
SLE,Sierra Leone,-0.217668822870472,0.4378196779741566,0.5435487871820277,0.596124589443207,1593.9136824673199,2842.0152701012657,7.373947706357765,7.9522686816550205,0.21713492063492065
KAZ,Kazakhstan,-0.2168653074912736,0.2011390377412986,0.45527315578039956,0.373419225215912,17775.464575424066,34100.31744057975,9.785574390781315,10.437061972336188,0.08951054852320675
JPN,Japan,-0.2143684497314087,0.0772988330146695,0.557516727898572,0.587487876415253,26964.51436190908,44161.712461673225,10.202276997666965,10.695613458769607,0.32581434599156117
RWA,Rwanda,-0.2092709216837877,0.5795460794560667,0.75841261446476,0.741010069847107,1381.5592550718247,3130.939012754407,7.2309680352799255,8.049088242616865,0.12189090909090909
COL,Colombia,-0.208125949388028,0.1669631031230153,0.476315368268941,0.477649509906769,8756.117974152974,17426.65423345419,9.07750793207334,9.765756165610776,0.3031342592592593
VEN,Venezuela,-0.2068324697206681,0.1906050513873513,0.43522230787454413,0.0843637511134148,9556.782794025332,155.76973415382625,9.165006421585634,5.048378853678692,0.2295726872246696
CPV,Cape Verde,-0.2044619873357845,0.126986697541293,0.5841785127466378,0.626130104064941,3900.376285309634,9465.772855837582,8.26882831087624,9.155437714386782,0.2589920634920635
BOL,Bolivia,-0.2032604283628736,0.1512258000994892,0.5162735037706994,0.498441219329834,3647.1847064857366,9609.050502161888,8.201710835669815,9.170460693978088,0.26486567164179103
PER,Peru,-0.2027827426232763,0.4240752382207283,0.5463817268610001,0.400533765554428,6329.725112853179,14286.236826470029,8.753012088105736,9.567051893098864,0.31114070351758794
SEN,Senegal,-0.2023382605974547,0.1046813259429056,0.48991087218746526,0.523302435874939,2958.973063533759,4091.7934787208437,7.992597549125844,8.316738656277078,0.33928688524590167
NAM,Namibia,-0.2007832141421327,0.5108157486952655,0.6017472511157392,0.529053270816803,7433.603760759081,9692.203564811456,8.913766048489528,9.179077085101264,0.22465079365079366
LSO,Lesotho,-0.1971510694254993,0.3940128844123778,0.6817659382466918,0.661128878593445,2274.8679818575115,2306.292343485558,7.729677299748506,7.74339646793923,0.20049999999999998
MYS,Malaysia,-0.192327770876836,0.0278592449767511,0.3230114492817199,0.396719485521317,12542.096222229455,30373.767255518927,9.43684596307397,10.321334595638843,0.19103968253968256
STP,Sao Tome and Principe,-0.1900029842743798,0.1320693281205854,0.738317966461182,0.738317966461182,2944.427164112428,6297.770860134015,7.987669565828867,8.74795101804165,0.21688888888888888
BLR,Belarus,-0.1853019699121647,0.2073852837693001,0.5563408504514135,0.569543778896332,17007.991265999735,28562.153687382623,9.741438587058534,10.259837822832468,0.09658008658008657
BRA,Brazil,-0.1810806063919009,0.1810927158411151,0.5347926826090424,0.511414289474487,8327.669456487616,18642.69636011345,9.027338918883625,9.833209732290651,0.28539574468085105
SGP,Singapore,-0.1798312476250268,0.0525765515314276,0.4299780433066191,0.439467787742615,37398.90634071135,103436.06464919358,10.529396740748092,11.546708967953975,0.2197278481012658
MUS,Mauritius,-0.1782876778329319,0.0661194930514488,0.4894522613770251,0.456134647130966,12063.292042551488,27644.71443080494,9.397922405050288,10.22718982885089,0.43112698412698414
PHL,Philippines,-0.173980735889864,0.3031312427010016,0.43696636203173045,0.449056535959244,4446.246390302865,10096.466353354012,8.399815511410296,9.219940775607409,0.3039444444444444
DOM,Dominican Republic,-0.1729425790485094,0.1631789085201262,0.5647534683142624,0.426505953073502,8079.700404631596,23020.2080813572,8.997110072193008,10.044127721390415,0.23664651162790698
CMR,Cameroon,-0.1710489892823461,0.0696498199325296,0.5969515489414334,0.64359712600708,3034.728225572443,4821.994388476495,8.017877152720438,8.480942895006821,0.23758461538461537
LUX,Luxembourg,-0.1687335785929685,0.4540187290764599,0.5002081672082077,0.498331904411316,46459.45538126321,94276.8549240112,10.746335283941082,11.453990997605349,0.7632792792792793
MNG,Mongolia,-0.1564826525014548,0.2939196684247452,0.3849106309088795,0.405753165483475,5569.057146068425,15025.803295709238,8.624981044996604,9.617524221914978,0.2836782608695652
SUR,Suriname,-0.1531818909598173,0.4512412928601189,0.4659619553416386,0.458059996366501,10083.239027922751,16583.384896070194,9.21862982214444,9.71615656322456,0.4245555555555556
UKR,Ukraine,-0.1487126350635376,0.2584518809011562,0.5539983300601738,0.558368802070618,9950.411111640267,16389.788127772852,9.205369147051874,9.704413744733813,0.269575
CHL,Chile,-0.1427148202277776,0.2337883183500679,0.4457376611559357,0.440223604440689,12236.23360496602,26102.746869282946,9.412156796700682,10.16979583180685,0.3260384615384615
MEX,Mexico,-0.1411667775074645,0.0801054595848383,0.3776846669010214,0.380911499261856,13902.951208430239,20008.072467592607,9.53985641373594,9.903891094481754,0.22999999999999998
ECU,Ecuador,-0.1348922278066535,0.1114533965538623,0.49882381510090174,0.529587686061859,8684.840398334027,14109.194288758288,9.069334301803304,9.554581941073188,0.30833163265306124
ISR,Israel,-0.1332004982935091,0.0588313165352428,0.5323023844409636,0.49906313419342,24400.23316330371,43940.78666194773,10.10234796710874,10.690598248872282,0.2798708133971292
BRB,Barbados,-0.1325707091691704,0.0808694819669572,0.746558781713247,0.750565946102142,15416.461194090187,10766.854405632828,9.643191126232736,9.284227657446294,0.46789682539682537
ZAF,South Africa,-0.1319782839823522,2.0,0.58238764469688,0.542889833450317,10587.449350122468,12587.378250122634,9.267424555017104,9.440449864695841,0.33303174603174607
GEO,Georgia,-0.1284595444776965,0.1853150202144774,0.39044957564157606,0.466998279094696,10182.591581923007,23399.150444702183,9.228434833532994,10.060454994904765,0.13046222222222223
HUN,Hungary,-0.1243104779424337,0.1689978648828908,0.614301695867821,0.53658401966095,18196.233572162273,35093.4920723901,9.808969905063996,10.465770981220187,0.2491139240506329
TUN,Tunisia,-0.1233176608118896,0.0412248038774247,0.5356519347988072,0.560900449752808,7564.277778618259,12096.438693436323,8.931192152876953,9.400666365406858,0.09867510548523206
ARG,Argentina,-0.1203217006800176,0.1597699306694801,0.4606321160052273,0.528471767902374,10614.206738270674,27221.44328256058,9.269948641083081,10.211760297671233,0.3462236286919831
TGO,Togo,-0.116726975662499,0.039879193558566,0.6018495796756311,0.500760853290558,1878.1967573678378,2764.492465314831,7.5380674239116905,7.924612340259653,0.1727181818181818
PRT,Portugal,-0.1140061905874952,1.3186220488102052,0.6568014798937616,0.617257416248322,17273.99844818785,36500.35956228601,9.75695767000509,10.505077390543596,0.28128691983122367
HKG,Hong Kong,-0.1135280357063698,0.3785321642134297,0.48405865347012866,0.526560127735138,34312.58103412744,60256.57876527631,10.443267359899442,11.006367036516902,0.1992857142857143
CYP,Cyprus,-0.1109691422052463,0.0544825449028046,0.5299654099586845,0.536577582359314,19457.591441245353,35813.18269866218,9.875992578359716,10.486071336414305,0.40273809523809523
JAM,Jamaica,-0.1074349227587507,0.1477662253209418,0.5638235509395602,0.608830451965332,6737.313332624565,9401.169858177693,8.815416509100539,9.14858941351209,0.4508095238095238
USA,United States,-0.1072477222141739,0.2251306005828001,0.6167349493181384,0.568302690982819,42003.20024566195,72724.94995921638,10.645501090687997,11.194439795280887,0.5212278481012659
TTO,Trinidad and Tobago,-0.1058452239427197,0.1970129725191731,0.4876633004562277,0.338196009397507,18936.52785584944,27981.235698787437,9.848848026589488,10.239289410889299,0.46126190476190476
TWN,Taiwan,-0.1043757582507799,0.30218660872999,0.7247490850213456,0.650920629501343,23879.206861108345,62097.43296584549,10.08076335343353,11.03645992996323,0.1489612068965517
MDA,Moldova,-0.1039992112002871,0.1886503306404726,0.5736368885811638,0.51309597492218,6834.423078179846,11377.887476891625,8.829727338599215,9.339427055728525,0.13799078341013823
FRA,France,-0.1039678105544212,0.083366523191741,0.6685325374474398,0.630978584289551,28121.896659142534,51341.531426383444,10.244303792410438,10.846255283087839,0.5102573839662448
CAN,Canada,-0.103747952299803,0.1738027381099513,0.6908229194782877,0.659301698207855,34087.283512793496,54893.482943186624,10.436679676207193,10.913149912676918,0.613772972972973
NLD,Netherlands,-0.0878194128281194,0.215832648060681,0.6536427244946765,0.558655858039856,33866.53277209363,69632.75273256512,10.43018257187068,11.150990320870008,0.4961054852320675
GBR,United Kingdom,-0.0868988013054849,0.071207842548318,0.600969434589953,0.595121324062347,29384.003126283234,50556.129917635175,10.288205693893564,10.830839481540501,0.5492151898734177
ISL,Iceland,-0.0807111938609076,0.3587276181475881,0.6599162309556398,0.617417812347412,32912.035275243186,62702.09172723824,10.401593683697074,11.046150086945543,0.7810634920634921
IRL,Ireland,-0.0804872377148576,0.171257398258463,0.5531242662990417,0.308987885713577,35850.41941636801,132781.93030868084,10.48711054516067,11.796463439813818,0.5515147679324894
GRC,Greece,-0.0778069835993707,0.1744765739324159,0.5096705780453878,0.540112018585205,18787.481487677185,34119.436589687226,9.840946048707567,10.437622488857535,0.3603021276595745
ESP,Spain,-0.0775103692033667,0.3186682816056789,0.6405104511492962,0.594492614269257,22183.480180847,45602.144525439246,10.007103154855868,10.727710023463295,0.27975105485232066
ITA,Italy,-0.0767452129777491,0.1027136573662197,0.5643905715362447,0.511646032333374,26531.379801067596,50424.534995304915,10.186083454865964,10.82823314107052,0.4046208530805687
CHE,Switzerland,-0.0742098096504179,0.1394958763497552,0.6492418662921801,0.653461694717407,47405.62661180579,90148.17383026845,10.766496205528718,11.409209971413182,0.5704035087719298
TZA,Tanzania,-0.0734999952128301,0.0304926774025783,0.4785328651778402,0.582648754119873,1871.254957295578,3549.704019555617,7.5343645849196825,8.174619504220527,0.22866666666666668
BEN,Benin,-0.0705595765767725,0.0459911731569986,0.6274457912553437,0.617155015468597,2277.383635444019,3462.740686649894,7.730782534719713,8.149815660469582,0.2234920634920635
AUS,Australia,-0.0700942233126941,0.1838507359345413,0.6332933185873805,0.546087741851807,34283.18492480831,64022.29825847854,10.442410277521027,11.066986711949765,0.5977299578059072
AUT,Austria,-0.0698335356787366,0.2429796549312463,0.6115665073330337,0.607999980449677,30084.173644599643,62776.71892525532,10.311754519921381,11.047339565972766,0.40105194805194805
BIH,Bosnia and Herzegovina,-0.0652579404712375,0.029916645387912,0.654809371513479,0.671102285385132,8998.06686630309,18936.022276804957,9.104765040614126,9.848821327619245,0.14288144329896907
NZL,New Zealand,-0.0639655097329672,0.3159119638888491,0.5887418075187788,0.554435253143311,26260.28926596076,46861.86950929819,10.1758131632554,10.754959606897607,0.7531560693641618
CZE,Czechia,-0.0571333470967215,0.1882102999778696,0.5141990842188107,0.511502087116242,30942.06788675726,44794.334212850736,10.339871957276907,10.709836941942113,0.2934725738396624
NOR,Norway,-0.0536358153944889,0.1963850427781512,0.5207437027145075,0.384227871894836,44012.118127339076,97990.53462234428,10.692220286966458,11.492626167501747,0.5298721461187215
FIN,Finland,-0.0518999386601357,0.0677433202458882,0.6207935600667387,0.582876920700073,27961.238612935824,51588.352509335076,10.238574494827779,10.851051199426305,0.5568743169398908
LTU,Lithuania,-0.0506566485972741,0.1899369520697689,0.5206717515692993,0.570802509784699,22146.78896897968,41541.229386226616,10.00544779742405,10.634441692231139,0.193995670995671
MLT,Malta,-0.049240151588436,0.0308451052324186,0.5757415213755199,0.459493517875671,17429.681327728576,46814.521420389305,9.765929855370945,10.753948720537212,0.5260079365079365
MKD,North Macedonia,-0.0463812427527344,0.0298918722679176,0.5890115850112018,0.524812817573547,12245.720039823718,22175.7813480933,9.4129317704197,10.006756042096743,0.12432478632478632
SWE,Sweden,-0.0439587989996983,0.0628300676242968,0.6376914551129214,0.610155045986176,32381.031916662574,59512.06412096714,10.385328095675723,10.99393432931661,0.5250042194092827
DNK,Denmark,-0.0390031700901587,0.0428615273579606,0.6385476540874792,0.601182818412781,32644.896683714516,65734.81591543973,10.393443818773163,11.093383986722733,0.553210970464135
DEU,Germany,-0.0365671844651417,0.1958169769657084,0.6659892322243873,0.637351155281067,30428.88158971618,60107.83951233704,10.323147488673564,11.003895553153649,0.3024869109947644
BEL,Belgium,-0.0359854725958798,0.0688929558788181,0.6437478669591852,0.586125731468201,29083.061215038248,57912.86469534043,10.277911194849809,10.966694827056086,0.485295358649789
URY,Uruguay,-0.027454103790752,0.1130033595496662,0.5141803102718815,0.518926978111267,13099.304580407907,26629.59550332474,9.480314422315114,10.189778489181716,0.48468656716417907
LVA,Latvia,-0.0251003699725923,0.1919427376524694,0.5505840603043052,0.622257053852081,19652.188057407475,34392.610119629455,9.885943962620296,10.445596998180122,0.206126582278481
AGO,Angola,-0.0222544247138967,0.0364903105136633,0.2849252792420212,0.223235100507736,5069.295286463953,6148.320148084188,8.530957090171613,8.723934176836245,0.07757142857142857
SRB,Serbia,-0.0208149138113511,0.0309062252889892,0.6297668534166673,0.636854469776154,13021.157642907609,21841.932178743846,9.474330824475778,9.99158689566833,0.1620341463414634
GAB,Gabon,-0.0163413835164728,0.0329970274022889,0.36742946738377213,0.275395452976227,12046.624169191395,19587.405736462933,9.396539747734593,9.882642074219406,0.16991379310344829
CRI,Costa Rica,-0.0095834968330869,0.0434679721263846,0.5505802514585288,0.530688881874085,10602.389600180595,25029.431963412186,9.268834688673039,10.127807689937866,0.48762234042553193
EST,Estonia,-0.0086920524081843,0.1883122459607842,0.588887449573068,0.606712400913239,23135.762165603464,37481.46411524024,10.049134845064863,10.53160179949654,0.21924894514767934
ALB,Albania,-0.0040058239138594,0.207303632304987,0.8200110362635714,0.704890131950378,6765.016202718822,15923.539694592686,8.819519935682408,9.675553777309085,0.256125
IRQ,Iraq,-0.0021389190128088,0.1254684563200045,0.19976693336610418,0.296306312084198,8754.042383509994,13618.253210400511,9.077270859355524,9.519166319672408,0.08880168776371308
BHR,Bahrain,-2.1790755153016417e-08,0.1857469442460713,0.31549925550266567,0.2935651242733,32884.07283391505,53608.26463241225,10.400743711143523,10.889458526075911,0.0576031746031746
EGY,Egypt,-1.0128377915669851e-10,0.115585582540465,0.3838915696015232,0.361513197422028,4963.671336323895,17043.005132056038,8.509900934689345,9.743495142349174,0.10721518987341772
LBN,Lebanon,-6.649575050402576e-11,0.1071097283134358,0.444517523050308,0.444517523050308,10185.903384386189,12814.694133170335,9.228760022261747,9.45834777063743,0.3296448598130841
KEN,Kenya,-9.703114718270553e-14,0.0365253679382419,0.5391048265470042,0.540175199508667,2876.9254109388344,5685.675142177752,7.964477437229657,8.645705157651916,0.19732539682539682
ARM,Armenia,-2.31017847382526e-19,0.2413301565182596,0.6270922702901505,0.508563578128815,9107.508383333932,20843.334546219277,9.11685444936914,9.944789490083826,0.2267685185185185
ROU,Romania,-1.5213889045665654e-19,0.0365276310410935,0.5610232586041095,0.499527931213379,11695.500190234152,34522.06501364465,9.36695944768335,10.449353964197414,0.2564512820512821
KOR,South Korea,-4.845525162875901e-20,0.0424337619404927,0.4925991200225455,0.545923173427582,19865.4452162778,56190.31605774973,9.896737080093088,10.936499708894656,0.17580590717299577
BGR,Bulgaria,-3.790797693194563e-20,0.0167676890397161,0.4572954100591166,0.516510665416718,13860.20722131851,28114.87334535742,9.53677722366521,10.24405401583824,0.19342616033755275
SVK,Slovakia,-7.005361872599877e-23,0.1101452056894725,0.5123174067805795,0.531750798225403,23136.768914668868,32017.067155002984,10.049178358961425,10.374024388195897,0.30727705627705626
SVN,Slovenia,-4.588514831781588e-23,0.0446735571652693,0.6606824766187107,0.632693946361542,29429.388788113767,42147.18574218418,10.289749072684085,10.648923193518478,0.2367214611872146
POL,Poland,-2.9687221144885704e-24,0.016757956035194,0.575993010291347,0.547969162464142,16868.484168787727,39120.301002681845,9.733202317844825,10.574396818461736,0.29336686390532546
IDN,Indonesia,-3.689099031453921e-32,0.0305297107970287,0.5075492663308977,0.509304404258728,5088.860258149863,13909.486710282694,8.534809166622473,9.540326383466164,0.14558407079646019
HRV,Croatia,-4.645111267193541e-44,0.0438876204488775,0.6332109254949233,0.612615644931793,21050.32271468627,36373.317418814004,9.954671169856967,10.501590746876477,0.3316823529411765
