code,entity,n_years,year_start,year_end,S_floor,S_ceil,k,t_mid,v,R2
AFG,Afghanistan,74,1950,2023,-0.9383255332038544,-0.674164591696745,0.2968722901632997,2002.9771604159132,10.897194284356512,0.5307043485223101
AGO,Angola,74,1950,2023,-0.8771460038520115,-0.0222544247138967,0.0364903105136633,1990.5589188213064,0.0050000000000124,0.9785589684961868
ALB,Albania,74,1950,2023,-1.2776094620664116,-0.0040058239138594,0.207303632304987,2014.8019804618175,19.99999999764417,0.9723053220794644
ARE,United Arab Emirates,53,1971,2023,-0.9371480813640712,-0.1657796899704849,0.115996050599208,2018.252149393506,1.8436083910754144,0.965756219564071
ARG,Argentina,74,1950,2023,-0.9236868481317152,-0.1203217006800176,0.1597699306694801,1995.4589642249412,12.327293275137452,0.9240432157882532
ARM,Armenia,74,1950,2023,-0.9828067923538956,-2.31017847382526e-19,0.2413301565182596,2021.7889640780568,19.99999943892025,0.9371850537770188
AUS,Australia,74,1950,2023,-0.7881822894160445,-0.0700942233126941,0.1838507359345413,1980.3785710601103,10.9557309831872,0.991195502249112
AUT,Austria,74,1950,2023,-0.9679563669851076,-0.0698335356787366,0.2429796549312463,1982.6293540177032,19.99999999999996,0.9801388743749504
AZE,Azerbaijan,74,1950,2023,-0.873542320876946,-0.3188955946540978,0.0586936662812712,1974.4961412548537,3.3810783372682485,0.9790786502609828
BDI,Burundi,74,1950,2023,-0.8338216100880403,-0.3748540796438027,0.6659269975821652,1997.53856584734,13.204436982348083,0.9790013730433524
BEL,Belgium,74,1950,2023,-0.6715709891982558,-0.0359854725958798,0.0688929558788181,1961.053485389179,1.9419773088981205,0.9763222787732032
BEN,Benin,74,1950,2023,-0.6485972698337069,-0.0705595765767725,0.0459911731569986,1972.426259640382,0.0050000000000002,0.9511565517675744
BFA,Burkina Faso,74,1950,2023,-0.857726303044614,-0.2724429686059974,0.3713492865145645,1991.9805535289152,19.99999761642192,0.8922698186814565
BGD,Bangladesh,60,1958,2023,-0.81177507517084,-0.3419751809857566,0.2346553572152456,1975.161331208613,5.189293419791224,0.9647736952905868
BGR,Bulgaria,74,1950,2023,-0.9636418480665,-3.790797693194563e-20,0.0167676890397161,1910.990549599843,0.0050000000002356,0.9603983676279136
BHR,Bahrain,74,1950,2023,-1.0678954241187544,-2.1790755153016417e-08,0.1857469442460713,2070.233651065859,18.413848236788308,0.942165743415796
BIH,Bosnia and Herzegovina,74,1950,2023,-0.9493209333825624,-0.0652579404712375,0.029916645387912,1959.7348252853128,0.8458567647815152,0.9684618430276036
BLR,Belarus,74,1950,2023,-0.8561955556304739,-0.1853019699121647,0.2073852837693001,1992.8448522716835,10.072036440853228,0.9697970334138452
BOL,Bolivia,74,1950,2023,-0.9560780013347366,-0.2032604283628736,0.1512258000994892,1993.4155610725877,3.97083305120806,0.973933523257102
BRA,Brazil,74,1950,2023,-0.9023908971355432,-0.1810806063919009,0.1810927158411151,1993.0119965409665,9.99806174093327,0.9493824686065973
BRB,Barbados,59,1950,2023,-0.6064140485984812,-0.1325707091691704,0.0808694819669572,1952.4897833213613,0.0050000000000015,0.9943214741507316
BTN,Bhutan,74,1950,2023,-0.7373102977689184,-1.9413091670847918e-17,0.0323377294755825,1995.1779100299923,0.523477670446885,0.9713172671869018
BWA,Botswana,74,1950,2023,-0.8752303884602681,-0.2680884205651881,0.0761011777003167,1967.745717599932,0.005,0.9742655787805344
CAF,Central African Republic,72,1950,2023,-0.9744428762909556,-0.3786320559651416,0.0517234059250675,1965.7117379902827,0.0050000000000045,0.9871222891887792
CAN,Canada,74,1950,2023,-1.1319999999999992,-0.103747952299803,0.1738027381099513,1969.0256786752027,19.999999999998103,0.9890644642977828
CHE,Switzerland,74,1950,2023,-0.4930642033021016,-0.0742098096504179,0.1394958763497552,1969.5798460811309,0.0050000000000503,0.968864603623885
CHL,Chile,74,1950,2023,-0.7705728015240044,-0.1427148202277776,0.2337883183500679,1990.674334863988,0.005,0.8775703401014017
CHN,China,74,1950,2023,-0.9017746854301,-0.3791338956754755,0.0634970597050056,1953.8219140639524,1.0183554182606565,0.9841458922258568
CIV,Cote d'Ivoire,74,1950,2023,-0.9131030393027808,-0.2856845694819384,0.0487199880317317,1968.195776957799,0.005,0.9601987749876624
CMR,Cameroon,63,1961,2023,-0.6942415742738433,-0.1710489892823461,0.0696498199325296,1987.3827124777156,0.005,0.977670078482314
COD,Democratic Republic of Congo,74,1950,2023,-0.9954223517654974,-2.449739893627548e-18,0.0184581666289911,1999.4783266962645,0.2117326676150314,0.972513729987426
COG,Congo,74,1950,2023,-1.0424665617078397,-1.918719672915761e-11,0.2066291718509108,2091.005125661531,19.99999999999605,0.8834268925567518
COL,Colombia,74,1950,2023,-0.859453826991403,-0.208125949388028,0.1669631031230153,1993.465270724028,7.927770021511422,0.9614940149461024
COM,Comoros,74,1950,2023,-0.8830679178018787,-0.4740749746918937,0.0765185653258047,1976.6254565529164,0.5911460133890744,0.916286090990832
CPV,Cape Verde,74,1950,2023,-0.8493503781533719,-0.2044619873357845,0.126986697541293,1976.7669850899408,0.005,0.985666868173826
CRI,Costa Rica,74,1950,2023,-0.6265075438752319,-0.0095834968330869,0.0434679721263846,1960.519586060959,0.0050000000000488,0.965733917001896
CUB,Cuba,74,1950,2023,-0.8705999754811682,-0.1459217218763432,0.0162216944005855,1937.0044329365332,0.0050000000006537,0.9532155696942914
CYP,Cyprus,74,1950,2023,-0.8288772712575336,-0.1109691422052463,0.0544825449028046,1969.4319571897847,0.005,0.9892498564756996
CZE,Czechia,74,1950,2023,-0.9677556368842574,-0.0571333470967215,0.1882102999778696,2000.6154517286736,19.99999999986339,0.8678021534499711
DEU,Germany,33,1991,2023,-1.030883980089679,-0.0365671844651417,0.1958169769657084,1985.78764304171,14.32233664470896,0.9021699321627932
DJI,Djibouti,74,1950,2023,-0.9271255822300668,-0.3396934875730851,0.0620505177741895,1990.922663460355,0.0050000000014381,0.980710921804098
DNK,Denmark,74,1950,2023,-0.7403611769939585,-0.0390031700901587,0.0428615273579606,1905.3116833363213,0.0050000000044275,0.983536154875377
DOM,Dominican Republic,74,1950,2023,-0.8672357643409945,-0.1729425790485094,0.1631789085201262,1991.8969660870105,8.018794436472136,0.9695289771961946
DZA,Algeria,74,1950,2023,-0.933064859636968,-0.1055738603449964,0.0327690815754869,1981.7092068822503,0.0050000000001039,0.9530524312982346
ECU,Ecuador,74,1950,2023,-0.8185735410985926,-0.1348922278066535,0.1114533965538623,1989.1121369366467,1.4589501707565036,0.9845306277789828
EGY,Egypt,74,1950,2023,-0.9270350720824584,-1.0128377915669851e-10,0.115585582540465,2098.103214015138,12.464641521018688,0.9241842291533596
ERI,Eritrea,74,1950,2023,-0.8624029598686959,-0.7949263402547895,2.0,1939.9813228881676,0.0050000000141202,0.2508625722526768
ESP,Spain,74,1950,2023,-0.8057758458090701,-0.0775103692033667,0.3186682816056789,1976.8734786834725,0.005,0.9774026869256182
EST,Estonia,74,1950,2023,-0.9609103764726646,-0.0086920524081843,0.1883122459607842,2005.5560757820915,16.591901254021874,0.8628012788727869
ETH,Ethiopia,74,1950,2023,-0.8647114469941681,-0.2540662316452908,0.0961660589811934,1992.683168450384,0.005000002829175,0.982842717839671
FIN,Finland,74,1950,2023,-1.0449999999999828,-0.0518999386601357,0.0677433202458882,1935.1777491297632,6.866968170345408,0.9726814854362142
FJI,Fiji,72,1950,2023,-0.6905166990115319,-0.395636793094932,0.0993284561363884,1970.6845299060476,0.005,0.9091572717425556
FRA,France,74,1950,2023,-0.5154042594374972,-0.1039678105544212,0.083366523191741,1947.246194959673,0.005,0.9022491901157078
GAB,Gabon,74,1950,2023,-0.9469357426422202,-0.0163413835164728,0.0329970274022889,1978.5416409290488,0.0050000000000051,0.9829835241489752
GBR,United Kingdom,74,1950,2023,-0.8136111954608164,-0.0868988013054849,0.071207842548318,1964.839559409609,4.009083507504325,0.9793791761731476
GEO,Georgia,74,1950,2023,-0.8646558690299805,-0.1284595444776965,0.1853150202144774,1999.9260615398389,10.059841989648948,0.9810500774490392
GHA,Ghana,74,1950,2023,-0.7964234648147909,-0.2004504986156102,0.465875293789047,1997.3506618017925,16.27713446697906,0.9351314111954192
GIN,Guinea,74,1950,2023,-0.9128714849496332,-0.5641604241246381,0.0507761015559546,1961.1589534748955,0.005,0.8518299850261661
GMB,Gambia,74,1950,2023,-0.8685774632875594,-0.2480585517157207,0.0393310785980596,1973.4051707128297,0.005,0.932014367320209
GNB,Guinea-Bissau,74,1950,2023,-0.958811694844474,-0.3731314343403735,0.1346529219310195,1973.462926465863,0.005,0.971999790242043
GNQ,Equatorial Guinea,74,1950,2023,-0.9592939538732184,-0.562016224264595,0.1038658452111548,1978.69361165327,0.5724426794881634,0.9724633282033014
GRC,Greece,74,1950,2023,-0.9301848870467294,-0.0778069835993707,0.1744765739324159,1981.2149681017409,9.235814849769742,0.95305191391764
GTM,Guatemala,74,1950,2023,-0.9235310198317408,-0.3182927979927503,0.2674042393042771,1997.0488953226013,3.65298129108793,0.9485703180540104
GUY,Guyana,64,1950,2023,-0.5546280906072505,-0.1511392929198085,0.0654546704146037,1963.074504810077,0.0050000000000001,0.9758875156171632
HKG,Hong Kong,74,1950,2023,-0.5406879687500762,-0.1135280357063698,0.3785321642134297,1980.4229181869432,8.258740373530035,0.9719396399017308
HND,Honduras,74,1950,2023,-0.8973850777421996,-0.2651235729628256,0.1984510533299396,1991.7656660992136,5.22155627613162,0.9549233492481062
HRV,Croatia,74,1950,2023,-1.3059999999999998,-4.645111267193541e-44,0.0438876204488775,1961.941814590744,2.8398835754862204,0.9209541587232049
HTI,Haiti,74,1950,2023,-0.7871220456500613,-0.5258151687755214,0.6689274585615025,1992.2876588235456,5.770004334268248,0.7948093761641337
HUN,Hungary,74,1950,2023,-0.901496646008343,-0.1243104779424337,0.1689978648828908,1990.155878838394,11.058124302675644,0.9400798256459276
IDN,Indonesia,74,1950,2023,-0.9473260018231476,-3.689099031453921e-32,0.0305297107970287,1988.0667843116696,0.4761474268432198,0.9504499801925356
IND,India,74,1950,2023,-0.8231289586434034,-0.3306196650386013,0.0685918402385334,1962.5082637341543,1.8025112942595376,0.959867399296042
IRL,Ireland,74,1950,2023,-0.9882123561833468,-0.0804872377148576,0.171257398258463,1989.5264399421208,19.999999999999996,0.9700011637223748
IRN,Iran,74,1950,2023,-0.9467380974086088,-0.67854298685899,0.0431952916036727,1947.0169590470464,0.0050000000000072,0.9157709761883038
IRQ,Iraq,74,1950,2023,-0.9574003591013877,-0.0021389190128088,0.1254684563200045,2048.3829275172657,8.329325087738617,0.910465516078344
ISL,Iceland,74,1950,2023,-0.5662485251963695,-0.0807111938609076,0.3587276181475881,1988.3444037325944,17.229158021323645,0.9705755725839214
ISR,Israel,74,1950,2023,-0.9295833011554864,-0.1332004982935091,0.0588313165352428,1934.684331467376,0.5290403441213766,0.9952363343995304
ITA,Italy,74,1950,2023,-0.9341886158091024,-0.0767452129777491,0.1027136573662197,1967.2274605915436,3.3556764870673748,0.9759641387406576
JAM,Jamaica,57,1967,2023,-0.593236189087812,-0.1074349227587507,0.1477662253209418,1968.8141401769776,1.327466982312264,0.9937858399000752
JOR,Jordan,74,1950,2023,-0.8163497140726903,-0.3599778304091269,0.0994683689179396,1985.9414742156573,0.6009990629322695,0.9870290127449928
JPN,Japan,74,1950,2023,-0.968360334058494,-0.2143684497314087,0.0772988330146695,1952.471914061728,3.133158671243392,0.965231885456464
KAZ,Kazakhstan,74,1950,2023,-0.8624167458887766,-0.2168653074912736,0.2011390377412986,1992.016516925231,10.499972973849491,0.9783848197730416
KEN,Kenya,74,1950,2023,-0.9610028192224966,-9.703114718270553e-14,0.0365253679382419,1984.681629378444,0.005,0.9822037667174364
KGZ,Kyrgyzstan,74,1950,2023,-0.9039104736428368,-0.2285207966649152,0.2777417008912423,2004.5746690857288,19.99999999786437,0.9654759176076328
KHM,Cambodia,74,1950,2023,-0.9592612199328482,-0.4306697804140887,0.4366384403049294,1999.878504401288,19.999999999999936,0.8982207390023966
KOR,South Korea,74,1950,2023,-0.9654946364514077,-4.845525162875901e-20,0.0424337619404927,1972.9045461693047,1.1141258631852915,0.9761081520155992
KWT,Kuwait,74,1950,2023,-0.8702183295201181,-0.5832816871387453,0.0368220319744822,1969.961824507264,0.0050000000000001,0.9694578596828568
LAO,Laos,74,1950,2023,-0.8567825280439704,-0.4929570579005055,0.1119404797381232,1995.7409399189528,1.7377961879263248,0.9435813462465212
LBN,Lebanon,74,1950,2023,-0.900890720194148,-6.649575050402576e-11,0.1071097283134358,2113.503322471286,19.317600424479807,0.8887420587639
LBR,Liberia,74,1950,2023,-0.7378792361032799,-0.1552065260831783,0.4723287580831388,2004.73136660279,9.2329210695234,0.9619434714492628
LBY,Libya,73,1951,2023,-0.9369311863374564,-6.408194426037768e-06,0.2387005165276325,2044.6048946600451,6.93936462989093,0.8566255408451726
LKA,Sri Lanka,74,1950,2023,-0.6314149259721318,-0.315528871352593,0.039814168052311,1946.4635383800955,0.005,0.9107976595237772
LSO,Lesotho,74,1950,2023,-0.8918262262892234,-0.1971510694254993,0.3940128844123778,2000.429340754444,20.0,0.9762785833232476
LTU,Lithuania,74,1950,2023,-0.885165658980087,-0.0506566485972741,0.1899369520697689,1999.504414298258,12.012139279380536,0.925178814782766
LUX,Luxembourg,74,1950,2023,-0.7411070997318732,-0.1687335785929685,0.4540187290764599,1945.35523383359,0.005,0.8982036627170631
LVA,Latvia,72,1950,2023,-0.8597748632535551,-0.0251003699725923,0.1919427376524694,1997.9932096057996,9.91228569329285,0.9276457339241272
MAR,Morocco,74,1950,2023,-0.9479092887995554,-0.2629793667388233,0.2314951750574571,2003.843736817171,7.391557706688938,0.985002600139082
MDA,Moldova,74,1950,2023,-0.8565363068613413,-0.1039992112002871,0.1886503306404726,1998.2324695530128,9.348626888953676,0.9842816205324284
MDG,Madagascar,74,1950,2023,-0.763311674299319,-0.2414749166360801,0.0628146735486343,1972.052604415308,0.0050000000000117,0.8810190246448261
MDV,Maldives,48,1950,2023,-0.7353182229535595,-0.366841051613689,0.0316551014689242,1971.9531696349848,0.005000000000181,0.9516652988676252
MEX,Mexico,74,1950,2023,-0.8810904762844166,-0.1411667775074645,0.0801054595848383,1994.879222173677,3.142562402813048,0.994870097299586
MKD,North Macedonia,74,1950,2023,-0.942033439635238,-0.0463812427527344,0.0298918722679176,1957.5085516284375,0.610599049177183,0.9787892861407252
MLI,Mali,73,1950,2023,-0.9203981483350478,-0.321219890348919,0.1009583309993455,1959.4562986919416,0.005,0.9594886405364492
MLT,Malta,64,1959,2023,-0.5766687628227215,-0.049240151588436,0.0308451052324186,1967.069254075261,0.005,0.9769974067584942
MMR,Myanmar,74,1950,2023,-0.7452589519553755,-0.5294343449527689,1.4765497541865442,2009.6316351152248,0.0050000009391849,0.4769182693320049
MNE,Montenegro,19,1998,2023,-0.8208965350478908,-0.0839102582978225,0.0849449052539658,1992.2967775927111,1.146192856553428,0.99798537049752
MNG,Mongolia,74,1950,2023,-1.0913959476270934,-0.1564826525014548,0.2939196684247452,1995.879883843257,19.9999999999997,0.9397031300553378
MOZ,Mozambique,74,1950,2023,-1.0244402179145742,-0.2453723250068512,1.1546465640307333,1992.173824732036,19.999999999999996,0.986993319287441
MRT,Mauritania,74,1950,2023,-0.994702534083137,-0.3674284200412389,0.4192325686432889,2006.955671325864,20.0,0.9540720530371284
MUS,Mauritius,74,1950,2023,-0.6111477748322109,-0.1782876778329319,0.0661194930514488,1973.12186116996,0.5229795376620439,0.9819736257691128
MWI,Malawi,74,1950,2023,-0.909964035573642,-0.2235098740197409,0.4983616629007054,1999.319887222593,8.675392491927976,0.9778412839782176
MYS,Malaysia,74,1950,2023,-0.5553938025113982,-0.192327770876836,0.0278592449767511,1977.8737376549063,0.005,0.8717117423716196
NAM,Namibia,74,1950,2023,-0.8966078781253589,-0.2007832141421327,0.5108157486952655,1989.2344590335708,0.005,0.9889490454759244
NER,Niger,74,1950,2023,-0.7998672686691294,-0.2620187977207246,0.1583451311406761,1993.2272191740096,2.493218685407766,0.974139942453266
NGA,Nigeria,55,1966,2023,-0.7393417675548754,-0.2832397160159348,0.4211011302677638,1997.8027109684856,13.707470207846065,0.9848550678076324
NIC,Nicaragua,74,1950,2023,-0.8623030256909558,-0.3245342305371239,0.5624480760461099,1984.8191907374933,4.829234170908356,0.9691000130416072
NLD,Netherlands,74,1950,2023,-0.7299649252593099,-0.0878194128281194,0.215832648060681,1972.402818115147,8.268887928904052,0.9847825582485304
NOR,Norway,74,1950,2023,-0.819947743154755,-0.0536358153944889,0.1963850427781512,1965.7252523150469,17.04177382336948,0.9652361426032132
NPL,Nepal,74,1950,2023,-0.9971818138732584,-0.2319550313528366,0.432891588046516,2005.9809905374411,13.568380083066076,0.9799369288958272
NZL,New Zealand,74,1950,2023,-0.4084433247872993,-0.0639655097329672,0.3159119638888491,1986.51512735772,10.40511177439865,0.995121390445886
OMN,Oman,62,1950,2023,-0.9266473370806154,-0.6473966337625604,0.1201783331451838,1971.5258040970184,0.005,0.9753209727990284
OWID_AFR,Africa,0,0,0,-0.8532244948197768,-0.2581699629098131,0.0542357516026176,1982.0201729824569,0.488333288823801,0.9944791173476012
OWID_ASI,Asia,0,0,0,-0.962686788172932,-0.3974485114659479,0.2861134410293713,1996.8265371172963,20.0,0.9886160235797484
OWID_DRV,Democratic Republic of Vietnam,0,0,0,-0.4185282728788684,-0.5337258539109002,0.7488021872898631,1949.74378317334,1.1913901171393264,0.5316920997758232
OWID_EUR,Europe,0,0,0,-0.8714408727393872,-2.1668580743103496e-17,0.035517501797237,1961.216782268925,1.5909508716521108,0.9823086096971873
OWID_GDR,East Germany,0,0,0,-0.5681200327639246,-7.74304217840074e-07,0.290457932158906,2023.139518007968,14.730715597936667,0.4902969322831828
OWID_GFR,West Germany,0,0,0,-0.3115251134468028,-0.0925414041789078,0.1399998230226984,1972.318633752118,0.5803383066332543,0.9480268396943978
OWID_NAM,North America,0,0,0,-0.8283898335978486,-0.2200484872201556,0.2188851117378547,1989.8396714389417,8.82895400085921,0.9932890458046568
OWID_OCE,Oceania,0,0,0,-0.6381084364294958,-0.3104814161207533,0.105260086500034,1976.2496722327328,1.4752384501606015,0.9875813108489072
OWID_PMA,Parma,0,0,0,-0.840001330760409,-0.7523043477095356,1.9879834094348845,1806.036348499772,0.9430605182855468,0.4468588776789457
OWID_RVN,Republic of Vietnam,0,0,0,-0.6982812861455623,-0.6151700851039282,0.2605783810365388,1953.2681553091688,0.0050000014870403,0.4447949142602152
OWID_SAM,South America,0,0,0,-0.8863092341999097,-0.1684896796764021,0.1942894134344117,1996.674269789947,10.48079303417062,0.97878659769648
OWID_SML,Somaliland,0,0,0,-0.7918880882958335,-0.5358931048308807,0.6102853461949633,1978.975607112936,5.232995024792696,0.962117998743892
OWID_TUS,Tuscany,0,0,0,-0.7071232014493736,-0.803093357367569,0.331161956753264,1799.3926225641192,0.005,0.8730999156947079
OWID_WRL,World,0,0,0,-0.9298312272682088,-0.2796074783091959,0.2540853920176097,1994.7039073058777,14.848880534093356,0.9937553238564996
OWID_YAR,Yemen Arab Republic,0,0,0,-0.9693359543764384,-0.8666016645535506,0.1247117922600872,1960.2158833192389,0.0050000000000781,0.9023993335791366
OWID_YPR,Yemen People's Republic,0,0,0,-0.6864907529154789,-0.4855015767146792,0.1178356851005131,1970.2482404656107,1.156131800501481,0.952198563207743
OWID_ZAN,Zanzibar,0,0,0,-0.9965524888999734,-0.2963229831975625,0.2635364675457715,1991.2621431382177,13.581885653517883,0.9942986118515384
PAK,Pakistan,60,1958,2023,-0.7838237536651836,-0.4192490082852739,0.3480420933079441,2001.872355848456,6.9890822669566175,0.9233846816584056
PAN,Panama,74,1950,2023,-0.582554640384264,-0.2424923234589994,2.0,1989.380068873424,0.0050000000446885,0.9492271084306888
PER,Peru,74,1950,2023,-0.866959642882711,-0.2027827426232763,0.4240752382207283,2001.1943262302184,19.9999999985248,0.9496798332950848
PHL,Philippines,74,1950,2023,-0.8848246133010058,-0.173980735889864,0.3031312427010016,1990.644215067356,20.0,0.8914598242800937
PNG,Papua New Guinea,74,1950,2023,-0.8522285879115039,-0.5470858119882839,2.0,1974.3155550257488,0.0050000000051306,0.9890764761238848
POL,Poland,74,1950,2023,-0.9315831028495656,-2.9687221144885704e-24,0.016757956035194,1911.7939802253088,0.0050000000001487,0.9389598914687948
PRK,North Korea,74,1950,2023,-0.9593478515146516,-0.7090720412007878,0.0352955293016157,1914.1254512150565,0.0050000000024894,0.9828303476740816
PRT,Portugal,74,1950,2023,-0.8335471698678838,-0.1140061905874952,1.3186220488102052,1973.461043538822,0.005,0.9553858484430152
PRY,Paraguay,74,1950,2023,-0.8653906489424973,-0.3239497688892834,0.2541150023664469,1989.2902542792444,0.005,0.954783688472452
QAT,Qatar,39,1950,2023,-0.9446437954881868,-0.6594309576644017,0.0788562483465157,1982.0045433875985,0.2988618836933647,0.9801190211454924
ROU,Romania,74,1950,2023,-0.7590497156903016,-1.5213889045665654e-19,0.0365276310410935,1975.5701224425447,0.6717732837213705,0.9562202712136872
RUS,Russia,74,1950,2023,-0.8852896801291776,-0.3242886028289766,0.2121671577695839,1987.8785004423423,13.606834107160449,0.971743546269128
RWA,Rwanda,74,1950,2023,-0.9644077913482488,-0.2092709216837877,0.5795460794560667,1998.785939882404,19.99999999999626,0.9592820571897832
SAU,Saudi Arabia,21,2003,2023,-0.9623793189913338,-0.6182108127109165,0.3827617179758983,2017.7105168638043,3.862013370071213,0.9639332967313412
SDN,Sudan,74,1950,2023,-0.8818265913500445,-0.6889256312711163,0.0468546455915458,1970.2561114989617,0.0050000001622858,0.7135955467704675
SEN,Senegal,74,1950,2023,-0.7707261135797249,-0.2023382605974547,0.1046813259429056,1960.4720327068867,0.005,0.9802041709947026
SGP,Singapore,72,1950,2023,-0.755862060488285,-0.1798312476250268,0.0525765515314276,1966.6964106768276,0.005,0.954969150678341
SLB,Solomon Islands,74,1950,2023,-0.7850105429222122,-1.1505851233381707e-11,0.2360224855006413,2038.5804910541128,7.892894513508795,0.9303878941818916
SLE,Sierra Leone,56,1967,2023,-0.8428275080832907,-0.217668822870472,0.4378196779741566,2003.990555090008,5.380442636546971,0.9765530167451656
SLV,El Salvador,74,1950,2023,-0.9088030605475022,-0.3095297998953992,0.4218091891476023,1994.24242851636,7.303591668614669,0.977307014882664
SOM,Somalia,74,1950,2023,-0.906037663120561,-0.0072377343231728,0.2379064617779614,2039.9264161678848,4.424348584456998,0.7087574712157169
SRB,Serbia,74,1950,2023,-0.7952821495620263,-0.0208149138113511,0.0309062252889892,1964.5662513202176,0.2355871216144459,0.9233036900705288
SSD,South Sudan,74,1950,2023,-0.8792218086159415,-3.4576741577458436e-20,0.0553103078956916,2031.727550813256,1.197943292378297,0.8611297018341807
STP,Sao Tome and Principe,74,1950,2023,-0.7466982354976593,-0.1900029842743798,0.1320693281205854,1974.516122051136,0.005,0.9700596955419604
SUR,Suriname,74,1950,2023,-0.6399256979617318,-0.1531818909598173,0.4512412928601189,1995.384714408815,18.528180313697703,0.9733532079747323
SVK,Slovakia,74,1950,2023,-1.236825076045832,-7.005361872599877e-23,0.1101452056894725,2008.1971870436037,19.999999999983384,0.8917054368633264
SVN,Slovenia,74,1950,2023,-0.812847982103288,-4.588514831781588e-23,0.0446735571652693,1967.8229481679907,0.6865744144259185,0.9816691736227224
SWE,Sweden,74,1950,2023,-0.9739999999999976,-0.0439587989996983,0.0628300676242968,1931.302172435028,5.353754201752987,0.9749909271804122
SWZ,Eswatini,74,1950,2023,-0.7200092277347091,-0.6566999605510048,0.9449694734777252,1974.106785290381,0.0050069876321545,0.5703107397721805
SYC,Seychelles,67,1950,2023,-0.5992914230139701,-0.1175445770333954,0.0728780872326566,1977.801679765832,0.005,0.9840843358137418
SYR,Syria,74,1950,2023,-0.9437747453600072,-0.6186730657104978,0.2040596360320215,1948.029949662668,8.091415873364856,0.9542244954309752
TCD,Chad,74,1950,2023,-0.8595639012253545,-0.3976109248282516,0.1096423744965587,2000.1779381233628,3.495313851070104,0.9131333996848526
TGO,Togo,73,1950,2023,-0.8546592625006325,-0.116726975662499,0.039879193558566,1977.792309352108,0.0050000000042679,0.9782226837407592
THA,Thailand,74,1950,2023,-0.8518195320107328,-0.2611617624506797,0.2652039124111617,1984.2136372953137,8.21362733341728,0.9850586273011734
TJK,Tajikistan,74,1950,2023,-0.791765300438303,-0.5435138124088479,0.4293796522021163,1954.57097068157,10.673385710483714,0.879255215572746
TKM,Turkmenistan,74,1950,2023,-0.7517116687552443,-0.5852411254951634,0.6641554566850627,1951.84531475351,8.149773518987327,0.5929374694727394
TLS,East Timor,72,1950,2023,-0.9033034666076112,-0.2452977181367626,0.9225631288043628,2001.944650582224,5.811201426616437,0.9740876230486152
TTO,Trinidad and Tobago,62,1962,2023,-1.3296731432228697,-0.1058452239427197,0.1970129725191731,1984.0408588686807,19.99999999998348,0.9914276365819968
TUN,Tunisia,74,1950,2023,-0.9118939055316836,-0.1233176608118896,0.0412248038774247,1967.6020455689925,0.0050000000000005,0.973068547045875
TUR,Turkey,74,1950,2023,-0.9311226899283768,-0.4125651494348228,0.0367134791245504,1922.0772932435832,0.0050000000000103,0.9743219713400454
TWN,Taiwan,74,1950,2023,-0.9477811001270212,-0.1043757582507799,0.30218660872999,1994.762764211428,12.029434381830749,0.991402781146982
TZA,Tanzania,59,1965,2023,-0.8859482553102331,-0.0734999952128301,0.0304926774025783,1951.656310564858,0.0050000000000047,0.9869672463390904
UGA,Uganda,74,1950,2023,-0.8376859837311105,-0.2182196759973994,0.5772001711228691,1992.8829815038484,11.484432126615449,0.9636294174700956
UKR,Ukraine,74,1950,2023,-0.620901860750495,-0.1487126350635376,0.2584518809011562,1995.0377425892664,4.197965757603106,0.9500560451258584
URY,Uruguay,74,1950,2023,-1.2714900639512947,-0.027454103790752,0.1130033595496662,2001.3617731713407,19.99999999999681,0.8355442431521457
USA,United States,74,1950,2023,-0.7427034201679508,-0.1072477222141739,0.2251306005828001,1978.767446274164,7.46666086911403,0.9928296916429614
UZB,Uzbekistan,74,1950,2023,-0.9390729200192646,-0.4939248544286763,0.0552197969019219,1927.749563081064,0.005,0.9534254893627482
VEN,Venezuela,74,1950,2023,-0.8866967201412288,-0.2068324697206681,0.1906050513873513,1964.971792347468,5.38069430712,0.9649568259358388
VNM,Vietnam,48,1976,2023,-0.4577835832615633,-0.2590441716924637,0.1394850709565611,1993.4846317058157,0.0050000000000011,0.962764900730268
VUT,Vanuatu,74,1950,2023,-0.5096525716186309,-0.3337970961415847,1.730772306844471,1979.532916807224,0.005,0.9814460705553216
YEM,Yemen,33,1991,2023,-0.9809971097022496,-0.7787645295243972,0.2987876428710158,1931.955057542544,19.999999963349048,0.8795012673707234
ZAF,South Africa,74,1950,2023,-0.817215847523605,-0.1319782839823522,2.0,1993.2460465978536,0.0050000000035365,0.9862115356417804
ZMB,Zambia,74,1950,2023,-0.8644286717375731,-0.2218836118024919,0.0607299623491829,1969.8724041277253,0.005,0.975783022410916
ZWE,Zimbabwe,74,1950,2023,-0.8927427143710659,-0.2908072702477656,2.0,1979.539063259228,0.0050000000001258,0.9842830666710616
