ipu_country,wpei_country,ipu_r2,wpei_r2,ipu_tmid,wpei_tmid,ipu_n,wpei_n
Albania,Albania,0.9774620228982795,0.9723053220794644,2017.2277141959096,2014.8019804618175,27,114
Algeria,Algeria,0.49564707597762403,0.9530524312982346,2010.1771931123556,1981.7092068822503,29,126
Angola,Angola,0.8669485027008532,0.9785589684961868,2006.942287998792,1990.5589188213064,29,126
Argentina,Argentina,0.8103724063780666,0.9240432157882532,1986.2334499914573,1995.4589642249412,26,190
Armenia,Armenia,0.9755823636209651,0.9371850537770188,2020.3438477320674,2021.7889640780568,29,96
Australia,Australia,0.8432659787004945,0.991195502249112,2030.2756154849487,1980.3785710601103,28,160
Austria,Austria,0.6913000609172711,0.9801388743749504,2017.3920362511049,1982.6293540177032,27,170
Azerbaijan,Azerbaijan,0.8917916423356342,0.9790786502609828,2011.4715419172883,1974.4961412548537,28,201
Bahrain,Bahrain,0.9155978490440784,0.942165743415796,2020.706826671208,2070.233651065859,23,126
Bangladesh,Bangladesh,0.7911051556131563,0.9647736952905868,2006.523477774712,1975.161331208613,25,220
Barbados,Barbados,0.9082515813019432,0.9943214741507316,2018.4608670844393,1952.4897833213613,29,111
Belarus,Belarus,0.7219063590801802,0.9697970334138452,2000.5248827744597,1992.8448522716835,25,219
Belgium,Belgium,0.9397157752265233,0.9763222787732032,1996.1432040052864,1961.053485389179,29,135
Benin,Benin,0.8755167088325193,0.9511565517675744,2022.43377600746,1972.426259640382,29,126
Bhutan,Bhutan,0.34287719115355864,0.9713172671869018,2016.6432555018898,1995.1779100299923,29,126
Bolivia,Bolivia,0.9240104966581818,0.973933523257102,2012.872042847523,1993.4155610725877,27,127
Bosnia and Herzegovina,Bosnia and Herzegovina,0.6047330227629146,0.9684618430276036,2008.9626654457504,1959.7348252853128,24,195
Botswana,Botswana,0.42330256574178016,0.9742655787805344,2004.2747090128564,1967.745717599932,28,126
Brazil,Brazil,0.9414899238554925,0.9493824686065973,2020.0521666169452,1993.0119965409665,29,161
Bulgaria,Bulgaria,0.7029699493986776,0.9603983676279136,1999.802197016669,1910.990549599843,29,214
Burkina Faso,Burkina Faso,0.29409147096139987,0.8922698186814565,2001.8809437499049,1991.9805535289152,28,92
Burundi,Burundi,0.9272374656912965,0.9790013730433524,1997.9920961691148,1997.53856584734,28,110
Cambodia,Cambodia,0.8304027534682759,0.8982207390023966,2006.1412208195484,1999.878504401288,29,126
Cameroon,Cameroon,0.9580403026446903,0.977670078482314,2012.7825493394348,1987.3827124777156,29,65
Canada,Canada,0.9801562149138273,0.9890644642977828,2014.3689040354188,1969.0256786752027,28,126
Central African Republic,Central African Republic,0.6303718496221014,0.9871222891887792,1996.5204137573544,1965.7117379902827,24,104
Chad,Chad,0.888998400584564,0.9131333996848526,2033.999384349554,2000.1779381233628,28,106
Chile,Chile,0.9405322935679038,0.8775703401014017,2020.1818285522866,1990.674334863988,28,143
China,China,0.9186547136548111,0.9841458922258568,2014.5852569693882,1953.8219140639524,28,237
Colombia,Colombia,0.8618030492928049,0.9614940149461024,2023.104748394938,1993.465270724028,28,158
Comoros,Comoros,0.9435482971792745,0.916286090990832,2019.1424640817677,1976.6254565529164,24,94
"Congo, Dem. Rep.",Democratic Republic of Congo,0.6897207960064493,0.972513729987426,2019.1009439705156,1999.4783266962645,21,126
"Congo, Rep.",Congo,0.6143251154253371,0.8834268925567518,2019.1570190670002,2091.005125661531,27,123
Costa Rica,Costa Rica,0.7840929011828455,0.965733917001896,1994.3888835147438,1960.519586060959,29,126
Cote d'Ivoire,Cote d'Ivoire,0.8818871320233073,0.9601987749876624,2020.2299690765174,1968.195776957799,28,126
Croatia,Croatia,0.514341810938585,0.9209541587232049,2046.085779905772,1961.941814590744,28,85
Cuba,Cuba,0.9760773823343172,0.9532155696942914,2004.1762396020865,1937.0044329365332,29,233
Cyprus,Cyprus,0.6427891587210163,0.9892498564756996,2000.6037743005054,1969.4319571897847,29,126
Czechia,Czechia,0.8625513727767576,0.8678021534499711,2037.8026929381008,2000.6154517286736,29,177
Denmark,Denmark,0.6071657486230381,0.983536154875377,2059.8080641721162,1905.3116833363213,28,185
Djibouti,Djibouti,0.8276651736202656,0.980710921804098,2010.7050186947938,1990.922663460355,28,126
Dominica,Dominican Republic,0.8945493057173417,0.9695289771961946,2017.472019614086,1991.8969660870105,28,160
Dominican Republic,Dominican Republic,0.9193320464506105,0.9695289771961946,2036.786303183547,1991.8969660870105,29,160
Ecuador,Ecuador,0.9329193775463721,0.9845306277789828,2008.9689847163509,1989.1121369366467,28,126
"Egypt, Arab Rep.",Egypt,0.9412600516630782,0.9241842291533596,2018.8491352765539,2098.103214015138,26,205
El Salvador,El Salvador,0.9133649162086235,0.977307014882664,2011.7654701547513,1994.24242851636,29,126
Equatorial Guinea,Equatorial Guinea,0.7497040220000494,0.9724633282033014,2022.289044393508,1978.69361165327,28,126
Eritrea,Eritrea,0.5773542449372691,0.2508625722526768,2001.6727215556607,1939.9813228881676,23,126
Estonia,Estonia,0.8463178607846263,0.8628012788727869,1993.9707939900181,2005.5560757820915,29,230
Eswatini,Eswatini,0.5295653867331969,0.5703107397721805,2022.3470419431972,1974.106785290381,29,126
Ethiopia,Ethiopia,0.9641784807375401,0.982842717839671,2005.4424536539,1992.683168450384,29,237
Fiji,Fiji,0.628095237146861,0.9091572717425556,2005.5462360461738,1970.6845299060476,20,124
Finland,Finland,0.9070110110087765,0.9726814854362142,1970.4997272216224,1935.1777491297632,29,126
France,France,0.9596558862922989,0.9022491901157078,2015.557349086429,1947.246194959673,29,127
Gabon,Gabon,0.7575106265176113,0.9829835241489752,2062.7056822773566,1978.5416409290488,28,116
"Gambia, The",Gambia,0.6862240854997491,0.932014367320209,2001.2197733253415,1973.4051707128297,28,126
Georgia,Georgia,0.8934175623632002,0.9810500774490392,2014.0656370666472,1999.9260615398389,28,213
Germany,Germany,0.5375915800923898,0.9021699321627932,1990.745389540722,1985.78764304171,29,139
Ghana,Ghana,0.8607089938044206,0.9351314111954192,2015.7045044795925,1997.3506618017925,27,124
Greece,Greece,0.9553095046547582,0.95305191391764,2004.2516857109003,1981.2149681017409,29,169
Guatemala,Guatemala,0.8445103114348779,0.9485703180540104,2019.3040624438934,1997.0488953226013,29,161
Guinea,Guinea,0.8010496847407972,0.8518299850261661,1994.7468919899027,1961.1589534748955,21,126
Guinea-Bissau,Guinea-Bissau,0.4344690208044226,0.971999790242043,2002.5350179058137,1973.462926465863,26,126
Guyana,Guyana,0.8385933792715674,0.9758875156171632,1993.809398850207,1963.074504810077,27,116
Haiti,Haiti,0.1775532976856038,0.7948093761641337,2014.7037438694592,1992.2876588235456,22,198
Honduras,Honduras,0.7891031659607539,0.9549233492481062,2004.373941118357,1991.7656660992136,26,127
Hungary,Hungary,0.8071958228234355,0.9400798256459276,2019.0951355646769,1990.155878838394,29,185
Iceland,Iceland,0.6985763515501997,0.9705755725839214,1982.4081050245584,1988.3444037325944,29,103
India,India,0.932209899677246,0.959867399296042,2017.9908432757252,1962.5082637341543,29,237
Indonesia,Indonesia,0.8932737655351638,0.9504499801925356,2007.511728168022,1988.0667843116696,28,226
"Iran, Islamic Rep.",Iran,0.5997114308160272,0.9157709761883038,2015.3099529349176,1947.0169590470464,29,237
Iraq,Iraq,0.9771355436987449,0.910465516078344,2003.2301625882017,2048.3829275172657,26,235
Ireland,Ireland,0.9621954347822392,0.9700011637223748,2015.7369377713064,1989.5264399421208,29,126
Israel,Israel,0.9248875750298003,0.9952363343995304,2012.644801845396,1934.684331467376,29,207
Italy,Italy,0.9595872568863629,0.9759641387406576,2011.8647836615874,1967.2274605915436,29,159
Jamaica,Jamaica,0.950028259744033,0.9937858399000752,2019.1344962602736,1968.8141401769776,28,104
Japan,Japan,0.614793566178135,0.965231885456464,1988.6950723227342,1952.471914061728,29,227
Jordan,Jordan,0.8965527105987366,0.9870290127449928,2005.4248891411696,1985.9414742156573,29,104
Kazakhstan,Kazakhstan,0.8436416515609935,0.9783848197730416,2010.411958999025,1992.016516925231,29,225
Kenya,Kenya,0.9704621191764453,0.9822037667174364,2013.72210795681,1984.681629378444,29,126
"Korea, Dem. People's Rep.",North Korea,0.7910867848616651,0.9828303476740816,2007.7802693513142,1914.1254512150565,28,203
"Korea, Rep.",South Korea,0.9447691160054029,0.9761081520155992,2000.4197555986477,1972.9045461693047,29,237
Kuwait,Kuwait,0.5530451304708852,0.9694578596828568,2006.3799111505043,1969.961824507264,27,237
Kyrgyz Republic,Kyrgyzstan,0.7364508731503243,0.9654759176076328,2006.2483999587143,2004.5746690857288,29,138
Lao PDR,Laos,0.37772468881438737,0.9435813462465212,2004.1735154413473,1995.7409399189528,28,230
Latvia,Latvia,0.6883840079163002,0.9276457339241272,2043.9492802663651,1997.9932096057996,29,218
Lebanon,Lebanon,0.6814034326189978,0.8887420587639,2020.9729904412288,2113.503322471286,29,108
Lesotho,Lesotho,0.9487383469263057,0.9762785833232476,2005.9664202367703,2000.429340754444,28,126
Liberia,Liberia,0.6055996865619349,0.9619434714492628,2004.2958824259024,2004.73136660279,26,152
Libya,Libya,0.9597042254330235,0.8566255408451726,2010.435819178668,2044.6048946600451,20,106
Lithuania,Lithuania,0.6239955915883052,0.925178814782766,2050.1653282782513,1999.504414298258,29,225
Luxembourg,Luxembourg,0.770556615757801,0.8982036627170631,2041.4856428921382,1945.35523383359,29,86
Madagascar,Madagascar,0.9078241092743979,0.8810190246448261,2010.385510055033,1972.052604415308,26,209
Malawi,Malawi,0.833121847093123,0.9778412839782176,2007.6046679797093,1999.319887222593,29,126
Malaysia,Malaysia,0.8298361403540822,0.8717117423716196,2016.9518101691938,1977.8737376549063,28,126
Maldives,Maldives,0.40049967239663664,0.9516652988676252,2014.1402296191532,1971.9531696349848,28,100
Mali,Mali,0.942144599037627,0.9594886405364492,2019.4202664953739,1959.4562986919416,28,125
Malta,Malta,0.8822418527142989,0.9769974067584942,2022.2712531823593,1967.069254075261,29,105
Mauritania,Mauritania,0.9614996764522193,0.9540720530371284,2004.8487201642272,2006.955671325864,25,122
Mauritius,Mauritius,0.7481736404972879,0.9819736257691128,2004.269174940916,1973.12186116996,29,126
Mexico,Mexico,0.9787883592144885,0.994870097299586,2014.1480097567132,1994.879222173677,29,161
Moldova,Moldova,0.8209023547402283,0.9842816205324284,2023.0649742275648,1998.2324695530128,28,211
Mongolia,Mongolia,0.7829886236085246,0.9397031300553378,2012.9130668143239,1995.879883843257,29,115
Montenegro,Montenegro,0.9114064321150668,0.99798537049752,2015.219846741568,1992.2967775927111,20,31
Morocco,Morocco,0.9323848260070524,0.985002600139082,2001.5356689632142,2003.843736817171,29,237
Mozambique,Mozambique,0.9330774272169686,0.986993319287441,2000.1415656998183,1992.173824732036,27,126
Myanmar,Myanmar,0.8241830406385681,0.4769182693320049,2033.3869035953435,2009.6316351152248,12,237
Namibia,Namibia,0.9631951027388951,0.9889490454759244,2013.8289942862993,1989.2344590335708,28,126
Nepal,Nepal,0.9732605121651209,0.9799369288958272,2006.6108521111562,2005.9809905374411,27,237
Netherlands,Netherlands,0.2680603453627811,0.9847825582485304,2003.6531835627125,1972.402818115147,29,150
New Zealand,New Zealand,0.8972916154684323,0.995121390445886,2018.1426803432128,1986.51512735772,29,126
Nicaragua,Nicaragua,0.9369036311324814,0.9691000130416072,2011.3169067804981,1984.8191907374933,28,126
Niger,Niger,0.8186382008176777,0.974139942453266,2001.7104132948164,1993.2272191740096,25,104
Nigeria,Nigeria,0.2325663224895258,0.9848550678076324,2020.3456026542478,1997.8027109684856,26,66
North America,North America,0.9875426623084582,0.9932890458046568,2019.505212650586,1989.8396714389417,28,185
North Macedonia,North Macedonia,0.9654189260959101,0.9787892861407252,2001.6393016832103,1957.5085516284375,29,235
Norway,Norway,0.8093229692714686,0.9652361426032132,2018.4217490678345,1965.7252523150469,29,151
Oman,Oman,0.19593862825848507,0.9753209727990284,2022.7115915177515,1971.5258040970184,22,114
Pakistan,Pakistan,0.929628144918818,0.9233846816584056,1999.072886140324,2001.872355848456,26,170
Panama,Panama,0.6971368183119461,0.9492271084306888,2014.0264610196318,1989.380068873424,28,123
Papua New Guinea,Papua New Guinea,0.1936796185179135,0.9890764761238848,2022.3518602309216,1974.3155550257488,28,126
Paraguay,Paraguay,0.8809628782159218,0.954783688472452,2001.098867653793,1989.2902542792444,28,159
Peru,Peru,0.7470426751475785,0.9496798332950848,2041.5207048481827,2001.1943262302184,28,129
Philippines,Philippines,0.9432869116265743,0.8914598242800937,2011.7385031041294,1990.644215067356,29,123
Poland,Poland,0.9190798650359253,0.9389598914687948,1991.011073171411,1911.7939802253088,29,142
Portugal,Portugal,0.9458091258406738,0.9553858484430152,2011.9829163034046,1973.461043538822,29,157
Qatar,Qatar,0.7092223157930531,0.9801190211454924,2015.6990588620456,1982.0045433875985,20,91
Romania,Romania,0.8953135026862792,0.9562202712136872,2016.2473869654705,1975.5701224425447,28,128
Russian Federation,Russia,0.8502344754883546,0.971743546269128,2006.1995525937289,1987.8785004423423,28,225
Rwanda,Rwanda,0.9574309517917198,0.9592820571897832,2001.7474409010308,1998.785939882404,29,110
Sao Tome and Principe,Sao Tome and Principe,0.7451063898099579,0.9700596955419604,2009.1384877542282,1974.516122051136,28,126
Saudi Arabia,Saudi Arabia,0.9584767679211242,0.9639332967313412,2012.173783184984,2017.7105168638043,23,166
Senegal,Senegal,0.9438709162468507,0.9802041709947026,2011.4583573585844,1960.4720327068867,29,122
Serbia,Serbia,0.9152867416196953,0.9233036900705288,2009.8822840933676,1964.5662513202176,20,195
Seychelles,Seychelles,0.20799111046997731,0.9840843358137418,2015.9148272064933,1977.801679765832,29,116
Sierra Leone,Sierra Leone,0.8724528950812427,0.9765530167451656,2022.4849347428922,2003.990555090008,26,82
Singapore,Singapore,0.9139148567913836,0.954969150678341,2001.2881316092707,1966.6964106768276,29,124
Slovak Republic,Slovakia,0.749512086240294,0.8917054368633264,2048.559028471225,2008.1971870436037,29,185
Slovenia,Slovenia,0.8850838184651807,0.9816691736227224,2009.9979609130417,1967.8229481679907,28,161
Solomon Islands,Solomon Islands,0.8797635631241375,0.9303878941818916,2018.9859402530776,2038.5804910541128,27,126
South Africa,South Africa,0.9072454856944431,0.9862115356417804,2008.284847308417,1993.2460465978536,29,123
South Sudan,South Sudan,0.9187856059263986,0.8611297018341807,2020.2984238202907,2031.727550813256,15,173
Spain,Spain,0.9108140123728612,0.9774026869256182,1989.1371624495755,1976.8734786834725,29,149
Sri Lanka,Sri Lanka,0.81550141771722,0.9107976595237772,2023.5837400045061,1946.4635383800955,27,126
Sudan,Sudan,0.9646586626803535,0.7135955467704675,2006.248740341206,1970.2561114989617,20,173
Suriname,Suriname,0.5744245997123653,0.9733532079747323,2015.2906211102868,1995.384714408815,28,126
Sweden,Sweden,0.6510204717351715,0.9749909271804122,2000.1115437049527,1931.302172435028,29,126
Switzerland,Switzerland,0.9334080373964773,0.968864603623885,2017.9087353188606,1969.5798460811309,29,171
Syrian Arab Republic,Syria,0.6223046857247819,0.9542244954309752,2024.5646941229325,1948.029949662668,29,233
Tajikistan,Tajikistan,0.8258316516260839,0.879255215572746,1995.8005112486317,1954.57097068157,29,146
Tanzania,Tanzania,0.9617868990715173,0.9869672463390904,2003.8762492204903,1951.656310564858,27,73
Thailand,Thailand,0.5081025476356985,0.9850586273011734,2018.9477134825356,1984.2136372953137,29,237
Togo,Togo,0.9522126390928874,0.9782226837407592,2012.155086720027,1977.792309352108,28,109
Trinidad and Tobago,Trinidad and Tobago,0.901831862844525,0.9914276365819968,2006.1063053274024,1984.0408588686807,28,110
Tunisia,Tunisia,0.6909794230715668,0.973068547045875,2003.7023524111942,1967.6020455689925,29,237
Turkiye,Turkey,0.965938383377124,0.9743219713400454,2008.7649117178485,1922.0772932435832,28,235
Turkmenistan,Turkmenistan,0.4443579329099402,0.5929374694727394,2013.48566394904,1951.84531475351,26,118
Uganda,Uganda,0.9544628164131089,0.9636294174700956,2006.4648651630646,1992.8829815038484,29,126
Ukraine,Ukraine,0.9405883461165233,0.9500560451258584,2018.4529620965832,1995.0377425892664,27,80
United Arab Emirates,United Arab Emirates,0.8877090507320201,0.965756219564071,2019.3716548153038,2018.252149393506,29,55
United Kingdom,United Kingdom,0.9700290666681234,0.9793791761731476,2016.3633754256925,1964.839559409609,29,126
United States,United States,0.9680007111074422,0.9928296916429614,2019.8920313334586,1978.767446274164,28,126
Uruguay,Uruguay,0.9403098163443544,0.8355442431521457,2024.6770266473777,2001.3617731713407,29,131
Uzbekistan,Uzbekistan,0.7427979173825806,0.9534254893627482,2037.0018703258104,1927.749563081064,28,225
Vanuatu,Vanuatu,0.35349345533750376,0.9814460705553216,2010.9080857690858,1979.532916807224,27,120
"Venezuela, RB",Venezuela,0.776412255912075,0.9649568259358388,2051.8410192027186,1964.971792347468,25,157
Viet Nam,Vietnam,0.7594791736658869,0.962764900730268,2020.3993701737534,1993.4846317058157,29,50
World,World,0.9975552224789438,0.9937553238564996,2012.1005290813966,1994.7039073058777,29,237
Zambia,Zambia,0.5286291411602821,0.975783022410916,1981.7952563540234,1969.8724041277253,29,115
Zimbabwe,Zimbabwe,0.9239889584545573,0.9842830666710616,2012.009745724605,1979.539063259228,29,126
