code,bp_year,n,k_A,k_B,ratio,is_pw_winner
CIV,1959.0,126,0.006242238007821853,2.959155320922481e-05,210.94661586996085,0
COG,1959.0,123,0.0027616729188283174,1.950998185117969e-05,141.5517933278513,0
NPL,1949.0,237,0.00982932856617067,7.790142627099064e-05,126.17649042750541,0
DJI,1977.0,126,0.009823367346938776,8.205718332300558e-05,119.71367952359014,0
MOZ,1975.0,126,0.009524705882352944,0.00011893369788106629,80.0841649763354,0
SAU,2003.0,166,0.013430830039525691,0.0001731992826133702,77.54552927050572,1
KEN,1963.0,126,0.01042410714285715,0.00016119505494505493,64.66766084363022,1
ETH,1991.0,237,0.009984593837535017,0.00016534452633904352,60.38660038289584,0
SGP,1958.0,124,0.005766941063707166,9.625949736995932e-05,59.910359198560634,0
IDN,1945.0,226,0.00683211382113821,0.00011860835028390126,57.60230038428866,1
IRN,1924.0,237,0.002554466754499551,5.216354181575308e-05,48.97034721151004,0
LBR,1970.0,152,0.011190943267259055,0.0002299064099999107,48.67608200773263,0
GTM,1985.0,161,0.0116787456445993,0.0002711845605833061,43.06567313227136,0
AFG,2005.0,237,0.020454545454545454,0.0005666840475955605,36.0951495658543,0
BEN,1959.0,126,0.006301819778114773,0.00017960544595721048,35.08701946385373,0
TGO,1956.0,109,0.008433280591543557,0.0002473867595818814,34.089458165816936,0
PRK,1896.0,203,0.001482926582376108,4.513799575104544e-05,32.853177410779516,0
NAM,1989.0,126,0.007874822190611665,0.0002421204263900895,32.524402455512934,0
CUB,1887.0,233,0.0036426765248846406,0.00011230674087816957,32.43506575296507,1
OWID_TUS,1814.0,67,0.004981062469257252,0.0001701042118975228,29.282417017739878,0
TUN,1956.0,237,0.007398460327180472,0.000257647005228765,28.715491261431012,0
KWT,1960.0,237,0.0025215739484396207,9.66869721689626e-05,26.07976950641411,1
OWID_YPR,1949.0,91,0.004431164411311887,0.0001751740696278513,25.295778197798782,0
EGY,2013.0,205,0.026318681318681324,0.0012009866297641673,21.91421675014768,0
LUX,1946.0,86,0.046214285714285715,0.002291807313642756,20.16499617536762,0
TWN,1944.0,232,0.009393508995330917,0.000475921390232237,19.737522179339603,0
FRA,1945.0,127,0.0026927506775067753,0.00013908596985472645,19.36033289568545,0
DZA,1962.0,126,0.007672481684981685,0.0004180107526881722,18.354747182078363,1
FJI,1969.0,124,0.0030035942200984816,0.00016803429271279865,17.874888343370326,0
MAR,1955.0,237,0.009165090543259558,0.0005459459738011067,16.78754122765724,0
SWE,1982.0,126,0.005522774022920954,0.00036525722339675613,15.120232179287823,0
STP,1974.0,126,0.005412959959019892,0.00036230440967283107,14.940364551201338,0
MRT,1959.0,122,0.006476933514246945,0.00043851674641148363,14.770093884098312,0
AUT,1860.0,170,0.005720935592860478,0.0003954523132784716,14.466815342237942,0
MMR,1962.0,237,0.006038919413919413,0.0004564879410005981,13.229088594722596,0
LAO,1940.0,230,0.004792641162318979,0.00037628152151360916,12.736849641301456,1
MLI,1958.0,125,0.004559966472097109,0.00035891291642314475,12.704938338638895,0
OWID_GDR,1985.0,42,0.03614285714285714,0.002884068278805123,12.531900651752677,1
CPV,1975.0,126,0.0072987330316742075,0.0005950102529049901,12.26656682979823,0
ERI,1993.0,126,0.006940842245989305,0.0005778130982913705,12.012261865495624,1
SLB,2013.0,126,0.02416483516483517,0.0020565764160304575,11.750030281625719,1
AGO,1974.0,126,0.009575983949457866,0.0008448364153627321,11.33471968694247,1
SVN,1945.0,161,0.007402213188798553,0.0006650854488617084,11.129717544516147,0
OMN,1970.0,114,0.00273207013184234,0.0002489604292421195,10.973913164269739,0
OWID_AFR,1959.0,126,0.007403815895921459,0.0006907273628785769,10.718868679338792,0
CAN,1994.0,126,0.006099818029115339,0.0006059384164222879,10.066729330566625,1
MEX,1948.0,161,0.0075875390432352426,0.0007773032062417942,9.76136336799697,0
PER,1935.0,129,0.0067310240484153554,0.0007150192382098799,9.413766355807612,0
BTN,1952.0,126,0.006040607182524993,0.0006509433962264147,9.279773352864488,1
GNB,1973.0,126,0.0054704079987098865,0.0005895742317660116,9.278573763856365,0
ZWE,1980.0,126,0.004376441566450816,0.00047755194218608853,9.1643257619617,0
MKD,1908.0,235,0.006348942184435705,0.0007060388448193229,8.992341187771922,0
QAT,1970.0,91,0.003535271807838183,0.0003983232729711591,8.875383508144042,0
KOR,1945.0,237,0.00747940379403794,0.0008668529326031545,8.628226903008025,0
MDA,1946.0,211,0.007893624003750585,0.0009264179173338144,8.520586504272337,0
BWA,1965.0,126,0.005974722369116869,0.000705458720384094,8.469272824161663,0
CRI,1949.0,126,0.005593327724906674,0.0006654501800720292,8.405329042515618,0
ROU,1946.0,128,0.006127297233942802,0.0007527396948533687,8.139994842621366,1
HTI,1990.0,198,0.0007019455365298037,8.687258687258768e-05,8.080173064942999,1
OWID_EUR,1899.0,237,0.005214479794068711,0.0006613331907686905,7.8847997754471395,0
PAK,1987.0,170,0.006307085020242915,0.0008117873757096171,7.769380516332407,1
CYP,1960.0,126,0.008027888529381069,0.001058223162347963,7.586196196621666,0
POL,1989.0,142,0.00406983320412452,0.0005393551446183035,7.545739101097668,1
SSD,1945.0,173,0.004068202348690154,0.0005726804748543813,7.103790904910105,0
GIN,1958.0,126,0.0029063251517349314,0.0004101694915254239,7.08566875836202,1
OWID_WRL,1937.0,237,0.006233995453013276,0.000888144220529657,7.019125170116569,0
SOM,1992.0,126,0.010027807486631016,0.0014749336038912602,6.798819594438041,1
GMB,1965.0,126,0.005607403490216816,0.000826469053334725,6.78477127194475,1
ESP,1977.0,149,0.004981224489795916,0.0007440361333807061,6.694869061214179,0
PRY,1990.0,159,0.00543191763191763,0.0008165482040089857,6.652292669616667,0
CHL,1990.0,143,0.008529086229086229,0.0012973721215369766,6.57412479233942,1
COL,1949.0,158,0.006860008412639992,0.0010435923327277296,6.573456126023254,0
ZMB,1964.0,115,0.006839666591120848,0.0010545073375262059,6.486125176868078,0
GEO,1930.0,213,0.007192391376539197,0.00111672697974846,6.440599633546299,0
KAZ,1929.0,225,0.006416368469693983,0.0009993749732437173,6.420381379841923,0
BLR,1929.0,219,0.006837716119251101,0.0010653253341137447,6.418430032868287,0
BHR,2016.0,126,0.018654545454545455,0.002953288675088792,6.316533027027775,1
TZA,2002.0,73,0.007521799432800667,0.0012256521739130418,6.13697718887604,1
SRB,1946.0,195,0.005803984997655883,0.0009469955382537321,6.128840911287165,1
MYS,1955.0,126,0.0026496646545942325,0.0004353725222146273,6.08597125311463,1
HKG,1979.0,126,0.0031246249413970934,0.0005174606845513427,6.038381339263016,0
GAB,1959.0,116,0.00917160188362998,0.001530900360144059,5.990985515717642,1
MNE,1917.0,31,0.006622187924081118,0.001121794871794871,5.9032075208951715,0
SEN,1959.0,122,0.0045991699257722065,0.0007820232399179773,5.881116686832212,0
BGR,1875.0,214,0.00431563171756586,0.0007499999999999987,5.754175623421157,1
OWID_RVN,1948.0,168,0.003282852543628787,0.0005709827803761267,5.749477316051904,1
HRV,1949.0,85,0.03778333333333334,0.006876807403123192,5.494313148303898,1
SYR,1946.0,233,0.0011948806373672718,0.00021772151898734172,5.4881145553496795,0
DOM,1962.0,160,0.007073717948717946,0.0013003272998947863,5.43995188695208,1
ECU,1979.0,126,0.009413159111933394,0.0017398616971401777,5.41029159237534,0
SYC,1978.0,116,0.005545049934867563,0.0010391155884338708,5.33631676455256,0
MDV,1949.0,100,0.0032364324425539883,0.0006084993997599045,5.318710986125848,0
MLT,1947.0,105,0.004331218948348024,0.0008193247248816049,5.286327651071312,1
CHE,1970.0,171,0.003222795625427205,0.0006102174791728011,5.281388579356927,0
IRQ,2003.0,235,0.006764822134387352,0.001318150921041043,5.132054324283795,1
IND,1947.0,237,0.003316114897760468,0.0006752597325053732,4.910873162030406,0
JOR,1979.0,104,0.006928075855689177,0.0014191762281214413,4.881758669858674,0
VNM,2005.0,50,0.0062856507230255815,0.0012974025974025985,4.844795852582275,0
OWID_NAM,1944.0,185,0.006913306856259727,0.0014297644730609201,4.835276709218639,0
VUT,1980.0,120,0.0005956213382670361,0.00012805120910384067,4.651430802063168,0
CHN,1949.0,237,0.0033072716756927293,0.0007153036576949619,4.623591170147631,0
RUS,1946.0,225,0.004510384435067981,0.0009776919887045453,4.613297937568558,0
MDG,1959.0,209,0.006573629180301702,0.0014628599100430081,4.493683322081358,1
SLE,2001.0,82,0.009221538461538465,0.0021010355682309703,4.389044431695564,0
PHL,1986.0,123,0.004135766266542687,0.0009637898686679173,4.2911493479993235,0
BEL,1946.0,135,0.0046026605719643714,0.0010793402758488971,4.264327640645482,0
ISR,1919.0,207,0.0035513669413809916,0.0008552268917717183,4.152543582936049,0
ITA,1946.0,159,0.00659688232536334,0.001589194973363424,4.151084313714813,0
SDN,1952.0,173,0.002164250277674934,0.0005241977364040035,4.128690620683887,1
THA,1972.0,237,0.004288355250619401,0.0010765203906686444,3.983533695962631,0
MNG,1992.0,115,0.005662596184194774,0.0014912146676852565,3.7973045108150387,0
BOL,1982.0,127,0.009628259337561663,0.0026597647562620497,3.619966508276062,0
YEM,2014.0,162,0.001020172388330926,0.00028321678321677917,3.6020901612672716,1
OWID_ASI,1945.0,126,0.004595126348012648,0.0012788216299722485,3.5932504114059802,0
,1946.0,1289,0.0050770913881622685,0.0014186056118450784,3.578930849962493,0
OWID_ZAN,1919.0,86,0.005917838265050507,0.0016632326007326,3.5580340731921027,0
DEU,1933.0,139,0.011105814863363372,0.0032996634655046756,3.365741682285398,1
RWA,1997.0,110,0.005266475114550342,0.0015871921182266024,3.3181081572120372,0
KGZ,1929.0,138,0.005664716877290994,0.0017137793024585481,3.30539461479347,0
GUY,1957.0,116,0.003440894322112229,0.001055123196653237,3.2611303902960906,0
GNQ,1979.0,126,0.003974676225716928,0.0012244374120956392,3.2461244539353156,0
OWID_YAR,1962.0,73,0.0017059113300492612,0.0005357048748353102,3.1844237567815736,0
OWID_GFR,1968.0,42,0.005945652173913041,0.0018751879699248125,3.170696628429969,1
OWID_PMA,1848.0,60,0.007314685314685316,0.002359451219512194,3.100163823771527,1
ARE,2006.0,55,0.01482406015037594,0.004829601029601031,3.069417133945025,1
HND,1981.0,127,0.007459552042160736,0.002464169783171686,3.0272070102894397,0
TUR,1922.0,235,0.0026619385468900037,0.0008930692861873054,2.9806629654171193,0
LSO,1965.0,126,0.007157852987837121,0.0024490136728942714,2.9227492957921672,0
COD,1959.0,126,0.0052941974618884195,0.0018343706585162531,2.8861110688341896,1
BIH,1946.0,195,0.004989533520862634,0.0017303100907120326,2.8836065556373263,0
NLD,1957.0,150,0.00413397880891487,0.0014343799547112434,2.8820667741045543,0
NGA,1998.0,66,0.003477818759159745,0.0012230432402846204,2.8435779248086153,0
MUS,1968.0,126,0.004464794364637486,0.001589879430032882,2.808259721018685,0
OWID_SAM,1985.0,154,0.006054093979094076,0.002254522053278593,2.6853114922029846,0
FIN,1945.0,126,0.005259204440333026,0.001959010840108401,2.6846224291653282,0
TJK,1954.0,146,0.0017256873110251668,0.0006447199176795931,2.6766464998259645,0
AZE,1953.0,201,0.0035369616191534008,0.0013442160229343004,2.6312449478414472,0
CAF,1959.0,104,0.005988624459866441,0.002299343339587241,2.604493359804834,0
LBY,2011.0,106,0.004121428571428565,0.0016177619988150607,2.5476111903032272,1
MWI,1994.0,126,0.006826979472140764,0.0026980403135498324,2.53034746658713,0
OWID_SML,1991.0,95,0.0027997198879551833,0.0011129258736401876,2.515639140276059,0
HUN,1989.0,185,0.0023917147853313174,0.0009542437174016142,2.5063982520565156,1
GHA,1993.0,124,0.0033798144352141534,0.00135360962566845,2.4968900716446276,0
BGD,1971.0,220,0.001967821067821068,0.0007906760210581944,2.4887830355440044,0
JAM,1967.0,104,0.003766627703097604,0.0015250360578288058,2.4698614067264435,0
COM,1975.0,94,0.0033066063348416302,0.0013430827372114993,2.461952821839396,0
TLS,2000.0,124,0.004091435185185186,0.0016651053194014574,2.4571630019510735,0
NER,1988.0,104,0.006608053397527082,0.00276334903024982,2.391320577020877,0
TTO,1986.0,110,0.006995224608797159,0.0029901500938086297,2.339422567208713,0
PNG,1975.0,126,0.0009488448393711553,0.0004133031674208159,2.2957599025730744,0
CZE,1938.0,177,0.007821545560212743,0.003441430749877642,2.2727598283042116,1
OWID_OCE,1970.0,126,0.0033563669463431297,0.0014795529490274988,2.2685007309466343,0
PRT,1974.0,157,0.0025846922223170866,0.0011518317845193818,2.2439841104016645,0
OWID_KOS,2015.0,15,0.01641275167785234,0.007820346320346323,2.0987244049730913,0
ISL,1983.0,103,0.003226785967104042,0.0015489278163696777,2.0832384395206156,0
AUS,1966.0,160,0.004078966379549877,0.001990547958417831,2.0491675984496283,0
NIC,1980.0,126,0.0025924144310823303,0.0012720415537488706,2.037995082347861,0
CMR,2000.0,65,0.0091186679174484,0.004485128205128207,2.0330896911758947,0
PAN,1990.0,123,0.00253835263835264,0.0013564333767743307,1.8713433935022854,0
ALB,1982.0,114,0.011688372093023258,0.006254963112005366,1.8686556393257323,1
TCD,1991.0,106,0.004261064425770306,0.002308942697279567,1.8454613147354242,1
BFA,1992.0,92,0.004601463601212,0.0025084797555385775,1.8343634590042979,1
VEN,1958.0,157,0.0025818796045348705,0.0014420404911139875,1.7904348875393565,0
OWID_HAN,1803.0,28,0.001904257572548189,0.001074999999999998,1.771402393068086,0
ARG,1983.0,190,0.0037156448202959828,0.0021260886954316714,1.7476433736183217,1
SVK,1938.0,185,0.007194841675178753,0.004120349676086797,1.7461725923251932,1
IRL,1989.0,126,0.004377182368193604,0.0025640113798008554,1.7071618334757845,0
ARM,1989.0,96,0.006769084874348034,0.004005182599546434,1.6900814647288736,0
SWZ,1978.0,126,0.0009443660442900567,0.000564459591041869,1.6730445531928397,0
VAT,1805.0,75,4.0755467196819126e-05,2.594920594258449e-05,1.5705862941238025,0
OWID_DRV,1964.0,31,0.011947552447552443,0.007869924812030074,1.518127902478719,0
ZAF,1994.0,123,0.0016785243889186148,0.0011176686217008805,1.5018086365923182,0
JPN,1946.0,227,0.002915963431786218,0.0019482780902052165,1.4966874833967225,0
BRA,1986.0,161,0.0027198874296435276,0.0018362055617612042,1.481254324834272,0
BDI,1992.0,110,0.0035518716577540117,0.0024864346180135666,1.428499921945115,0
EST,1990.0,230,0.0032544401544401524,0.0023269266116781344,1.3986002558512636,1
KHM,1993.0,126,0.0027099664053751383,0.0019575534759358262,1.3843639209292171,0
BRB,1950.0,111,0.0023703439696868022,0.001735384615384616,1.3658896988443447,0
GBR,1965.0,126,0.0045077131823400484,0.0033047065044949763,1.364028296070702,0
OWID_HSG,1815.0,15,0.008285714285714294,0.006212121212121201,1.3337979094076693,0
LTU,1990.0,225,0.0028747747747747774,0.002231842659265008,1.28807233020696,0
LBN,1976.0,108,0.003019543817527011,0.002438690824079487,1.2381823016317675,1
UKR,1990.0,80,0.005072715572715573,0.004166271409749671,1.2175672379011826,0
LVA,1990.0,218,0.0025244146038841575,0.0021010891082988647,1.2014790776427546,0
TKM,1990.0,118,0.003466654561235133,0.0028864864864864863,1.2009945577312728,1
NZL,1981.0,126,0.002383452509223887,0.00203913043478261,1.1688573072952955,0
SUR,1991.0,126,0.002974847032350538,0.002580952380952381,1.1526160088443045,0
GRC,1975.0,169,0.002771221719457015,0.0024372721521675363,1.1370177585594978,0
NOR,1946.0,151,0.002663525550867324,0.002355104401241069,1.1309585891240008,0
OWID_SIC,1807.0,71,0.00020691338736451528,0.00018540118162759688,1.1160305751455701,0
UGA,1987.0,126,0.0028556408721073573,0.002586842105263157,1.1039100014250216,0
SLV,1992.0,126,0.0030398525857181224,0.0027683728036669198,1.0980647482490824,0
LKA,1983.0,126,0.00406584113560858,0.003754692720461678,1.082869208830661,1
DNK,1916.0,185,0.0024284996046815533,0.002247674864188625,1.0804496875299636,0
USA,1970.0,126,0.004199161636485582,0.004006766917293233,1.0480174472745025,0
URY,1985.0,131,0.0031411031639234513,0.0031196864111498264,1.0068650338370808,1
