entity,code,n_points,r2,v,collapse_r2,S_hat_std,t_hat_range
Afghanistan,AFG,59,0.5307043485223101,10.897194284356512,-1.500578174734461,0.2435723299247562,21.671677181920877
Angola,AGO,74,0.9785589684961868,0.0050000000000124,0.9589887456084075,0.24116206316341307,2.663792667497421
Albania,ALB,74,0.9723053220794644,19.99999999764417,0.9425003053261957,0.1367746363038497,15.13316515826405
United Arab Emirates,ARE,53,0.965756219564071,1.8436083910754144,0.9590399399133444,0.1966100784391038,6.031794631158816
Argentina,ARG,74,0.9240432157882532,12.327293275137452,0.6913317820873065,0.23810936515308315,11.663204938872045
Armenia,ARM,74,0.9371850537770188,19.99999943892025,0.891788748267621,0.15294451115399424,17.61710142583295
Australia,AUS,74,0.991195502249112,10.9557309831872,0.9705221978425544,0.18979837202350358,13.421103723221513
Austria,AUT,74,0.9801388743749504,19.99999999999996,0.9823574786354197,0.14531680648286602,17.73751480998098
Azerbaijan,AZE,74,0.9790786502609828,3.3810783372682485,0.8617020248667893,0.1576540802826892,4.284637638532797
Burundi,BDI,74,0.9790013730433524,13.204436982348083,0.9674564773561748,0.364880902976617,48.612670823498064
Belgium,BEL,74,0.9763222787732032,1.9419773088981205,0.9349907679926233,0.15579040958281853,5.029185779153721
Benin,BEN,74,0.9511565517675744,0.0050000000000002,0.8798392321934938,0.29114467560442003,3.3573556404608977
Burkina Faso,BFA,74,0.8922698186814565,19.99999761642192,0.8215815396375161,0.2341368487358307,27.108497915563206
Bangladesh,BGD,60,0.9647736952905868,5.189293419791224,0.8173317683849814,0.245146648892316,15.252598218990965
Bulgaria,BGR,74,0.9603983676279136,0.0050000000002356,0.6885898059276516,0.1359421747993396,1.2240412998992753
Bahrain,BHR,74,0.942165743415796,18.413848236788308,0.9169039014050256,0.08255877005366045,13.559526929963205
Bosnia and Herzegovina,BIH,74,0.9684618430276036,0.8458567647815152,0.6798828867127684,0.13546625615113314,2.183915113317576
Belarus,BLR,74,0.9697970334138452,10.072036440853228,0.8875035515330981,0.25406634102912956,15.139125715158906
Bolivia,BOL,74,0.973933523257102,3.97083305120806,0.9427417103652256,0.29035886142477174,11.039483407262711
Brazil,BRA,74,0.9493824686065973,9.99806174093327,0.8414019577241669,0.25786506234856993,13.219768256401402
Barbados,BRB,59,0.9943214741507316,0.0050000000000015,0.8457928668753228,0.09835038377436424,5.903472183587875
Bhutan,BTN,74,0.9713172671869018,0.523477670446885,0.9518811116207204,0.18624722529353374,2.3606542517175226
Botswana,BWA,74,0.9742655787805344,0.005,0.9368789528322785,0.3457089037083016,5.555385972123119
Central African Republic,CAF,72,0.9871222891887792,0.0050000000000045,0.9686527295744903,0.2697288021359621,3.7758086325299276
Canada,CAN,74,0.9890644642977828,19.999999999998103,0.9835936903670374,0.09181860319637873,12.687599882026445
Switzerland,CHE,74,0.968864603623885,0.0050000000000503,0.9656227961976129,0.3798984177597614,10.183198973532129
Chile,CHL,74,0.8775703401014017,0.005,0.8798639667829709,0.4169239149312073,17.066547239554957
China,CHN,74,0.9841458922258568,1.0183554182606565,0.8168841514355347,0.1439368463664204,4.635285358465409
Cote d'Ivoire,CIV,74,0.9601987749876624,0.005,0.8932611285134526,0.2854499944355325,3.5565591263164142
Cameroon,CMR,63,0.977670078482314,0.005,0.9770115687173596,0.33307746479168465,4.318288835816835
Democratic Republic of Congo,COD,74,0.972513729987426,0.2117326676150314,0.9251983990856746,0.12837846116148383,1.3474461639163504
Congo,COG,74,0.8834268925567518,19.99999999999605,0.7336627390743722,0.07094104442910903,15.083929545116488
Colombia,COL,74,0.9614940149461024,7.927770021511422,0.878158408028965,0.24729392009577814,12.188306527980117
Comoros,COM,74,0.916286090990832,0.5911460133890744,0.8682440868237069,0.33809286861655446,5.585855268783743
Cape Verde,CPV,74,0.985666868173826,0.005,0.9747814509852191,0.4147181403454876,9.270028920514388
Costa Rica,CRI,74,0.965733917001896,0.0050000000000488,0.862657007833638,0.21290593966456733,3.1731619652260754
Cuba,CUB,74,0.9532155696942914,0.0050000000006537,0.6863058552504764,0.14300661686116062,1.1841836912427417
Cyprus,CYP,74,0.9892498564756996,0.005,0.9732227858317619,0.2991701546158954,3.977225777904736
Czechia,CZE,74,0.8678021534499711,19.99999999986339,0.8281692130347206,0.19356697480480656,13.73935189838448
Germany,DEU,33,0.9021699321627932,14.32233664470896,-2.437033382945835,0.01369885483955567,6.266143262902669
Djibouti,DJI,74,0.980710921804098,0.0050000000014381,0.9700483195741331,0.32370476123175607,4.529687797515833
Denmark,DNK,74,0.983536154875377,0.0050000000044275,0.9071850123167033,0.04462523914566656,3.1288914971311237
Dominican Republic,DOM,74,0.9695289771961946,8.018794436472136,0.9476501074310437,0.2489517691804228,11.912060321969212
Algeria,DZA,74,0.9530524312982346,0.0050000000001039,0.9023699634272965,0.24407421621191203,2.3921429550105433
Ecuador,ECU,74,0.9845306277789828,1.4589501707565036,0.9748651707982761,0.3528413055949865,8.136097948431948
Egypt,EGY,74,0.9241842291533596,12.464641521018688,0.5442701998762485,0.06866709926746876,8.437747525453943
Eritrea,ERI,61,0.2508625722526768,0.0050000000141202,-6.114442937205203,0.20942202748122662,142.0
Spain,ESP,74,0.9774026869256182,0.005,0.9908658652364708,0.44406263364882526,23.26278455721456
Estonia,EST,74,0.8628012788727869,16.591901254021874,0.786314371576508,0.23456027555908462,13.746793955137246
Ethiopia,ETH,74,0.982842717839671,0.005000002829175,0.970459546465391,0.3653780775560721,7.020122305627119
Finland,FIN,74,0.9726814854362142,6.866968170345408,0.8544346335816453,0.0451861620463583,4.945262377949838
Fiji,FJI,72,0.9091572717425556,0.005,0.8183759613996962,0.414868923287236,7.250977297956353
France,FRA,74,0.9022491901157078,0.005,0.4257206074028559,0.14970369921995985,6.085756192997093
Gabon,GAB,74,0.9829835241489752,0.0050000000000051,0.9605684181250713,0.22646920225977013,2.40878300036709
United Kingdom,GBR,74,0.9793791761731476,4.009083507504325,0.9255525215971705,0.1582422813411229,5.198172506027214
Georgia,GEO,74,0.9810500774490392,10.059841989648948,0.9243511487533971,0.22748552329418315,13.527996475656852
Ghana,GHA,74,0.9351314111954192,16.27713446697906,0.8510414477341226,0.2926136954457489,34.00889644660043
Guinea,GIN,74,0.8518299850261661,0.005,0.5781619695865085,0.3019763491995397,3.7066554135846856
Gambia,GMB,74,0.932014367320209,0.005,0.8447020631560995,0.26997394379983325,2.871168737658351
Guinea-Bissau,GNB,74,0.971999790242043,0.005,0.9503506044939557,0.42199303880722544,9.829663300964423
Equatorial Guinea,GNQ,74,0.9724633282033014,0.5724426794881634,0.9446220928488783,0.3728545571106756,7.5822067004143
Greece,GRC,74,0.95305191391764,9.235814849769742,0.8547124488566309,0.21401703978280667,12.736789897066359
Guatemala,GTM,74,0.9485703180540104,3.65298129108793,0.9456257710192374,0.3677044206193261,19.52050946921223
Guyana,GUY,64,0.9758875156171632,0.0050000000000001,0.9141776809573796,0.2804994890473558,4.778190940266071
Hong Kong,HKG,74,0.9719396399017308,8.258740373530035,0.955765237667062,0.2969965037361731,27.63284798758037
Honduras,HND,74,0.9549233492481062,5.22155627613162,0.8971593309763428,0.2921643426195331,14.486926893085592
Croatia,HRV,74,0.9209541587232049,2.8398835754862204,0.9009804953039493,0.11901744034610914,3.2037962927680574
Haiti,HTI,74,0.7948093761641337,5.770004334268248,0.9245271060823156,0.42573279872366193,48.83170447498968
Hungary,HUN,74,0.9400798256459276,11.058124302675644,0.8353404574263205,0.2426453851529077,12.33684413645103
Indonesia,IDN,74,0.9504499801925356,0.4761474268432198,0.7979106424318299,0.17807925752644677,2.228668888183095
India,IND,74,0.959867399296042,1.8025112942595376,0.7102518003867335,0.15242024783264838,5.007204337412938
Ireland,IRL,74,0.9700011637223748,19.999999999999996,0.9563362050680642,0.13818750340557073,12.501790072867799
Iran,IRN,74,0.9157709761883038,0.0050000000000072,0.37292511453871335,0.25002150668830003,3.153256287068107
Iraq,IRQ,74,0.910465516078344,8.329325087738617,0.708925521601276,0.13338697233520871,9.159197311360328
Iceland,ISL,74,0.9705755725839214,17.229158021323645,0.9652595697693888,0.2338351527337665,26.18711612477393
Israel,ISR,74,0.9952363343995304,0.5290403441213766,0.8563744850062837,0.08571228437539237,4.2946861070727245
Italy,ITA,74,0.9759641387406576,3.3556764870673748,0.9416972356512048,0.17226723801697158,7.498096987734038
Jamaica,JAM,57,0.9937858399000752,1.327466982312264,0.9155064891907428,0.15333338070671607,8.27490861797274
Jordan,JOR,74,0.9870290127449928,0.6009990629322695,0.9810998128211479,0.3626649322689407,7.261190931009591
Japan,JPN,74,0.965231885456464,3.133158671243392,0.37072087038658885,0.08788241976508972,5.642814810070873
Kazakhstan,KAZ,74,0.9783848197730416,10.499972973849491,0.9043789950013961,0.23485801270295278,14.683149755114798
Kenya,KEN,74,0.9822037667174364,0.005,0.9635021168796142,0.2515482091170517,2.6663518594916584
Kyrgyzstan,KGZ,74,0.9654759176076328,19.99999999786437,0.8906113297679017,0.18922062059033315,20.275144165060688
Cambodia,KHM,74,0.8982207390023966,19.999999999999936,0.7562036271752963,0.26238804574664254,31.874606142259843
South Korea,KOR,74,0.9761081520155992,1.1141258631852915,0.8821767883518029,0.1824615622576572,3.097664621655967
Kuwait,KWT,74,0.9694578596828568,0.0050000000000001,0.8711383006893076,0.24287197204390232,2.6880083341372005
Laos,LAO,74,0.9435813462465212,1.7377961879263248,0.9574156487068889,0.3015810402391801,8.171655020882993
Lebanon,LBN,74,0.8887420587639,19.317600424479807,0.6838056322304276,0.04564447077924441,7.819010166880812
Liberia,LBR,74,0.9619434714492628,9.2329210695234,0.9322607667728346,0.3545426999312802,34.47999934006913
Libya,LBY,73,0.8566255408451726,6.93936462989093,0.7313458117484084,0.09274039821022498,17.18643718998954
Sri Lanka,LKA,74,0.9107976595237772,0.005,0.46704763443878994,0.1832986732555103,2.9064342678187027
Lesotho,LSO,74,0.9762785833232476,20.0,0.9502933315725982,0.2398577586830491,28.76294056210358
Lithuania,LTU,74,0.925178814782766,12.012139279380536,0.8483995487532756,0.2581945509463967,13.865397501093131
Luxembourg,LUX,74,0.8982036627170631,0.005,0.1335686594638057,0.08056598192308508,33.143367222581574
Latvia,LVA,72,0.9276457339241272,9.91228569329285,0.8730590692077038,0.27662034321410406,14.011819848630264
Morocco,MAR,74,0.985002600139082,7.391557706688938,0.9632867476287017,0.29189140355128224,16.899147779194365
Moldova,MDA,74,0.9842816205324284,9.348626888953676,0.93005644154067,0.24094697543606722,13.771474136754499
Madagascar,MDG,74,0.8810190246448261,0.0050000000000117,0.9198376738827668,0.3521328426126643,4.5854711690503045
Maldives,MDV,48,0.9516652988676252,0.005000000000181,0.6899272139204097,0.1829472180545654,2.310822407231467
Mexico,MEX,74,0.994870097299586,3.142562402813048,0.9867300244445352,0.2227695286522267,5.847698549693196
North Macedonia,MKD,74,0.9787892861407252,0.610599049177183,0.8153375646102368,0.13668607286140605,2.1821066755579848
Mali,MLI,73,0.9594886405364492,0.005,0.8536018250526072,0.3096810806213786,7.369958162952221
Malta,MLT,64,0.9769974067584942,0.005,0.8859646706972495,0.15274187158350785,1.9740867348747904
Myanmar,MMR,55,0.4769182693320049,0.0050000009391849,0.457489947462816,0.48869434506929266,107.78813205561774
Montenegro,MNE,19,0.99798537049752,1.146192856553428,0.9206942915955187,0.07618749539573308,2.123622631349145
Mongolia,MNG,74,0.9397031300553378,19.9999999999997,0.8733754141546,0.19941180933996544,21.4561357950064
Mozambique,MOZ,74,0.986993319287441,19.999999999999996,0.9719595186755315,0.36139169720396086,84.28919917424352
Mauritania,MRT,74,0.9540720530371284,20.0,0.9094189953648723,0.2526253333884433,30.60397751096009
Mauritius,MUS,74,0.9819736257691128,0.5229795376620439,0.9544482949308293,0.30005561900648037,4.826722992755762
Malawi,MWI,74,0.9778412839782176,8.675392491927976,0.9621133007488654,0.37630775922252696,36.38040139175149
Malaysia,MYS,74,0.8717117423716196,0.005,0.7100321024640592,0.19553010351823788,2.0337248833028303
Namibia,NAM,74,0.9889490454759244,0.005,0.9852259176109606,0.48092719475536455,37.28954965475438
Niger,NER,74,0.974139942453266,2.493218685407766,0.960393287216732,0.35789771137705656,11.559194573269355
Nigeria,NGA,55,0.9848550678076324,13.707470207846065,0.9708069946989804,0.25054238021568387,24.002764425262537
Nicaragua,NIC,74,0.9691000130416072,4.829234170908356,0.9571668104453975,0.4326123447154639,41.05870955136602
Netherlands,NLD,74,0.9847825582485304,8.268887928904052,0.9799496204849525,0.19631216948482208,15.755783308429713
Norway,NOR,74,0.9652361426032132,17.04177382336948,0.9314449034532016,0.09091128005926363,14.336108122805037
Nepal,NPL,74,0.9799369288958272,13.568380083066076,0.9485274038027542,0.29188106574391043,31.60108592739567
New Zealand,NZL,74,0.995121390445886,10.40511177439865,0.9930020537424048,0.276673042168772,23.061573363885984
Oman,OMN,62,0.9753209727990284,0.005,0.9522175137010183,0.41180210561176467,8.773018319598417
Pakistan,PAK,60,0.9233846816584056,6.9890822669566175,0.873234084603416,0.3463194318531867,22.622736065016365
Panama,PAN,74,0.9492271084306888,0.0050000000446885,0.9500580880186329,0.4525052823073088,146.0
Peru,PER,74,0.9496798332950848,19.9999999985248,0.894148891279075,0.2540693446804652,30.957492390113163
Philippines,PHL,74,0.8914598242800937,20.0,0.7074394227329179,0.19072083816687016,22.12858071717312
Papua New Guinea,PNG,74,0.9890764761238848,0.0050000000051306,0.9833285690757984,0.433726701528092,146.0
Poland,POL,74,0.9389598914687948,0.0050000000001487,0.6553092039033104,0.14979720766962548,1.2233307905691622
North Korea,PRK,74,0.9828303476740816,0.0050000000024894,0.44913345066192956,0.08454474341111316,2.576573639017946
Portugal,PRT,74,0.9553858484430152,0.005,0.986985594787598,0.44925260506501113,96.25940956314498
Paraguay,PRY,74,0.954783688472452,0.005,0.9718909114865898,0.438593628905224,18.550395172750626
Qatar,QAT,39,0.9801190211454924,0.2988618836933647,0.9757818457920909,0.4283594283455302,5.756506129295646
Romania,ROU,74,0.9562202712136872,0.6717732837213705,0.8760168867176717,0.18652249658338185,2.666517065999826
Russia,RUS,74,0.971743546269128,13.606834107160449,0.8516936696353351,0.20035961734413874,15.488202517179623
Rwanda,RWA,74,0.9592820571897832,19.99999999999626,0.9437271457273727,0.30322375315115757,42.306863800292874
Saudi Arabia,SAU,21,0.9639332967313412,3.862013370071213,0.9427908146361317,0.2480814309373738,7.655234359517966
Sudan,SDN,71,0.7135955467704675,0.0050000001622858,0.5082896912105799,0.32622600474557983,3.420389128182843
Senegal,SEN,74,0.9802041709947026,0.005,0.9352993203149403,0.30888721465420943,7.641736793832109
Singapore,SGP,72,0.954969150678341,0.005,0.8839415523237131,0.2901366075007608,3.8380882617942147
Solomon Islands,SLB,74,0.9303878941818916,7.892894513508795,0.8506986390763799,0.11299684096788942,17.229641441546814
Sierra Leone,SLE,56,0.9765530167451656,5.380442636546971,0.9626311379881279,0.36081858578510245,24.51790196655277
El Salvador,SLV,74,0.977307014882664,7.303591668614669,0.9637066619073107,0.379843766714123,30.792070807774966
Somalia,SOM,74,0.7087574712157169,4.424348584456998,0.5165535748517387,0.08555964901451002,17.367171709791183
Serbia,SRB,74,0.9233036900705288,0.2355871216144459,0.89907931931381,0.1609495568146011,2.2561544460962115
South Sudan,SSD,74,0.8611297018341807,1.197943292378297,0.8146546363564635,0.11204640126078032,4.037652476385487
Sao Tome and Principe,STP,74,0.9700596955419604,0.005,0.9442071819083175,0.4215020224977012,9.641060952802734
Suriname,SUR,74,0.9733532079747323,18.528180313697703,0.9336727949933177,0.25095057026677575,32.94061437878868
Slovakia,SVK,74,0.8917054368633264,19.999999999983384,0.7839447888349201,0.13280396597977573,8.040600015331492
Slovenia,SVN,74,0.9816691736227224,0.6865744144259185,0.9333963137753062,0.19754847329234435,3.261169673064659
Sweden,SWE,74,0.9749909271804122,5.353754201752987,0.9252148153301646,0.05266893497571529,4.5865949365736665
Eswatini,SWZ,64,0.5703107397721805,0.0050069876321545,0.18747542455841637,0.5241732522628336,68.98277156387394
Seychelles,SYC,67,0.9840843358137418,0.005,0.9683630010136876,0.35810585255144123,5.320100367983931
Syria,SYR,74,0.9542244954309752,8.091415873364856,0.11416689126008128,0.11636100827645209,14.89635343033757
Chad,TCD,74,0.9131333996848526,3.495313851070104,0.8475448765144016,0.26648611338260464,8.003893338248785
Togo,TGO,73,0.9782226837407592,0.0050000000042679,0.9607172527500639,0.26683563622471007,2.9111811297753176
Thailand,THA,74,0.9850586273011734,8.21362733341728,0.9445467036074424,0.29597154358317856,19.359885606014807
Tajikistan,TJK,74,0.879255215572746,10.673385710483714,0.15491797114871653,0.22041430269714782,31.34471461075449
Turkmenistan,TKM,71,0.5929374694727394,8.149773518987327,0.018426957324647608,0.4275726048563175,48.48334833800958
East Timor,TLS,72,0.9740876230486152,5.811201426616437,0.9650201388235192,0.4193813828573991,67.34710840271848
Trinidad and Tobago,TTO,62,0.9914276365819968,19.99999999998348,0.9627740111815983,0.10339311015306137,12.01779132366956
Tunisia,TUN,74,0.973068547045875,0.0050000000000005,0.8883959654508208,0.2536760677575771,3.0094106830520033
Turkey,TUR,74,0.9743219713400454,0.0050000000000103,0.6741168655678095,0.12626088962073756,2.6800839760921793
Taiwan,TWN,74,0.991402781146982,12.029434381830749,0.9727287692233167,0.2525833325286655,22.059622437289267
Tanzania,TZA,59,0.9869672463390904,0.0050000000000047,0.9159620411683056,0.11339666563155096,1.7685752893495412
Uganda,UGA,74,0.9636294174700956,11.484432126615449,0.9354808884545367,0.3660263048462582,42.135612491969454
Ukraine,UKR,74,0.9500560451258584,4.197965757603106,0.9471699787590792,0.3678933540711831,18.8669873057844
Uruguay,URY,74,0.8355442431521457,19.99999999999681,0.5497185217798991,0.12562219443518122,8.249245247125632
United States,USA,74,0.9928296916429614,7.46666086911403,0.9887997890882035,0.24987779484392902,16.434533842544408
Uzbekistan,UZB,74,0.9534254893627482,0.005,0.21343968393921453,0.14145433952940242,4.031045173840298
Venezuela,VEN,74,0.9649568259358388,5.38069430712,0.8311838274252479,0.22753626106615032,13.914168751276645
Vietnam,VNM,48,0.962764900730268,0.0050000000000011,0.9760590082326859,0.3790617330531833,6.5557983349583715
Vanuatu,VUT,74,0.9814460705553216,0.005,0.9764269642763624,0.4884329623307091,126.34637839964637
Yemen,YEM,33,0.8795012673707234,19.999999963349048,-0.005325878148032981,0.22632781997274312,9.561204571872505
South Africa,ZAF,74,0.9862115356417804,0.0050000000035365,0.9906316505992824,0.4671046286340667,146.0
Zambia,ZMB,74,0.975783022410916,0.005,0.9481654798150532,0.322100735756047,4.433287251490352
Zimbabwe,ZWE,74,0.9842830666710616,0.0050000000001258,0.9742875493155483,0.49055381020342126,146.0
