entity,n_points,S_floor,S_ceil,k,t_mid,v,R2,status
Afghanistan,237,-0.9355142209168892,-0.8425961418606515,0.0574490520481412,1917.1873396030949,0.005000000003510681,0.4625766051438781,ok
Africa,126,-0.8553319700959882,-0.3595951123985038,0.050931485063926835,1969.683371900267,0.03244854970470873,0.9881482807841889,ok
Africa (population-weighted),126,-0.9908696465706976,-0.41412257172522754,0.3974815407431791,1993.545579388928,19.999999999999996,0.9792251578784954,ok
Albania,114,-0.9410890116813682,-0.21247098963768,0.999999999999955,1990.6012723619017,0.005000000000000001,0.9610298480772255,ok
Algeria,126,-0.9111188301767817,-0.29992147922681756,0.0438840518679394,1973.394846187243,0.005000000000000578,0.9592952421958483,ok
Angola,126,-0.9997524957910343,-0.47648095470534535,0.8606657287929816,2003.5577771452613,10.584310673674239,0.9799999354676386,ok
Argentina,237,-0.9636699686602976,-0.1491479507094325,0.018227738282200156,1844.807243688805,0.005000000002647349,0.8955586466494923,ok
Armenia,108,-0.9421946157267402,-0.14927070319138627,0.9999999999999999,1989.0327505367536,0.005000000000020941,0.9853186125286602,ok
Asia,126,-0.9520359791620664,-0.4587967366891527,0.22498562983585724,1991.6489495082526,19.999999999999996,0.9707910249820453,ok
Asia (population-weighted),237,-1.0034104698749133,-0.48062248434049176,0.3110835718593489,1989.6535442847523,19.99999999999992,0.9874462513788035,ok
Australia,237,-1.089585894069592,-0.11214848368608248,0.026168588192409754,1835.0993179331485,0.005000000000000001,0.9120480633765039,ok
Austria,231,-0.7987970182945056,-0.17352285549301358,0.9999999999999822,1866.6463928180272,0.005000000000000001,0.913370804908169,ok
Azerbaijan,213,-0.9070597058767785,-0.39705717437397076,0.9999999999995571,1989.108297247329,0.005000000005996226,0.8738487135441517,ok
Baden,83,-0.7197339044405494,-0.546343207573231,0.9999999999999999,1849.0963981984885,0.005000000000000063,0.9587777797384858,ok
Bahrain,126,-0.8734355203473753,-0.5165406782667311,0.9999999999990837,1923.3438286101707,0.005000000000000042,0.8990848316594353,ok
Bangladesh,237,-0.9375851578061664,-0.33154955359989424,0.7713173375231834,1975.292392275879,19.99999999714848,0.9542475623635354,ok
Barbados,126,-0.7409526112177783,-0.1602747439395988,0.2888527201436207,1969.5209210100631,4.343585472787847,0.9910556545654671,ok
Belarus,231,-0.9129965330579514,-0.24268683862397705,0.9999999999999999,1989.0967043689066,0.005000000001878957,0.8951436381317979,ok
Belgium,237,-0.31635576443433344,-0.025283751487360853,0.13376633892325876,1955.0660797681564,1.9482365532518375,0.8072797212705151,ok
Benin,126,-0.7868634612337777,-0.05282745128910579,0.05458281029647934,1966.5286697048334,0.005000000000001366,0.9576157886819285,ok
Bhutan,126,-0.7409634689362822,-0.16454721522533056,0.041354401697920186,1961.7669278062756,0.005000000000000001,0.9576410269132684,ok
Bolivia,201,-0.8965532359369479,-0.31863006279553985,0.9999999999999937,1985.385997628724,10.43747671289196,0.9634457427742676,ok
Bosnia and Herzegovina,197,-1.1473478308559069,-0.18510000690067455,0.06041563015079659,1983.2203324100713,8.45199260868056,0.8438729025625599,ok
Botswana,126,-0.8782314275939154,-0.22627266498852627,0.9999999999993324,1965.253998614013,0.005000000000000001,0.9819366905375018,ok
Brazil,237,-1.0261136769667625,-0.21064502157960538,0.16933125785876024,1996.7950725755993,19.999999999999996,0.8930627007488214,ok
Brunswick,74,-0.8322028661054257,-0.5232686345608406,0.19787995227641125,1834.3082165410453,0.005000000000024632,0.9615281088556986,ok
Bulgaria,237,-0.9509623577825302,-0.4515443841988461,0.3532378080481145,1881.9721749259154,7.659552585122907,0.5581784884648766,ok
Burkina Faso,92,-0.6134814797708538,-0.2604421041116699,0.10447972432654438,1958.9901966726447,0.005000000003167547,0.8825747000771419,ok
Burundi,110,-0.9362808767369771,-0.6710135104403622,0.07398518475328925,1970.0906584351894,0.005000000000000196,0.8892782468479535,ok
Cambodia,126,-0.789948121755963,-0.5190016522506835,0.9999999999999999,1991.6993947508654,0.005000000000000014,0.5838276976692512,ok
Cameroon,65,-0.500910210240002,-0.2751481258473676,0.9999999998414687,1981.2547111629306,3.576844963455694,0.9430478430930012,ok
Canada,185,-0.35760015694187297,-0.09762920889697937,0.6431382303183124,1976.20528606721,19.999999969489604,0.946484013870746,ok
Cape Verde,126,-0.9273526142389299,-0.17506341070021,0.2620991913354339,1975.165642756287,0.005000000000000001,0.9881168644974251,ok
Central African Republic,106,-0.9923557592845152,-0.6081584100243009,0.15953781120448407,1959.4098341429176,0.005000000000000001,0.9707906667556354,ok
Chad,106,-0.7749154849741126,-0.5752262065495222,0.9999999999999999,1959.067705371986,0.005000000000000001,0.9007547514474792,ok
Chile,215,-1.4358721859430847,0.019478542807669783,0.05145793335047172,2070.984355669999,19.9986744374117,0.5796739694772927,ok
China,237,-0.9563025462457606,-0.6714691374388776,0.7254265725812713,1978.7170030880868,0.005000000000000001,0.9405802616095625,ok
Colombia,237,-0.9242781165305082,-0.3221915790615062,0.33347154167022375,2001.6366401567811,19.99999999980576,0.9488464610008985,ok
Comoros,94,-0.8434134475536643,-0.4954318456305674,0.34800181963242766,1974.084798325738,0.005000000000000001,0.9643644767540287,ok
Congo,123,-0.9860303114277069,-0.6147298059979883,0.1641967315306209,1994.9955563326773,5.60554526927492,0.7712134162691687,ok
Costa Rica,188,-0.768531723022399,-0.055671174273101975,0.10670334902701016,1960.9805656605242,9.791465331960477,0.9309389206151636,ok
Cote d'Ivoire,126,-0.9913410357382006,-0.32297630510014785,0.05702887304870316,1963.5956252986675,0.005000000000000001,0.9410497070702666,ok
Croatia,85,-1.3719999999999866,-0.024576598229599636,0.03330444685572889,1935.0873253297834,0.005000000001066269,0.9130740874429316,ok
Cuba,237,-0.9210531575666151,-0.6295156903223569,0.24913882384226968,1887.637389197239,0.005000890840871249,0.7152397411349026,ok
Cyprus,126,-0.7095367042310687,-0.14691901547465938,0.07986457918824968,1963.9747296383875,0.2693656620301105,0.9759255155421775,ok
Czechia,237,-0.7987346006808885,-0.3722726966288918,0.9999999999999994,1866.1370448056023,0.0050000000000000365,0.4337714712230156,ok
Democratic Republic of Congo,126,-1.0008249002059073,-0.7530478178734058,0.03967491975805668,1970.8642779218212,0.005000000000000001,0.9213788672717831,ok
Democratic Republic of Vietnam,31,-1.2745845767451378,-0.7479999999998589,0.0010000000000000002,2024.9999999999998,19.999999810695286,-0.0031412810358313337,ok
Denmark,237,-0.5112853849160709,-0.03762283911499865,0.030340112002415088,1862.3167013993443,0.005000000000000001,0.9417062608314072,ok
Djibouti,126,-0.9935346826735889,-0.5109690337157398,0.07836536240456161,1985.2430541537167,0.005000000000000223,0.9748821459592814,ok
Dominican Republic,216,-0.8689640593547773,-0.26262549168781396,0.319335585367641,1984.879477007744,19.999999921842033,0.9156030516365793,ok
Duchy of Nassau,61,-0.7713784094808228,-0.6448315637169841,0.9999999999999999,1847.0461995691685,0.005000000000235225,0.886421821894124,ok
East Germany,41,-1.0599999999596474,-0.4995871594727145,0.10538505300998317,1929.0957097623989,0.0050000000000000365,0.8554994844746766,ok
East Timor,100,-1.4939992185460922,-0.734717073618731,0.002682767547692857,1947.7703363991666,4.884272512293269,0.22278963124772655,ok
Ecuador,196,-0.8706999011484625,-0.21751590194704795,0.19974995613170202,1986.5326943723337,8.166707706488229,0.9677137321241772,ok
Egypt,237,-1.177043365405358,-0.47598483251872503,0.082112902973362,1937.3850112952264,19.999999999997762,0.9321449802459782,ok
El Salvador,156,-0.9771119836890728,-0.8389999999999999,0.0010000000000000002,2072.9999999999995,19.99999999975809,-0.004413551694903761,ok
Equatorial Guinea,126,-0.9840961068479089,-0.7002719846825681,0.9999999999999591,1979.1922608694351,0.005000000002953462,0.967409792140718,ok
Eritrea,126,-1.0228325513383527,-0.7704999999999999,0.0010000000000304496,2074.9999999999823,19.999999999999996,-0.005254936773524843,ok
Estonia,237,-0.8199382876449856,-0.061564436081307856,0.9999999998969077,1989.4739463290775,0.005000007029602465,0.5538486445640667,ok
Eswatini,126,-0.8179912412636599,-0.7861088356568381,0.9999999999978907,1919.2588788439255,0.005000005780263287,0.07247133643740633,ok
Ethiopia,202,-0.9612133865607854,-0.9215967749760601,0.21230135984417894,1957.6011373521733,1.1767170227764132,0.9553872367266532,ok
Europe,237,-1.2781034399999998,0.37298427513908367,0.06595671710289569,2074.9999775488454,19.49430166955349,0.9203289061161611,ok
Europe (population-weighted),237,-0.8816690771512702,-0.12241232247205526,0.20708909166985745,1999.027030332,19.99999999999964,0.8848327231534859,ok
Fiji,126,-0.5708659625749973,-0.26869713262799344,0.9999999999999999,1968.9694407598738,0.005000000002538161,0.9782762520341187,ok
Finland,237,-0.5095965540076414,-0.043796634391641914,0.09975898572328235,1931.9229999572776,0.5329576940353783,0.9235414722244546,ok
France,237,-0.6907670314369522,-0.05820706397526997,0.1016298498943087,1955.5460953931106,19.999999999999996,0.7864034612792212,ok
Gabon,116,-0.960997523116091,-0.2019769566761901,0.05170686155640692,1963.4917516068938,0.005000000000000008,0.9572516066638638,ok
Gambia,126,-0.725121922415262,-0.3558096605763515,0.9999999999996363,1964.7612152920146,0.005000000000000042,0.9245343683432165,ok
Georgia,225,-0.9108684890456179,-0.2364768875943027,0.9999999999976821,1989.4245103731512,0.005000000000000125,0.9214795976234569,ok
Germany,191,-1.0343649782740671,0.43588037257676393,0.010265446922872045,1919.3290924050796,0.005000000000000021,0.7901586582465869,ok
Ghana,124,-0.7588278015306378,0.01860969828142651,0.029723319052551055,1970.7528515117194,0.005000000000840009,0.8550396227547324,ok
Greece,237,-0.7796468909893532,-0.0542683546012302,0.590458566433006,1983.3603457401794,19.99999999998338,0.8594119104078066,ok
Guatemala,210,-0.9682814273161957,-0.8989999999999999,0.9999999999410106,1943.57155240891,0.005000009948333971,0.38259774921421574,ok
Guinea,126,-0.9350533646714094,-0.7257607854711949,0.07300600449819412,1959.4042281418726,0.005000000000000001,0.9133895951600125,ok
Guinea-Bissau,126,-0.9866166718668453,-0.30996176097562816,0.0627190257954532,1979.5252227013768,0.0050000000000088515,0.9517312539581431,ok
Guyana,126,-0.842990875851576,-0.18024041992917125,0.1185071078302091,1890.0629003515405,0.30058136905957256,0.4683139575096015,ok
Haiti,219,-1.391384840641107,0.12978598580771644,0.0027847633320733063,1897.2378757454405,1.4295418943768265,0.29018130114072005,ok
Hanover,58,-1.4659999999999997,-0.9054999999999999,0.052278596448600605,1750.4341722007289,0.005000000000000016,0.5279712404307331,ok
Hesse Grand Ducal,83,-0.9527513627003766,-0.652209383603944,0.9999999999999999,1819.3592459175286,6.492628235769977,0.9763905038446054,ok
Honduras,188,-0.7624645201531102,-0.35421966142764344,0.04024565969548955,1957.8139877515598,0.005000000000017278,0.9103938722061207,ok
Hong Kong,126,-0.35821614391002277,-0.08984145958620937,0.9999999999999999,1945.5093497764046,0.005000000000000001,0.8914024338825063,ok
Hungary,237,-1.4407121232046025,0.23512399106372583,0.06539040198050719,2074.9818900898345,19.997808003373127,0.4506125238394415,ok
Iceland,126,-0.7719999999999999,-0.05374214025786334,0.033790080574692835,1874.9188144200562,0.005000000000000001,0.9354534723339185,ok
India,237,-0.9639255112126295,-0.38726899255878555,0.1263399661057991,1958.102883577508,4.419534407845362,0.9472991768013436,ok
Indonesia,226,-0.9864955198907281,0.04504375585418465,0.02201315303980038,1976.2594670668614,0.005000000000057162,0.935393030076589,ok
Iran,237,-0.9788687034081839,-0.644752029436737,0.9999999999999803,1961.9059543584033,11.686822251720569,0.9239752999608687,ok
Iraq,237,-1.182910394186447,-0.6304667162442789,0.1295568331643744,1908.6657651247074,19.99976736812103,0.920721524716731,ok
Ireland,237,-0.8994673939712485,-0.06212820288414648,0.0273382419839058,1858.4633214325681,0.005000000000000001,0.9712184260651311,ok
Israel,209,-0.9729998888086457,-0.13755273293753023,0.35718218457816964,1960.3119272505528,19.99999999780679,0.9878800929458251,ok
Italy,211,-1.4489999999999996,-0.04929061040999031,0.11235671320371736,1968.2405145912148,19.999999999999986,0.8934357728246343,ok
Jamaica,126,-0.555984847855972,-0.14984532945706414,0.4247086546078286,1972.2279781347847,5.899613369593682,0.9788600930614393,ok
Japan,237,-0.971450924352655,0.004378922420160109,0.025953243680912497,1893.5831901552538,0.005000000000000057,0.9717803823218449,ok
Jordan,104,-0.6907306829250658,-0.2809621477214482,0.0737494710014277,1979.006502985958,0.0050000000053271,0.9797774384172189,ok
Kazakhstan,237,-0.9148891871883161,-0.25167907101990084,0.9999999999998285,1988.9401169608052,0.005000000001427046,0.9121539660619328,ok
Kenya,126,-0.9869824129301303,-0.3517946362849791,0.06234415510156507,1968.686293817673,0.005000000000000001,0.9651687341878814,ok
Kosovo,24,-1.1209999999781115,-0.4419882281959473,0.3226812136284121,1995.2966137658793,0.005000000000000001,0.7636609355976527,ok
Kuwait,237,-0.7141626698946316,-0.5294914580527823,0.7458094627336189,1959.8543635273036,0.0050000003901151035,0.9766152549556413,ok
Kyrgyzstan,150,-0.8859571412644004,-0.31540018591385033,0.9999999999971448,1989.1906872067632,0.005000000015865924,0.9103193227638319,ok
Laos,230,-0.9466260807245706,-0.8324152740499433,0.9999999999999994,1945.2479837187109,0.005000000036419586,0.7312857301848146,ok
Latvia,237,-0.8319637471596519,-0.059859234525340636,0.9999999999791601,1989.4502782462714,0.005000008643197476,0.6006793219793729,ok
Lebanon,108,-0.6413893321041481,-0.516726020801506,0.9999999999999999,1941.9894997116662,0.005000000000000001,0.8833185453269172,ok
Lesotho,126,-0.9106907916066265,-0.20638715210377273,0.055293224765489764,1970.7659287348781,0.005000000000000003,0.950353200406713,ok
Liberia,186,-0.8220375528992483,0.24599764624352805,0.4928169191101613,2037.361635684161,15.377220716467736,0.8131307547884532,ok
Libya,152,-0.9637324811206017,-0.7335575405970247,0.1239052169534902,1946.8122904083807,0.005000000000000001,0.9730678333902884,ok
Lithuania,231,-0.8406889192513909,-0.059081505583404074,0.9999999999999999,1989.2549350580084,0.00500000000000333,0.7035611936982369,ok
Luxembourg,211,-0.4090000000000001,-0.03270889507980694,0.14339795349553824,1986.0294096439368,19.999999999982766,0.28291638073668046,ok
Madagascar,209,-0.9263054291582793,-0.33079157966206185,0.08213980510662636,1961.7503972383802,0.18451925350441514,0.9872726975792164,ok
Malawi,126,-0.9811586659212109,-0.24703267804844678,0.851668200187179,1999.7238987189596,19.999999999999996,0.9639236457796265,ok
Malaysia,126,-0.47313998815380964,-0.3488539563221059,0.9999999999999999,1956.344398573585,0.0050000000001244735,0.5596634370682786,ok
Maldives,126,-0.7059429098402382,-0.5284759440961718,0.3975536732612334,1963.2073062180316,19.999999999998934,0.8359097195583557,ok
Mali,126,-0.9604276254267725,-0.3270329916463665,0.9999999999999997,1958.9429255482817,0.005000000001027939,0.986859327256604,ok
Malta,126,-0.4745946958717187,-0.09675917697291272,0.06684473580397261,1951.8851113738167,0.005000000000000305,0.9674500782230111,ok
Mauritania,122,-0.8838155113855528,-0.42571741199829105,0.9999999999874635,1994.3266891873436,19.090767142356647,0.9321840404941851,ok
Mauritius,126,-0.46853956354926485,-0.16519199895386394,0.9999999999992075,1969.0393878343586,17.814844277789113,0.9514863321154634,ok
Mecklenburg Schwerin,79,-0.7910599448684922,-0.4482519946504177,0.9999999999999999,1820.284697829037,0.005000000000000001,0.9164950836192499,ok
Mexico,237,-1.154332925669011,-0.07803489106012823,0.07078698347975468,2074.999403794603,18.670014032566595,0.9014040880488124,ok
Moldova,217,-0.9086251327234305,-0.15304720879261768,0.9999999999985758,1989.3052501389316,0.005000000068187537,0.9402296608342869,ok
Mongolia,115,-0.9407133713119168,-0.14956830158550347,0.9999999999999999,1990.7286901443802,0.2953811867578191,0.9901830353058968,ok
Morocco,237,-0.9349647714897302,-0.12763632897532623,0.017860261147473744,1950.1596482601249,0.005000000000000021,0.9803301243067502,ok
Mozambique,126,-0.9602846201888816,-0.4091796219022825,0.9999999999999999,1989.2826606242515,1.104018804194437,0.977621614163485,ok
Myanmar,237,-1.0705318331424676,-0.7524999999999996,0.008726763932536309,1739.000000000002,0.0050000000001147495,0.17416501344172564,ok
Namibia,126,-0.8980908746883831,-0.25075903233830277,0.9999999999999999,1989.6399995335732,1.9121190392312202,0.9876323652869917,ok
Nepal,213,-0.9934157895400528,-0.5756221355592563,0.9999999425157949,1995.5927117226106,14.785181739544802,0.922228722402926,ok
Netherlands,237,-0.9759614286397094,0.4399999932460664,0.0021766662622742195,1748.0206077972116,0.8649568109005896,0.42976021817421495,ok
New Zealand,142,-0.098198695135584,-0.06398321497001534,0.5319246445306259,1972.2140264644454,19.99906217798163,0.6931572991745389,ok
Nicaragua,188,-0.9177345413133501,-0.43719607733630367,0.509758641758714,1991.6147862762366,19.999576282203993,0.7677270176842939,ok
Niger,104,-0.8688912126114098,-0.28990086220099026,0.14789673393361244,1989.8672930257421,4.303300088502053,0.9659864751014156,ok
Nigeria,112,-0.7238226317986235,-0.24494367977272052,0.0539216956243149,1967.3576987639983,0.005000000000000001,0.973134383025556,ok
North America,185,-0.8160513303965333,-0.29402787719246176,0.25676051137605477,1990.555366292304,19.99999999999998,0.9903883687017774,ok
North America (population-weighted),237,-1.3764991438964012,-0.1708298108531408,0.08828393279216806,1966.1883383356164,19.999999999999996,0.9695261843511152,ok
North Korea,189,-1.2241785792032502,-0.9314999999999993,0.0010000000000782304,2074.9999999999927,19.999999911590162,-0.058266438109785046,ok
North Macedonia,237,-1.0011784507232724,-0.25340320127318205,0.24277923653359504,1979.7307326432317,19.999999997007322,0.9373444001515869,ok
Norway,237,-0.5877686007963039,-0.04907224586098523,0.0272096021070185,1882.2490288805182,0.0050000000000002135,0.8675335199068075,ok
Oceania,126,-0.48622127681760424,-0.2568683961224007,0.9003939020982125,1977.0876381952019,19.99999999998347,0.9837155811639406,ok
Oceania (population-weighted),154,-1.06197467,-0.15263783268224967,0.10876306542813258,1939.6752033551118,19.99999999999999,0.944722984173036,ok
Oldenburg,77,-0.829367415827423,-0.2747000476892339,0.4417488961815414,1851.1042630112308,19.999999999999947,0.8759001978707912,ok
Oman,181,-0.8858132935352773,-0.8718642907882382,0.9999999999999999,1938.944220194395,0.0050000002030971364,0.9827494119045334,ok
Pakistan,187,-1.4759999988217,-0.08500000034162719,0.006007980870416845,1967.8808629596792,1.4124438970664654,0.843843269738108,ok
Palestine/Gaza,38,-0.5837068106672002,-0.5164777381860004,0.9999999916127487,2017.1603256347335,10.811637579081335,0.15773789615027278,ok
Palestine/West Bank,61,-0.7457457084615954,-0.31957769125349533,0.6818174873194641,2011.767549963238,19.999999996944336,0.8696078447266151,ok
Panama,123,-0.7619691651390275,-0.17885360944279832,0.20898980888361018,1991.5592954749632,19.999999999999996,0.8858653288982303,ok
Papua New Guinea,126,-0.747386735049115,-0.43669207247515235,0.9999999999999999,1973.998325284885,0.005000000802846192,0.9788300040194726,ok
Paraguay,215,-0.8494081111932863,-0.26767608910104584,0.9999999999999999,1990.5006461253904,6.700953555613903,0.885984349683604,ok
Parma,60,-0.6490282196464201,-0.386021474425091,0.9999997925988374,1803.8860014498798,0.005000181155588589,0.45013881878244955,ok
Peru,205,-0.6115868306155419,-0.30343743331331335,0.7199595824683647,2001.3355562299898,19.999999999999996,0.7904465156060317,ok
Philippines,126,-0.806998251058264,-0.20523525350004324,0.03431228021270407,1956.2880668190026,0.005000000000042978,0.8005207019034224,ok
Poland,171,-0.8864184214183565,-0.2634471127895413,0.204497950365266,1872.9020576671508,0.7444183422782751,0.8397576469487162,ok
Portugal,237,-0.7533705008953918,-0.06812867685589927,0.9999999999999999,1973.404540645009,1.2651843904569078,0.8548291849006415,ok
Qatar,126,-0.9689393756186175,-0.7155240527275958,0.7044272437714802,1998.9701404947155,19.999999999999996,0.9237862167719777,ok
Republic of Vietnam,174,-0.873187742659335,-0.7515794541920797,0.9999999999999999,1948.3179204772612,0.005000000000000001,0.7195421313126362,ok
Romania,237,-0.798960391790867,-0.17611827483455153,0.9999999999999866,1989.2281645453759,0.005000000005075397,0.7632262975155506,ok
Russia,237,-0.9142860813791118,-0.2940529488204755,0.9999999999999999,1990.6127783976742,0.0050000000059119976,0.8928161693193841,ok
Rwanda,110,-0.7966865729709584,-0.2930276397607618,0.07306398170617123,1963.651945139445,0.005000000000000003,0.8134474467286447,ok
Sao Tome and Principe,126,-0.8273444992055635,-0.10850619698533472,0.14650733285057263,1979.9759179773366,1.0446358408818763,0.9792169863593172,ok
Saudi Arabia,221,-0.9886404861501293,-0.5828743346629315,0.514653688236927,2030.068865986364,6.871046707963795,0.6308492000724772,ok
Senegal,122,-0.7788521096159329,-0.2375564125046189,0.9999999999999984,1958.5513417109075,0.005000000000001528,0.9962931913868862,ok
Serbia,237,-0.7677076456547356,-0.14040986486983018,0.36384136453356564,1995.0302192051404,19.99999999999988,0.8112208288847074,ok
Seychelles,123,-0.5875679148246121,-0.004855821301243474,0.04567412209628015,1986.0219404804036,0.4331311551864436,0.9760487567996162,ok
Sierra Leone,114,-0.9328807236090968,-0.4297935421109897,0.9999999999991199,2001.3001915277237,0.0050000000565021685,0.903276306116896,ok
Singapore,159,-0.7506495905277,-0.2825619655519282,0.4218363190881868,1957.5340680678153,0.005000000000000001,0.969086730310076,ok
Slovakia,237,-1.4409999999999998,-0.2589525265018377,0.011813266592010891,1787.6955087834835,0.005000000000000001,0.445469067058323,ok
Slovenia,222,-1.4439940503444875,0.4014653147922328,0.06281851811586989,2074.9987615672685,19.999959630447016,0.4931095967019927,ok
Solomon Islands,126,-0.8222384513689017,-0.40830853739772005,0.4388521100919762,1978.8681771333308,19.999999999984627,0.9328084112659302,ok
Somalia,126,-1.0340138255154145,-0.8574999999999998,0.0010000000000800048,2074.999999999989,19.99999999180638,-0.0006512891350196615,ok
Somaliland,95,-0.5080002572678936,-0.3790077803506411,0.9609860701446032,1984.2291651496605,19.981975838753097,0.8277135399445325,ok
South Africa,126,-0.8943688733363041,-0.20603175488622752,0.9999999999999999,1993.0535303287063,0.00500000012977447,0.9918970182919649,ok
South America,201,-1.0346703683485716,-0.21884225460316517,0.1254250556414992,1986.6720002918519,19.999999999999996,0.9507694119261918,ok
South America (population-weighted),214,-1.2055346691260556,-0.18691707529771318,0.10003930339998139,1996.069458657227,19.999999999999996,0.9294412546133498,ok
South Korea,237,-0.9529238266693917,-0.09255350328977169,0.24634033384620865,1953.1062552103144,4.790963176049138,0.9660732579766208,ok
South Sudan,190,-1.1832589738686947,-0.7874999999999999,0.0010000000000005035,2074.9999999999995,19.999999999977874,-0.015774052469138322,ok
Spain,189,-1.0765239838201477,-0.6184999999999999,0.010354921649073078,1739.0000002056702,0.005000000000206395,0.5784286687336704,ok
Sri Lanka,126,-0.4885627231359059,-0.3310700220916303,0.9999999999964956,1948.9769504464284,9.042331858667572,0.6503361322689112,ok
Sudan,190,-1.1802402844581787,-0.7874999999999999,0.0010000000000004701,2074.9999999999995,19.99999999997988,-0.015554856435581188,ok
Suriname,126,-0.2782509776389243,-0.19048359857789532,0.9999999999999976,1992.360777425163,13.817068404776228,0.6969498240702152,ok
Sweden,237,-0.3661884412434865,-0.03601215278385717,0.25369190046432366,1974.2151214147898,19.999999999999996,0.9699502212361958,ok
Syria,235,-1.378627711201826,-0.6448376311646431,0.0703168480594358,1900.7552074492937,19.999996068393774,0.811331306601542,ok
Taiwan,232,-0.9813330728313491,0.17787928147694534,0.027987865087590495,1966.6630496614375,0.597340597222385,0.9794677748074151,ok
Tajikistan,158,-0.8854626380331356,-0.5988370528742666,0.9999999999999999,1988.347551609631,0.005000000000004017,0.6770730836728478,ok
Tanzania,112,-0.6629573118572021,-0.27104871374473205,0.05288224765708102,1968.2766826184966,0.005000000000000859,0.944539426337974,ok
Thailand,237,-1.0231866613262315,-0.3397490936710194,0.3053847690117907,1979.0386126974315,19.999999999982908,0.9407262171439661,ok
Togo,110,-0.8659142609519371,-0.2684217950363052,0.099733278665534,1961.0792364090742,0.005000000000000001,0.966341642164928,ok
Trinidad and Tobago,126,-1.1161945426407753,-0.10978379130148964,0.0390278683665513,1899.967809280299,0.00500000174985662,0.9084342699517348,ok
Tunisia,237,-0.8042657372280484,-0.236205705529307,0.999999999999924,1955.5488997736347,0.005000000010746297,0.9791635475878857,ok
Turkey,237,-0.9775866898268775,-0.28418977314985755,0.0906718753620344,1934.7652337660757,4.927692307540151,0.9554552018804965,ok
Turkmenistan,130,-0.8958005807029277,-0.8554985484432186,0.9999999999988345,2023.6255295053677,0.005000006413856047,0.001807647879043972,ok
Tuscany,67,-0.8174209637977633,-0.7739866758072342,0.9941867155280796,1809.3030641133141,0.005851472588362916,0.9330028260771284,ok
Two Sicilies,72,-0.939270060351505,-0.906165539819154,0.9999999999999999,1805.8105679776513,0.005000000000000001,0.5509546466125959,ok
Uganda,126,-0.7284597838573936,-0.3221699665350471,0.9999999998992525,1993.4980225318855,16.877357649744017,0.8633565327582456,ok
Ukraine,80,-0.9215207107687609,-0.14598119177859367,0.9999999999999992,1989.0409886633406,0.005000000000091735,0.9840019966684145,ok
United Arab Emirates,55,-0.8374821000861079,-0.6814773994766492,0.1164943192377893,1999.338178789026,0.0050000000000600415,0.9525203175628605,ok
United Kingdom,237,-0.9876907335440449,-0.08301351633453687,0.05290184396534033,1875.7120850795998,2.0762226598931086,0.9735069988992577,ok
United States,237,-1.032442424191054,-0.05365501619719313,0.1767694350944877,1975.776066239754,19.999999999999996,0.9507088900487067,ok
Uruguay,201,-1.3279999999912007,-0.15449791751667818,0.030224658067257486,1818.8431071507962,0.005000000000000001,0.7905962445588366,ok
Uzbekistan,229,-0.965741247196437,-0.6659069190457854,0.03571036571248203,1985.8826207261225,0.005000000000002394,0.9371388117396985,ok
Vanuatu,120,-0.3204625759558211,0.18308257029765992,0.25381611731677167,2072.5127949521393,6.997234799738707,0.7419013742880595,ok
Venezuela,227,-1.3819999999997141,-0.2107513782507281,0.09040772575955557,1923.677013489366,19.99999999998221,0.7966090325596384,ok
Vietnam,50,-0.9202219865294257,-0.400761161659956,0.09920335508463386,1992.1643834087724,0.005000000000000899,0.9659551785785484,ok
West Germany,42,-0.12778031926984976,-0.022348329716595575,0.9999999999999999,1978.2652857143314,6.490838502912953,0.9658921376039312,ok
World,237,-0.8163808970430092,-0.3254075588041881,0.2759217037214946,1997.1921599621598,19.999999999999993,0.9356446163709723,ok
World (population-weighted),237,-1.0234142402846196,-0.39218602746838366,0.20464065306992152,1989.807176309734,19.999999999999996,0.9826699887024691,ok
Wurttemberg,83,-0.8575462983142227,-0.7150767739323893,0.9999999999999999,1818.1536131720832,0.005000000000000001,0.9872928950128447,ok
Yemen,164,-0.9786719980889426,-0.7693709643861274,0.3076840600050567,1850.7319663761305,0.005000000000000001,0.9181633002378777,ok
Yemen Arab Republic,73,-0.9751236757535136,-0.8850531168114817,0.9999999981346571,1962.7685725471292,0.005000000000007766,0.98328654978188,ok
Yemen People's Republic,91,-0.5190000000000012,-0.4235008831821603,0.0010000000000000002,1850.0000000081714,19.99999999999998,-0.0010983366152559348,ok
Zambia,115,-0.8593130131760015,-0.32660874909532484,0.07187637087354137,1967.8176927084505,0.005000000000000001,0.9603823949007783,ok
Zanzibar,170,-1.0833462575210167,-0.31372752816843535,0.25552304143300947,1989.7964257251094,19.999999999860332,0.9382865336627264,ok
Zimbabwe,126,-0.955312046427388,-0.2637596046433733,0.9999999999874557,1979.4228311179438,0.005000000000000047,0.9853600136035615,ok
