code,entity,n,lin_R2,lin_AIC,lin_BIC,lin_RSS,quad_R2,quad_AIC,quad_BIC,quad_RSS,pw_R2,pw_AIC,pw_BIC,pw_RSS,log_R2,log_AIC,log_BIC,log_RSS,ric_R2,ric_AIC,ric_BIC,ric_RSS,aic_winner,bic_winner,aic_best,bic_best,dAIC_sig_vs_simple,dBIC_sig_vs_simple
AFG,Afghanistan,237,0.3791139439667387,-1176.2294058602013,-1169.293285577931,1.6293631457321822,0.49523934181374185,-1223.3033860867347,-1212.8992056633292,1.3246205255737773,0.49094765165919396,-1219.296829382793,-1205.4245888182525,1.3358830135983872,0.5024710304906188,-1224.723435364463,-1210.8511947999225,1.3056427326325217,0.5307043485223101,-1236.5691716694353,-1219.2288709637596,1.231551315317604,Richards,Richards,-1236.5691716694353,-1219.2288709637596,-13.265785582700573,-6.329665300430406
AGO,Angola,126,0.8151141466826672,-591.8019813711163,-586.1294175572134,1.1137077377867763,0.9693667471994012,-816.3061981085632,-807.7973523877088,0.18452731815586096,0.9795623551405233,-865.2993525846825,-853.9542249568766,0.12311143775327209,0.9764824411551634,-847.6128849847948,-836.2677573569889,0.14166409592407128,0.9785589684961867,-857.2604359659103,-843.079026431153,0.12915559662069753,Piecewise,Piecewise,-865.2993525846825,-853.9542249568766,8.038916618772191,10.87519852572359
ALB,Albania,114,0.9530156580912639,-666.3157170083941,-660.8433201116052,0.31861749162093383,0.9718157747977044,-722.5756408915609,-714.3670455463773,0.19112723031596182,0.9757730008672713,-737.8232427936151,-726.8784490000371,0.16429187639078724,0.9604849330227541,-682.0528053286786,-671.1080115351006,0.26796568835589685,0.9723053220794644,-720.5731682187593,-706.8921759767868,0.1878074365164197,Piecewise,Piecewise,-737.8232427936151,-726.8784490000371,17.25007457485583,19.986273023250305
ARE,United Arab Emirates,55,0.8890580052185671,-316.5845387125523,-312.5698723420873,0.16178667871572866,0.964759739318166,-377.65954503766125,-371.63754548196385,0.05139086190060628,0.9677135710806624,-380.4743667926313,-372.44503405170144,0.04708328990065445,0.9656966129738674,-377.1415256451421,-369.11219290421224,0.05002461932104195,0.965756219564071,-375.2371784170623,-365.20051249089994,0.04993769504788821,Piecewise,Piecewise,-380.4743667926313,-372.44503405170144,3.332841147489205,3.332841147489205
ARG,Argentina,190,0.8407413134498355,-864.0218047478801,-857.527756603559,1.9708959921427542,0.9140883048337755,-979.2916802854535,-969.550608068972,1.0631948520306767,0.9297969625504368,-1015.6580743345529,-1002.669978045911,0.8687933333043621,0.9048534694477893,-957.8930295420738,-944.9049332534319,1.1774799842555055,0.9240430894446888,-998.6908937767739,-982.4557734159715,0.9400000328512936,Piecewise,Piecewise,-1015.6580743345529,-1002.669978045911,16.96718055777899,20.214204629939445
ARM,Armenia,96,0.9092147763086579,-547.1484440782442,-542.0197476953085,0.3082693286794872,0.9371646473827687,-580.4743976308689,-572.7813530564654,0.21336304721249497,0.9382427765264152,-580.1358606886595,-569.8784679227881,0.20970216349344797,0.9300100118399645,-568.1222999649087,-557.8649071990374,0.23765725067478158,0.9371850537772567,-576.5055796321241,-563.6838386747849,0.2132937554789528,Quadratic,Quadratic,-580.4743976308689,-572.7813530564654,3.9688179987448393,9.097514381680526
AUS,Australia,160,0.8701585790401462,-766.4714099323782,-760.3210623019105,1.2965767254579612,0.9678197527034171,-987.6651764524332,-978.4396550067318,0.3213470659500231,0.9767307351323312,-1037.5402870012765,-1025.2395917403412,0.23236334771216344,0.976499712779201,-1035.9596057466558,-1023.6589104857205,0.23467030187143623,0.9911955022490937,-1191.0395968293155,-1175.6637277531463,0.08792037840298841,Richards,Richards,-1191.0395968293155,-1175.6637277531463,-153.49930982803903,-150.4241360128051
AUT,Austria,170,0.9069791844548297,-810.9147370443827,-804.6431401702822,1.4080170074098135,0.9639888281375425,-970.243729173608,-960.8363338624572,0.5450859804005495,0.970432957825892,-1001.762445385823,-989.2192516376219,0.44754389644897824,0.973537474000393,-1020.6206613195509,-1008.0774675713499,0.40055213930454064,0.9801388743749504,-1067.404759592535,-1051.7257674072837,0.30062951504433033,Richards,Richards,-1067.404759592535,-1051.7257674072837,-65.64231420671194,-62.506515769661746
AZE,Azerbaijan,201,0.9120834894531015,-1189.894626781317,-1183.2880169651987,0.529157396990796,0.9734086882204641,-1428.2510464132727,-1418.3411316890954,0.160049451875411,0.9773662969441872,-1458.641082176441,-1445.4278625442046,0.1362291487545741,0.9782379235945873,-1466.5346015357097,-1453.3213819034734,0.13098294770991947,0.9790786502610512,-1472.4537370784922,-1455.9372125381967,0.12592272942282678,Richards,Richards,-1472.4537370784922,-1455.9372125381967,-13.812654902051236,-10.509349993992146
BDI,Burundi,110,0.8367918665461394,-579.4994121178137,-574.0984513862288,0.5465881176566054,0.9245527279949061,-662.3745596612907,-654.2731185639135,0.25267479944097554,0.9455052223297542,-696.1607665703949,-685.3588451072252,0.18250437229168773,0.9704056581827247,-763.3181520609531,-752.5162305977834,0.09911219033556092,0.9790013730433523,-799.0620269842948,-785.5596251553327,0.07032492645259021,Richards,Richards,-799.0620269842948,-785.5596251553327,-102.90126041389988,-100.2007800481075
BEL,Belgium,135,0.7899213828451612,-612.4832817033115,-606.6727321464347,1.403167177249671,0.9309204154091442,-760.633331117512,-751.9175067821966,0.4613996751725021,0.95526530616181,-817.2921663664309,-805.6710672526772,0.29879411302386993,0.9755106696770179,-898.6312625260017,-887.010163412248,0.16357030985550777,0.9763222787732618,-901.1811610820369,-886.6547871898447,0.15814937144668603,Richards,Logistic,-901.1811610820369,-887.010163412248,-83.88899471560592,-81.33909615957077
BEN,Benin,126,0.8601296236616889,-645.3557074158088,-639.6831436019058,0.7280869372828396,0.9136169314811252,-704.0781843392652,-695.5693386184108,0.44966193298054474,0.9414034329002579,-750.9807470964632,-739.6356194686573,0.30502095005269475,0.9503481653121498,-771.8514842070432,-760.5063565792373,0.25845967670031045,0.9511565517675745,-771.9197859064782,-757.7383763717208,0.2542516690157706,Richards,Logistic,-771.9197859064782,-760.5063565792373,-20.93903881001495,-20.870737110579967
BFA,Burkina Faso,92,0.8342744684410253,-489.60375832119433,-484.56018116709623,0.4302152278764452,0.837892356148743,-489.63442029968144,-482.06905456853434,0.4208233715344229,0.9114327030893824,-543.2482273459032,-533.161073037707,0.2299162927061899,0.8643468038836465,-504.02504668688925,-493.9378923786931,0.35214894247358186,0.8922698193591554,-523.2284547361148,-510.6195118508696,0.2796621846832248,Piecewise,Piecewise,-543.2482273459032,-533.161073037707,20.019772609788333,22.541561186837328
BGD,Bangladesh,220,0.7670566475865496,-1048.3374457627838,-1041.550190670079,1.8409385445924533,0.9139397668416065,-1265.4019759872838,-1255.2210933482268,0.6801293049852752,0.9425706190744431,-1352.3900843123777,-1338.8155741269682,0.4538612492804315,0.960674484481091,-1435.7002292819213,-1422.1257190965118,0.31078739339267786,0.9647736952896445,-1457.9179308385774,-1440.9497931068156,0.2783915550839634,Richards,Richards,-1457.9179308385774,-1440.9497931068156,-105.52784652619971,-102.13421897984745
BGR,Bulgaria,214,0.9438850117449429,-1108.3924513564757,-1101.660499326432,1.182795196587195,0.9568454942086942,-1162.5922996467646,-1152.494371601699,0.909613344817028,0.968031918070749,-1224.8027574728214,-1211.3388534127341,0.6738252100875464,0.9585876853951545,-1169.4109278138856,-1155.9470237537982,0.8728913311276446,0.9603983676279146,-1176.9784295195645,-1160.1485494444553,0.834725658923989,Piecewise,Piecewise,-1224.8027574728214,-1211.3388534127341,47.8243279532569,51.19030396827884
BHR,Bahrain,126,0.9220427114450748,-846.4149644395553,-840.7424006256524,0.14763043222997124,0.9385163674761438,-874.3261160963527,-865.8172703754983,0.11643369610232754,0.956942945161052,-917.2129745864097,-905.8678469586038,0.08153864422753662,0.9362117427371959,-867.6895534298924,-856.3444258020864,0.12079804422994415,0.9421657434157961,-878.03602169642,-863.8546121616627,0.10952274579444268,Piecewise,Piecewise,-917.2129745864097,-905.8678469586038,39.17695288998971,42.013234796941106
BIH,Bosnia and Herzegovina,195,0.8958006048051672,-932.0921787435668,-925.5461796264393,1.6040422460891088,0.9630346318430308,-1132.1755238034834,-1122.356525127792,0.5690437267428202,0.9676587760465452,-1156.235085651757,-1143.1430874175019,0.49785979481523107,0.9684443660397435,-1161.0302437562589,-1147.9382455220039,0.4857664469139424,0.9684618430281491,-1159.1382738104344,-1142.7732760176157,0.4854974066984529,Logistic,Logistic,-1161.0302437562589,-1147.9382455220039,-4.795158104501979,-4.795158104501979
BLR,Belarus,219,0.8103057617562635,-1014.9578516915539,-1008.1797082319208,2.088186845305217,0.9472278149670932,-1293.15285748612,-1282.9856422966704,0.5809253017065079,0.955130199694191,-1326.6788806412985,-1313.1225937220324,0.49393448961624414,0.9565277712338,-1333.6086219596625,-1320.0523350403964,0.47854978140684407,0.9697970334125281,-1411.3645159021282,-1394.4191572530458,0.3324794580007984,Richards,Richards,-1411.3645159021282,-1394.4191572530458,-84.68563526082971,-81.29656353101336
BOL,Bolivia,127,0.8294986252409098,-559.5663151207167,-553.8779409477995,1.5017889730054135,0.9535276751155695,-722.6518864166397,-714.1193251572639,0.40933174386408794,0.9621429995214569,-746.6921004851632,-735.3153521393289,0.3334473164809812,0.9714433357270728,-782.4966494621606,-771.1199011163262,0.25152925348253447,0.9739335232585221,-792.08416257863,-777.863227146337,0.22959549382382013,Richards,Richards,-792.08416257863,-777.863227146337,-45.392062093466734,-42.54787500700809
BRA,Brazil,161,0.7833277741130658,-699.1143964669862,-692.9515877370173,2.0426218445623494,0.9308684177835934,-881.0366192552946,-871.7924061603412,0.6517202627441386,0.942320056557628,-908.1940677899511,-895.8684503300133,0.5437628749426842,0.9296551834660903,-876.2356342344943,-863.9100167745565,0.6631577181418495,0.9493824686091251,-927.2225234715933,-911.8155016466709,0.47718379646302506,Richards,Richards,-927.2225234715933,-911.8155016466709,-19.028455681642185,-15.947051316657621
BRB,Barbados,111,0.9091816238862755,-603.73551558724,-598.3164551846153,0.4650713084214905,0.9105294090564146,-603.395150598154,-595.266559994217,0.4581694429690328,0.9302544708835445,-629.0404396933197,-618.2023188880704,0.35715948545613013,0.9915717691391257,-863.6130136743078,-852.7748928690585,0.0431600797314064,0.9943214741507413,-905.4463833418303,-891.8987323352686,0.029079130894313396,Richards,Richards,-905.4463833418303,-891.8987323352686,-276.4059436485105,-273.6964134471982
BTN,Bhutan,126,0.9005727453134659,-737.1273536652716,-731.4547898513687,0.35145232238370205,0.9689534882977995,-881.7837697961403,-873.2749240752859,0.10974222987501357,0.9736652569442876,-900.5230373333599,-889.1779097055539,0.09308721874588442,0.9711839547456511,-889.1775862250718,-877.8324585972658,0.10185804745875572,0.9713172671869018,-887.7618559525582,-873.5804464178009,0.1013868188481708,Piecewise,Piecewise,-900.5230373333599,-889.1779097055539,11.345451108288103,11.345451108288103
BWA,Botswana,126,0.8617456618739259,-591.9322513401094,-586.2596875262064,1.11255688303562,0.9006540856003165,-631.5736352531461,-623.0647895322917,0.7994539799976836,0.9380121490702885,-689.0039836536888,-677.6588560258829,0.49882709758841226,0.9681967912425169,-773.0927578875488,-761.7476302597429,0.2559259932479725,0.9742655787805344,-797.7717139064968,-783.5903043717394,0.2070893965912715,Richards,Richards,-797.7717139064968,-783.5903043717394,-108.76773025280795,-105.93144834585655
CAF,Central African Republic,104,0.9500955852824126,-624.3174677923532,-619.0286859940704,0.2473073919589429,0.9501073040354543,-622.3418923536177,-614.4087196561936,0.2472493182540782,0.9638807731376333,-653.9390190299273,-643.3614554333618,0.1789932182444229,0.9835744408867921,-735.8896378531487,-725.3120742565832,0.08139885436474827,0.9871222891887733,-759.1970635121853,-745.9751090164784,0.0638170609383698,Richards,Richards,-759.1970635121853,-745.9751090164784,-105.25804448225801,-102.61365358311662
CAN,Canada,126,0.9479993989428378,-786.9340992110461,-781.2615353971432,0.23669737590401196,0.9740056457897387,-872.2994636976019,-863.7906179767475,0.11832162138135147,0.9901033228496139,-991.975182664049,-980.6300550362431,0.04504789298667049,0.9843611775429101,-934.3229524829002,-922.9778248550942,0.07118510483663115,0.9890644642977829,-977.3980411821593,-963.216631647402,0.04977659012006551,Piecewise,Piecewise,-991.975182664049,-980.6300550362431,14.577141481889726,17.413423388841125
CHE,Switzerland,171,0.6851639276913362,-777.1064723471262,-770.823145234121,1.774980521757681,0.8981810477319125,-968.1408209217332,-958.7158302522251,0.5740341495698962,0.9363502391719242,-1046.4767390819209,-1033.9100848559103,0.3588441592982632,0.9683142046855653,-1165.7538704911385,-1153.187216265128,0.1786379466847854,0.9688646036237057,-1166.7503315328645,-1151.042013750351,0.17553491154897188,Richards,Logistic,-1166.7503315328645,-1153.187216265128,-120.27359245094362,-119.27713140921765
CHL,Chile,143,0.5870094123678348,-504.0945368202956,-498.1688475597758,4.094874137448748,0.7839205495882686,-594.7268818299904,-585.8383479392106,2.1424656629540704,0.9063187209754042,-712.2388163310064,-700.3874378099669,0.9288663183350956,0.872988334555597,-668.7123957056608,-656.8610171846212,1.2593429476552842,0.8775703401014767,-671.9665411704038,-657.1523180191043,1.2139115587341855,Piecewise,Piecewise,-712.2388163310064,-700.3874378099669,40.27227516060259,43.23511979086254
CHN,China,237,0.788411582212307,-1124.9162146429992,-1117.980094360729,2.0232408069510575,0.9425581425436057,-1431.9333336811937,-1421.5291532577883,0.54926782499719,0.9666720841993165,-1558.9508967913046,-1545.078656226764,0.3186866273853952,0.9841454666034828,-1735.027648350418,-1721.1554077858775,0.15160347281006906,0.9841458922258567,-1733.0340108118107,-1715.693710106135,0.15159940294384333,Logistic,Logistic,-1735.027648350418,-1721.1554077858775,-176.07675155911352,-176.07675155911352
CIV,Cote d'Ivoire,126,0.8795175174017418,-632.2753091931564,-626.6027453792535,0.8077342813488317,0.9211639649134542,-683.7162157908741,-675.2073700700197,0.5285296814255962,0.9525170543424165,-745.5981631990454,-734.2530355712395,0.3183334386870303,0.9525829271249802,-745.7730835428847,-734.4279559150788,0.31789181677206757,0.9601987749876623,-765.8337507110366,-751.6523411762793,0.26683392630065655,Richards,Richards,-765.8337507110366,-751.6523411762793,-20.235587511991184,-17.399305605039785
CMR,Cameroon,65,0.9539615545915008,-421.8580539743052,-417.5092794345139,0.09280311258741254,0.9559692759643483,-422.75634894541923,-416.23318713573235,0.08875599955057377,0.9672991447133362,-440.09296693829566,-431.39541785871313,0.06591754191406074,0.9767743140297017,-462.3322237829746,-453.6346747033921,0.04681773962818396,0.977670078482314,-462.88875626366604,-452.01681991418786,0.04501208071398797,Richards,Logistic,-462.88875626366604,-453.6346747033921,-22.79578932537038,-22.23925684467895
COD,Democratic Republic of Congo,126,0.9401168141649002,-798.7210440852429,-793.0484802713399,0.21555912820897397,0.9716935810865844,-891.1337470184433,-882.6249012975888,0.10189349311668452,0.974174599474284,-900.691736033612,-889.346608405806,0.09296266965990221,0.9722781228815872,-891.7629520393551,-880.4178244115492,0.09978934120867655,0.972513729987426,-890.8383974981332,-876.6569879633759,0.09894123565740692,Piecewise,Piecewise,-900.691736033612,-889.346608405806,8.928783994256833,8.928783994256833
COG,Congo,123,0.8069762340421267,-792.9601636479262,-787.3357949371813,0.18878120715584734,0.8782157471176935,-847.6093217220131,-839.1727686558959,0.11910750035160135,0.8805219944036824,-847.96092912731,-836.7121917058204,0.11685194314345992,0.874731315693609,-842.1395108237564,-830.8907734022667,0.12251534584267941,0.8834268925567518,-848.9884133604739,-834.9274915836119,0.11401089309306914,Richards,Quadratic,-848.9884133604739,-839.1727686558959,-1.027484233163932,4.245277072284011
COL,Colombia,158,0.7435883766376339,-690.9603182020412,-684.8351281359872,1.9427645926805843,0.9434984992183817,-927.9379815510691,-918.7501964519882,0.42809726685718297,0.956305605797751,-966.5514684692015,-954.3010883370936,0.3310611306991798,0.9536618412276661,-957.2696051370126,-945.0192250049047,0.3510922514837704,0.9614940757921238,-984.5238866117505,-969.2109114466157,0.29174943467279607,Richards,Richards,-984.5238866117505,-969.2109114466157,-17.97241814254903,-14.909823109522108
COM,Comoros,94,0.8148619338082559,-501.8683956493024,-496.78180608476237,0.4324520201427321,0.8775230305987262,-538.7072068959308,-531.0773225491207,0.2860860217891936,0.9001860271345432,-555.9410004678381,-545.767821338758,0.23314899573075215,0.9159386308023927,-572.0865405221641,-561.9133613930841,0.19635350888790054,0.9162860909876819,-570.4758863716874,-557.7594124603373,0.1955418991409785,Logistic,Logistic,-572.0865405221641,-561.9133613930841,-16.145540054326034,-16.145540054326034
CPV,Cape Verde,126,0.8008806023610667,-521.0114447130029,-515.3388808991,1.9533081243784527,0.9064905692941845,-614.2475793724223,-605.7387336515678,0.9173025474639136,0.9408348996941405,-669.9216158429704,-658.5764882151644,0.580393836449136,0.980570635132059,-810.2284460589266,-798.8833184311206,0.19059688155987964,0.9856668681738259,-846.5591336590668,-832.3777241243095,0.1406041961548158,Richards,Richards,-846.5591336590668,-832.3777241243095,-176.63751781609642,-173.80123590914502
CRI,Costa Rica,126,0.9163543150330552,-685.5552142974494,-679.8826504835465,0.5292054628331456,0.9216217699276015,-691.7507117502109,-683.2418660293565,0.49587958467789245,0.94692000361341,-738.8587165399201,-727.5135889121142,0.3358239467588526,0.9632947756614633,-785.3377280727269,-773.992600444921,0.2322248331416735,0.9657339170018959,-792.0018744390532,-777.8204649042958,0.21679299200737934,Richards,Richards,-792.0018744390532,-777.8204649042958,-53.14315789913303,-50.30687599218163
CUB,Cuba,233,0.8838105407300623,-1239.682371279259,-1232.7802943721276,1.1200192503457753,0.9422444108187439,-1400.5498375733878,-1390.1967222126907,0.5567404487853225,0.9581119121770239,-1473.3937808655053,-1459.5896270512426,0.4037841729937926,0.9487301020238815,-1426.3039427471588,-1412.499788932896,0.4942210167542625,0.9532155696942993,-1445.6358695841918,-1428.3806773163633,0.4509829281252421,Piecewise,Piecewise,-1473.3937808655053,-1459.5896270512426,27.757911281313454,31.208949734879297
CYP,Cyprus,126,0.9044232550164405,-623.4651610724464,-617.7925972585435,0.8662338919675041,0.9446559296650029,-690.3065228481645,-681.7976771273101,0.5015959630332075,0.9721800172648578,-774.971207450312,-763.6260798225061,0.2521388641481385,0.9867459160990281,-868.393761544796,-857.0486339169901,0.12012479274092928,0.9892498564756995,-892.7764754507907,-878.5950659160334,0.09743100861894649,Richards,Richards,-892.7764754507907,-878.5950659160334,-117.80526800047869,-114.96898609352729
CZE,Czechia,177,0.8109279302343826,-749.4150695935894,-743.0627701284417,2.508205152043584,0.8635499010084122,-805.1470341454324,-795.6185849477109,1.810129024936471,0.871628727263648,-813.9497581469917,-801.2451592166964,1.702956380870286,0.8457995511441083,-781.5009254586474,-768.7963265283521,2.045602826198679,0.8678021534566632,-806.7507363931303,-790.8699877302612,1.7537192045345757,Piecewise,Piecewise,-813.9497581469917,-801.2451592166964,7.199021753861416,10.375171486435192
DEU,Germany,139,0.8169978985414059,-510.1442446843231,-504.2752968180617,3.440423158356129,0.89075066364919,-579.849462558225,-571.046040758833,2.0538777632638707,0.9016070448728744,-592.3976963010191,-580.6598005684963,1.849778766147395,0.8830521396167937,-568.3841966267066,-556.6463008941838,2.1986093273011815,0.902169931533533,-591.195171123422,-576.5228014577685,1.8391965472142542,Piecewise,Piecewise,-592.3976963010191,-580.6598005684963,1.2025251775970673,4.136999110727743
DJI,Djibouti,126,0.7145670267848794,-583.5837860849504,-577.9112222710474,1.188769246550181,0.9503250978092622,-801.8957200292776,-793.3868743084232,0.20688568452542405,0.9784054908964919,-904.8613739307123,-893.5162463029063,0.08993666018134172,0.9786801994618218,-906.4745305824192,-895.1294029546133,0.08879255587359605,0.9807109218040979,-917.0867783479288,-902.9053688131714,0.08033501769365767,Richards,Richards,-917.0867783479288,-902.9053688131714,-12.22540441721651,-9.38912251026511
DNK,Denmark,185,0.9376759072234192,-960.7717982328488,-954.3310865826921,1.005387593090123,0.9383673729865759,-960.835784651288,-951.174717176053,0.9942331411221423,0.9512087335241703,-1002.0591954635605,-989.1777721632473,0.7870813963037105,0.9822420714711089,-1189.0422543657173,-1176.160831065404,0.28646387338408297,0.9835361548753663,-1201.0403388871,-1184.9385597617083,0.2655882321817602,Richards,Richards,-1201.0403388871,-1184.9385597617083,-198.9811434235395,-195.7607875984611
DOM,Dominican Republic,160,0.7758625083710767,-699.7658250400949,-693.6154774096273,1.9672515350463207,0.9500548671581028,-937.9793619562979,-928.7538405105964,0.43836771143126185,0.9788589638816795,-1073.5328128816923,-1061.232117620757,0.18555456944744744,0.9592735993318618,-968.6271239600005,-956.3264286990652,0.35745503194953876,0.9695289705749842,-1013.0431511477311,-997.667282071562,0.26744378629009535,Piecewise,Piecewise,-1073.5328128816923,-1061.232117620757,60.48966173396116,63.56483554919498
DZA,Algeria,126,0.8576660233626381,-611.2844401381396,-605.6118763242367,0.9541561559805025,0.9402018781912043,-718.5518910881889,-710.0430453673345,0.4008652564053865,0.9564510065643436,-756.5049365500827,-745.1598089222767,0.2919369018913418,0.9496161080080778,-738.136035310772,-726.790907682966,0.3377556212655561,0.9530524312982346,-745.0366880600758,-730.8552785253185,0.31471973694121147,Piecewise,Piecewise,-756.5049365500827,-745.1598089222767,11.468248490006886,14.304530396958285
ECU,Ecuador,126,0.8292231320752343,-567.1874020980817,-561.5148382841788,1.3539802080179977,0.9519249628077242,-724.9043435442039,-716.3954978233495,0.3811561228933333,0.972582696267059,-793.6645232643363,-782.3193956365303,0.21737420918138758,0.984420979375832,-864.885917398342,-853.5407897705361,0.123516058361724,0.9845306277789827,-863.7758672454404,-849.5944577106831,0.1226467265282558,Logistic,Logistic,-864.885917398342,-853.5407897705361,-71.22139413400578,-71.22139413400578
EGY,Egypt,205,0.8517453159564122,-1320.865119464404,-1314.2190995061271,0.31990004185920784,0.9226168257736918,-1452.1483834294895,-1442.1793534920744,0.1669753696747707,0.9218289690997654,-1448.071782554585,-1434.7797426380314,0.1686753859986661,0.9232041670098956,-1451.7102761675985,-1438.4182362510448,0.16570802026682857,0.9241842291533595,-1452.3433066370173,-1435.7282567413254,0.16359326805686436,Richards,Quadratic,-1452.3433066370173,-1442.1793534920744,-0.19492320752783598,3.761117241029524
ERI,Eritrea,126,0.09474254786333869,-706.8086480508409,-701.136084236938,0.44706263567054094,0.1752328106929003,-716.5415449063503,-708.0326991854959,0.40731240885775344,0.2659603902400991,-729.2253531069128,-717.8802254791069,0.3625064691279625,0.25039090813576703,-726.5807556890128,-715.2356280612069,0.370195479242333,0.25086257225267683,-724.6600615354849,-710.4786520007276,0.36996254727059474,Piecewise,Piecewise,-729.2253531069128,-717.8802254791069,2.6445974179000586,2.6445974179000586
ESP,Spain,149,0.543088995606132,-442.9519733173609,-436.94408070547,7.420664679944136,0.8484817819698558,-605.4156052192158,-596.4037663013794,2.460798444537213,0.9017764005790527,-668.0010501999471,-655.9852649761654,1.5952436862993329,0.9763432012549221,-880.1168481605164,-868.1010629367346,0.38420867346153653,0.9774026869251085,-884.9439593629743,-869.924227833247,0.36700162916614043,Richards,Richards,-884.9439593629743,-869.924227833247,-216.94290916302714,-213.9389628570816
EST,Estonia,230,0.7684026165763496,-936.1235824973581,-929.2474238795118,3.8596846065012973,0.8579545423442048,-1046.5598454305168,-1036.2456075037471,2.3672576012424775,0.8662540529930935,-1058.4070065036617,-1044.654689267969,2.2289421633931106,0.8362501134997863,-1011.8554437746528,-998.10312653896,2.7289726114266113,0.8628012788728073,-1050.5446948694507,-1033.3542983248346,2.2864843468357323,Piecewise,Piecewise,-1058.4070065036617,-1044.654689267969,7.8623116342109824,11.300390943134289
ETH,Ethiopia,237,0.41216055359768067,-971.2809560734987,-964.3448357912284,3.8688241429322643,0.7700413430500763,-1191.7183298905675,-1181.314149467162,1.5134567939070394,0.9721636920759669,-1690.1576544261266,-1676.285413861586,0.18320271088594164,0.9817981786384473,-1790.8398866182167,-1776.9676460536762,0.11979401239555464,0.982842717839671,-1802.8463412368026,-1785.506040531127,0.11291945080451765,Richards,Richards,-1802.8463412368026,-1785.506040531127,-112.68868681067602,-109.22062666954093
FIN,Finland,126,0.8917070417567846,-750.2296417524846,-744.5570779385816,0.31674202719060124,0.9701913875564292,-910.7750309141929,-902.2661851933385,0.0871860967350306,0.9707448581215009,-911.1365242981334,-899.7913966703275,0.08556727135972378,0.9712457683698718,-913.3125953784217,-901.9674677506158,0.08410217769081507,0.9726814854362142,-917.7663509196265,-903.5849413848691,0.07990290248915215,Richards,Richards,-917.7663509196265,-903.5849413848691,-6.629826621493066,-1.3187561915306105
FJI,Fiji,124,0.7874646005833459,-687.9325907939708,-682.2920276627607,0.46775062714648596,0.855959150823562,-734.170032392738,-725.7091876959229,0.31700694435805055,0.8868691048520891,-762.1224086856736,-750.8412824232535,0.24897992193451096,0.9016078702079118,-779.4309106666885,-768.1497844042684,0.2165426585069922,0.9091572717414597,-787.3299631750581,-773.2285553470329,0.19992783899179686,Richards,Richards,-787.3299631750581,-773.2285553470329,-25.207554489384506,-22.387272923779392
FRA,France,127,0.841780741694742,-659.9562441823502,-654.2678700094331,0.6812575597148743,0.8418596875129701,-658.0196285085963,-649.4870672492204,0.6809176362690698,0.8577750854593107,-669.4908973360647,-658.1141489902303,0.6123894097879653,0.8921342350134914,-704.6092132424935,-693.2324648966592,0.4644464183349347,0.9022491901182361,-715.114401999444,-700.893466567151,0.42089363149283576,Richards,Richards,-715.114401999444,-700.893466567151,-45.62350466337932,-42.779317576920675
GAB,Gabon,116,0.9297182855593338,-613.1681085343698,-607.6609281521571,0.5673240977203704,0.967141879263672,-699.3643859669446,-691.1036153936255,0.2652354719556779,0.982914133656923,-773.2222761153309,-762.2079153509055,0.13791956818356055,0.9816772005242476,-765.1145065424407,-754.1001457780153,0.14790427016501248,0.9829835241489753,-771.6943438777793,-757.9263929222475,0.1373594381610193,Piecewise,Piecewise,-773.2222761153309,-762.2079153509055,1.5279322375516813,4.281522428658036
GBR,United Kingdom,126,0.964179567937058,-832.1851552358469,-826.512591421944,0.16528100154080747,0.9667366358462763,-839.5169474328479,-831.0081017119935,0.153482295587154,0.9749004735569496,-872.9995096490024,-861.6543820211965,0.11581308850261295,0.9785557145841262,-892.8307483634414,-881.4856207356355,0.09894724230669834,0.9793791761731477,-895.764500766637,-881.5830912318796,0.09514766345391643,Richards,Richards,-895.764500766637,-881.5830912318796,-22.76499111763451,-19.92870921068311
GEO,Georgia,213,0.8283158035598335,-1005.823062197943,-999.1004778665242,1.859557994384381,0.9698933866303453,-1374.6372886055753,-1364.553412108447,0.32609287713265017,0.9768604646389661,-1428.699361211326,-1415.2541925484884,0.2506305697271718,0.9732971834173498,-1398.1921363633878,-1384.7469677005502,0.2892254329661163,0.9810500774552275,-1469.24457716821,-1452.4381163396629,0.20525173948306497,Richards,Richards,-1469.24457716821,-1452.4381163396629,-40.54521595688402,-37.18392379117449
GHA,Ghana,124,0.8492693511567417,-620.5712761337223,-614.9307130025122,0.8052652405192762,0.9058565247269812,-676.9349153967366,-668.4740706999215,0.5029532403717162,0.9162521902427625,-689.4441470997821,-678.163020837362,0.44741531125002393,0.9197827607920432,-694.7850222410253,-683.5038959786052,0.42855354846750443,0.9351314111954191,-719.1195137730582,-705.018105945033,0.34655473300713013,Richards,Richards,-719.1195137730582,-705.018105945033,-29.67536667327613,-26.855085107671016
GIN,Guinea,126,0.8118815122386862,-697.8318354021702,-692.1592715882673,0.480075438056243,0.8318129366598491,-709.9432288554589,-701.4343831346044,0.42921075471785985,0.8535214680715968,-725.3561710889861,-714.0110434611802,0.3738109221385355,0.8399067243340184,-714.157575810902,-702.8124481830961,0.40855553518334453,0.8518299850261661,-721.9095038154574,-707.7280942807,0.37812756041084705,Piecewise,Piecewise,-725.3561710889861,-714.0110434611802,3.4466672735287602,6.282949180480159
GMB,Gambia,126,0.8574729376974103,-640.393109813444,-634.7205459995411,0.7573353512470941,0.9203537265826713,-711.7171269937547,-703.2082812729003,0.42321042389813374,0.9397519744216245,-744.8869333075261,-733.5418056797201,0.32013541061046547,0.9222753551459193,-712.794407557007,-701.4492799292011,0.412999610461004,0.932014367320209,-727.6627820374766,-713.4813725027193,0.36125015259203797,Piecewise,Piecewise,-744.8869333075261,-733.5418056797201,17.224151270049447,20.060433177000846
GNB,Guinea-Bissau,126,0.8034175351526877,-538.4838053204825,-532.8112415065796,1.7003853138717657,0.8767349930879391,-595.2937315493763,-586.7848858285219,1.0662090722606772,0.916932628401329,-643.0239887423637,-631.6788611145578,0.7185103658050905,0.9670919352139518,-759.6917012867426,-748.3465736589367,0.2846458869747048,0.971999790242043,-778.0414266062564,-763.8600170714991,0.24219426434976862,Richards,Richards,-778.0414266062564,-763.8600170714991,-135.01743786389272,-132.18115595694132
GNQ,Equatorial Guinea,126,0.8335693899221508,-679.432703062073,-673.76013924817,0.5555552777402823,0.9258607656565837,-779.3205361288034,-770.811690407949,0.2474811749343605,0.95177621324739,-831.5121873589,-820.167059731094,0.16097386911279551,0.9722631188188214,-901.2014545603096,-889.8563269325036,0.09258735950707032,0.9724633282033014,-900.1142416496028,-885.9328321148455,0.09191904867080677,Logistic,Logistic,-901.2014545603096,-889.8563269325036,-69.68926720140962,-69.68926720140962
GRC,Greece,169,0.8329654969153197,-694.5987772618531,-688.338979832007,2.70791276144973,0.9265281248808342,-831.3980910673087,-822.0083949225394,1.1911037813664578,0.9490963370592086,-891.41564877866,-878.8960539189677,0.8252347624970844,0.9348659339661871,-849.7549829293365,-837.2353880696442,1.0559337463868452,0.9530519154567237,-903.0864774624393,-887.436983887824,0.7611081238461714,Richards,Richards,-903.0864774624393,-887.436983887824,-11.670828683779291,-8.54092996885629
GTM,Guatemala,161,0.4128696946767414,-570.7180201258279,-564.555211395859,4.534556216541488,0.8769984718277596,-820.369070279056,-811.1248571841027,0.9499719894554737,0.9271719454286141,-902.7484511724928,-890.422833712555,0.5624695312116064,0.9459512855701028,-950.7611445776569,-938.4355271177191,0.4174319257447081,0.9485703180535436,-956.7580602061134,-941.3510383811911,0.397204473812088,Richards,Richards,-956.7580602061134,-941.3510383811911,-54.00960903362068,-50.92820466863611
GUY,Guyana,116,0.9122346591204973,-687.6775838761504,-682.1704034939377,0.29845157087722424,0.9215300787202368,-698.6639333947682,-690.4031628214491,0.2668419109168752,0.9462510653461984,-740.557351632593,-729.5429908681676,0.18277663847313555,0.9718951845246193,-815.7697698339172,-804.7554090694917,0.095572195627407,0.9758875156171632,-831.54226907287,-817.7743181173382,0.08199602223035264,Richards,Richards,-831.54226907287,-817.7743181173382,-90.98491744027694,-88.23132724917059
HKG,Hong Kong,126,0.8611475127255261,-684.1248932219336,-678.4523294080307,0.5352471000764905,0.8669812995097287,-687.5331160574583,-679.0242703366039,0.5127590804522071,0.900980352704207,-722.7247169367607,-711.3795893089548,0.38169988961669454,0.9655177335879042,-855.6387291915433,-844.2936015637374,0.13292187603853067,0.9719396399017307,-879.60572484611,-865.4243153113526,0.10816677946871596,Richards,Richards,-879.60572484611,-865.4243153113526,-156.88100790934925,-154.04472600239785
HND,Honduras,127,0.8330210228467112,-592.5836931625519,-586.8953189896347,1.1579806758359792,0.9347216549674473,-709.863053368679,-701.3304921093031,0.45269807844646265,0.9450487501015377,-729.7342227084109,-718.3574743625766,0.38108081975515873,0.9508367505569296,-743.8693284046509,-732.4925800588165,0.34094167892834143,0.954923349384514,-752.8906416569595,-738.6697062246665,0.3126015695749803,Richards,Richards,-752.8906416569595,-738.6697062246665,-23.15641894854855,-20.312231862089902
HRV,Croatia,85,0.9149457380198196,-481.34331342308565,-476.45801091010503,0.2815993176275161,0.92746574124768,-492.87790118741157,-485.54994741794064,0.2401478455486526,0.9538825298969696,-529.3716085575397,-519.6010035315785,0.1526866239195269,0.9201056592687304,-482.66298811876527,-472.892383092804,0.26451574922216553,0.9209541587232049,-481.57053884482735,-469.35728256237576,0.26170652059770255,Piecewise,Piecewise,-529.3716085575397,-519.6010035315785,46.70862043877446,46.70862043877452
HTI,Haiti,198,0.6473251950653696,-1086.5866858769205,-1080.0101518155313,0.8027222346999567,0.6964029584684557,-1114.256015480916,-1104.3912143888324,0.6910164611040707,0.815145448604019,-1210.49015022642,-1197.3370821036417,0.42074697856157856,0.7356337750317492,-1139.6524722360512,-1126.499404113273,0.6017232983939416,0.7948093747478022,-1187.8248666320103,-1171.3835314785376,0.4670338650146992,Piecewise,Piecewise,-1210.49015022642,-1197.3370821036417,22.66528359440963,25.95355062510407
HUN,Hungary,185,0.864970792507233,-851.2723341304431,-844.8316224802865,1.8171368936882246,0.92205304309923,-950.9229061046738,-941.2618386294388,1.0489603972733244,0.94347888692716,-1008.3845524498345,-995.5031291495212,0.7606250658212818,0.9198815511729271,-943.8395511470436,-930.9581278467303,1.0781829496891961,0.9400798264241369,-995.5807402354392,-979.4789611100475,0.8063674526619405,Piecewise,Piecewise,-1008.3845524498345,-995.5031291495212,12.803812214395293,16.024168039473693
IDN,Indonesia,226,0.6886500636266477,-943.5754289083311,-936.7343589097866,3.4134495114940284,0.935021924832221,-1295.6874995196772,-1285.4258945218603,0.7123797150011583,0.954470964101019,-1374.0756167660895,-1360.3934767690005,0.4991523915450918,0.949981696150674,-1352.8228612155344,-1339.1407212184454,0.5483699686243284,0.9504499801925355,-1352.9486974233648,-1335.8460224270034,0.5432359899489134,Piecewise,Piecewise,-1374.0756167660895,-1360.3934767690005,21.126919342724705,21.252755550555094
IND,India,237,0.8080346235406606,-1195.4127552351629,-1188.4766349528927,1.5026749620063864,0.9337770488168226,-1445.6489940187855,-1435.24481359538,0.5183829109631634,0.9535515277385217,-1527.7089889002623,-1513.8367483357217,0.3635913807902511,0.9592630107980221,-1558.8050643583758,-1544.9328237938353,0.31888278412697335,0.9598673992960419,-1560.347625688962,-1543.0073249832863,0.3141517254326916,Richards,Logistic,-1560.347625688962,-1544.9328237938353,-32.638636788699614,-31.096075458113546
IRL,Ireland,126,0.9647429518679477,-848.3531553133994,-842.6805914994965,0.1453768889048869,0.9654810318359682,-849.018871978931,-840.5100262580766,0.14233353232234028,0.9685473345708492,-858.740052713863,-847.394925086057,0.12969011559703914,0.9595054592905381,-826.9019396708043,-815.5568120429983,0.16697286522469765,0.9700011637223748,-862.7030204440362,-848.5216109092788,0.12369547990727815,Richards,Richards,-862.7030204440362,-848.5216109092788,-3.9629677301732045,-1.1266858232218055
IRN,Iran,237,0.7176209400568663,-1371.0950649309063,-1364.1589446486362,0.716033202829426,0.8794995260554438,-1570.9234748805006,-1560.5192944570952,0.3055550235147044,0.9049472030831015,-1625.1448973437443,-1611.2726567792038,0.24102693247866236,0.9132721749200362,-1646.8677785879047,-1632.9955380233641,0.21991716517132173,0.9157709761883038,-1651.7965221188892,-1634.4562214132136,0.21358091390781722,Richards,Richards,-1651.7965221188892,-1634.4562214132136,-26.65162477514491,-23.183564634009826
IRQ,Iraq,235,0.7851449934325492,-1276.7180023988715,-1269.7988313705832,1.009769083130103,0.8871537686394801,-1426.0432690699072,-1415.6645125274747,0.5303513164345415,0.9470876080109474,-1602.0295766870768,-1588.1912346305,0.24867606484297972,0.8949611698492516,-1440.8918325550592,-1427.0534904984825,0.4936583275804757,0.9104655159424522,-1476.4228001179217,-1459.124872547201,0.42079146918521626,Piecewise,Piecewise,-1602.0295766870768,-1588.1912346305,125.60677656915504,129.06636208329905
ISL,Iceland,103,0.9335794634277051,-657.5272080999151,-652.2577501234558,0.1673169660541944,0.9359826148310484,-659.3229233793347,-651.4187364146458,0.16126329617246096,0.9425502218944214,-668.4720088069474,-657.9330928540289,0.14471913461056818,0.9534790444647436,-690.2058610438844,-679.6669450909659,0.11718883254773213,0.9705755456182581,-735.3877670614833,-722.2141221203351,0.07412181064804384,Richards,Richards,-735.3877670614833,-722.2141221203351,-66.91575825453583,-64.28102926630618
ISR,Israel,207,0.8696969612599783,-853.1356542723674,-846.4702166858367,3.2935527331781205,0.9340437110867396,-992.0758625813838,-982.0777062015877,1.6671178026321323,0.9627370462268074,-1108.2713301083875,-1094.940454935326,0.941862173228762,0.9950949760760004,-1528.0134410111484,-1514.682565838087,0.12397987880716209,0.9952363343995189,-1532.066641504769,-1515.4030475384423,0.12040689158227885,Richards,Richards,-1532.066641504769,-1515.4030475384423,-423.7953113963815,-420.46259260311626
ITA,Italy,159,0.8364654375703078,-638.7156438894015,-632.577835484961,2.7917466746231328,0.9386587046115962,-792.6264459868511,-783.4197333801903,1.0471753180082413,0.9593656824158546,-856.1090546983287,-843.8334378894477,0.6936804019021315,0.9728305029764903,-920.1094261116018,-907.8338093027209,0.4638184848488911,0.9759641387408606,-937.5945544263251,-922.2500334152239,0.4103232658891549,Richards,Richards,-937.5945544263251,-922.2500334152239,-81.4854997279964,-78.41659552577619
JAM,Jamaica,104,0.9336883509459537,-591.1609708609975,-585.8721890627147,0.34016967431372536,0.9338870011933633,-589.4729919471196,-581.5398192496955,0.3391506257615081,0.9537690776602497,-624.6755071431746,-614.0979435466091,0.23715829752203066,0.9937505747221984,-832.7960831770713,-822.2185195805058,0.03205869544376849,0.9937858399000636,-831.3846117864895,-818.1626572907826,0.0318777899129884,Logistic,Logistic,-832.7960831770713,-822.2185195805058,-208.12057603389667,-208.12057603389667
JOR,Jordan,104,0.8836944893360963,-580.1530016280337,-574.8642198297509,0.3781497923717062,0.9473733853148435,-660.6248422165744,-652.6916695191503,0.1711074849576671,0.9699747025870219,-716.9877391160852,-706.4101755195197,0.09762271725393137,0.9868304124093517,-802.6972666524463,-792.1197030558808,0.04281892392369918,0.9870290127449928,-802.2775557192942,-789.0556012235874,0.04217320494392794,Logistic,Logistic,-802.6972666524463,-792.1197030558808,-85.70952753636107,-85.70952753636107
JPN,Japan,227,0.8854704771368347,-1051.1194773965776,-1044.269577361615,2.1746040300711007,0.9413420452816411,-1201.0073191721062,-1190.732469119662,1.1137549649855052,0.9489481429661337,-1230.533368712822,-1216.8335686428964,0.9693358644399321,0.9627199414978758,-1301.8983918040042,-1288.1985917340785,0.7078468802918503,0.9652318854563848,-1315.7334217241407,-1298.6086716367338,0.6601518989549164,Richards,Richards,-1315.7334217241407,-1298.6086716367338,-85.20005301131869,-81.77510299383744
KAZ,Kazakhstan,225,0.8219424858738908,-1078.94713901528,-1072.1149382108713,1.827597031749685,0.9634745122908013,-1433.3688067116097,-1423.1205055049966,0.3749006226901649,0.9691322517229208,-1469.2359504361716,-1455.571548827354,0.3168291178547581,0.9705032554506483,-1479.4581483542722,-1465.7937467454547,0.3027570223545489,0.9783848197727053,-1547.407058894686,-1530.326556883664,0.22185999517077223,Richards,Richards,-1547.407058894686,-1530.326556883664,-78.17110845851448,-74.75500805630986
KEN,Kenya,126,0.8493554198763288,-567.1307748714636,-561.4582110575607,1.354588853857268,0.9701097968939832,-768.9222320046663,-760.4133862838119,0.2687712756323583,0.985056339875554,-854.2709298180292,-842.9258021902233,0.13437267655954124,0.9792024135942453,-812.621654534177,-801.276526906371,0.18701090148242214,0.9822037667174364,-830.258769682375,-816.0773601476177,0.16002287785869382,Piecewise,Piecewise,-854.2709298180292,-842.9258021902233,24.0121601356542,26.848442042605598
KGZ,Kyrgyzstan,138,0.9163278586032363,-799.3019900826399,-793.4474827123255,0.40910835618261904,0.9621368762760715,-906.7261139375224,-897.9443528820508,0.185128766254268,0.9624134750139929,-905.7379356619797,-894.0289209213508,0.1837763584742803,0.9617589198144442,-903.3554033107117,-891.6463885700829,0.18697675465451358,0.9654759176074919,-915.4663469022531,-900.8300784764671,0.1688027862145596,Richards,Richards,-915.4663469022531,-900.8300784764671,-8.740232964730694,-2.8857255944162716
KHM,Cambodia,126,0.824561398812546,-661.7823071362988,-656.1097433223958,0.6390934075280591,0.8730063572015294,-700.4994720398786,-691.9906263190242,0.4626165471061662,0.882280060389448,-708.0538779239901,-696.7087502961841,0.42883400135708094,0.8810327995485874,-706.7259112197058,-695.3807835918999,0.43337756346636946,0.8982207390023966,-724.3871362265864,-710.2057266918291,0.37076478201707,Richards,Richards,-724.3871362265864,-710.2057266918291,-16.33325830259639,-13.496976395644992
KOR,South Korea,237,0.7781713950112695,-937.937099836839,-931.0009795545687,4.453284876535252,0.9671715073568738,-1388.7512474166892,-1378.3470669932838,0.6590431825260306,0.9735159763184894,-1437.648216830914,-1423.7759762663734,0.53167580500569,0.9760847260796434,-1461.8279854732896,-1447.955744908749,0.48010727774775763,0.9761081520155992,-1460.0602499161043,-1442.7199492104287,0.47963699409648486,Logistic,Logistic,-1461.8279854732896,-1447.955744908749,-24.17976864237562,-24.17976864237562
KWT,Kuwait,237,0.6434528929983891,-1413.8285010220295,-1406.8923807397593,0.5978959138104072,0.9262264627192857,-1785.214008127196,-1774.8098277037905,0.1237112729883392,0.9705674254404942,-2000.9928470833408,-1987.1206065188003,0.04935565516163092,0.9637110286315465,-1951.362241749106,-1937.4900011845655,0.06085318677815896,0.9694578596828569,-1990.2225813725772,-1972.8822806669016,0.0512162924226487,Piecewise,Piecewise,-2000.9928470833408,-1987.1206065188003,10.770265710763624,14.238325851898708
LAO,Laos,230,0.4302354902440917,-1159.9707869112049,-1153.0946282933585,1.4583953517264288,0.8365551950435204,-1445.182777623236,-1434.8685396964663,0.41836081351307935,0.948209239546884,-1707.513402231684,-1693.7610849959913,0.1325660040488651,0.9434553824703386,-1687.3152039091053,-1673.5628866734125,0.14473419449332747,0.9435813462468903,-1685.8281437396513,-1668.6377471950352,0.14441177183789108,Piecewise,Piecewise,-1707.513402231684,-1693.7610849959913,20.19819832257872,20.19819832257872
LBN,Lebanon,108,0.8847359102444106,-818.8876179567214,-813.523355502473,0.053014036081181014,0.8878171481493748,-819.8139624555794,-811.7675687742067,0.05159686567004209,0.9206338891657408,-855.188300370802,-844.4597754623052,0.03650328452089645,0.8859779495139607,-816.0576978669216,-805.3291729584247,0.05244277824372445,0.8887420587639,-816.7080777648074,-803.2974216291863,0.05117146652973506,Piecewise,Piecewise,-855.188300370802,-844.4597754623052,38.48022260599464,39.13060250388048
LBR,Liberia,152,0.4970163625722326,-595.8211579220491,-589.7733968803566,2.9378813502671184,0.8765712172516471,-807.3649407041702,-798.2932991416313,0.7209362133070039,0.936602878852323,-906.6343143398296,-894.5387922564446,0.37029677711361514,0.9478229058558639,-936.2400936013519,-924.1445715179668,0.304761627199459,0.9619434714436385,-982.2068766547269,-967.0874740504955,0.22228469711939433,Richards,Richards,-982.2068766547269,-967.0874740504955,-75.57256231489725,-72.54868179405094
LBY,Libya,106,0.7331588290699949,-618.0385438831283,-612.7116656949042,0.29973723971799643,0.8190712032440898,-657.2248492029905,-649.2345319206544,0.20323362371745934,0.9204232040953656,-742.29123776415,-731.6374813877017,0.08938699027188012,0.8453619937218543,-671.8686113076085,-661.2148549311602,0.17370171550275432,0.8566255473379597,-677.8850928366246,-664.5678973660642,0.16104959567229277,Piecewise,Piecewise,-742.29123776415,-731.6374813877017,64.40614492752536,67.06958402163741
LKA,Sri Lanka,126,0.897740275980242,-829.6381782495409,-823.965614435638,0.1686560051553556,0.9003355565253442,-830.8772492421118,-822.3684035212574,0.1643756332573267,0.9116550206641745,-844.0677598543961,-832.7226322265901,0.14570654706083414,0.9054292446419783,-835.4872961712556,-824.1421685434497,0.15597466114935574,0.9107976595237771,-840.8508634969235,-826.6694539621661,0.14712058476043632,Piecewise,Piecewise,-844.0677598543961,-832.7226322265901,3.216896357472592,6.053178264423991
LSO,Lesotho,126,0.9179397046627653,-705.875118000137,-700.2025541862341,0.45038720934883136,0.9640085895727791,-807.7210388885414,-799.212193167687,0.19753853963390675,0.9681416295408298,-821.0905383539996,-809.7454107261937,0.1748543861137709,0.9716631766708936,-835.8499288358372,-824.5048012080313,0.15552640565767148,0.9762785833232477,-856.2506925778613,-842.069283043104,0.13019478683250046,Richards,Richards,-856.2506925778613,-842.069283043104,-35.160154223861696,-32.3238723169103
LTU,Lithuania,225,0.8011147696871322,-972.0647830040388,-965.23258219963,2.938898055286339,0.9148409096834864,-1160.9113058799699,-1150.6630046733567,1.2583834633041768,0.9219706132657244,-1178.584326944889,-1164.9199253360714,1.1530288728217921,0.8978995240621972,-1118.088154415808,-1104.4237528069905,1.5087238489524197,0.9251788147827544,-1186.030825726683,-1168.9503237156607,1.105621746689127,Richards,Richards,-1186.030825726683,-1168.9503237156607,-7.4464987817939345,-4.030398379589315
LUX,Luxembourg,86,0.5260483355705845,-391.5770495937021,-386.6683550011951,0.8646885985376668,0.7138194085692009,-432.9625267574882,-425.5994848687277,0.5221146228716989,0.8777854750170433,-504.13520949071005,-494.31782030569605,0.22297106278903636,0.890009298056009,-513.1980673057778,-503.38067812076383,0.20066963163980606,0.8982036627170631,-517.8563344094339,-505.5845979281663,0.185719639422343,Richards,Richards,-517.8563344094339,-505.5845979281663,-13.72112491872383,-11.266777622470272
LVA,Latvia,218,0.7746174185694206,-892.5284665555728,-885.7594764299946,3.567907042109788,0.9111354552279322,-1093.4180316972486,-1083.2645465088813,1.4067654788300479,0.9176004583499782,-1107.8843057267168,-1094.3463254755604,1.3044215886323296,0.8983589082543091,-1062.1330762127009,-1048.5950959615445,1.6090239303558476,0.9276457339266946,-1134.225495717945,-1117.3030204039997,1.1454003845862686,Richards,Richards,-1134.225495717945,-1117.3030204039997,-26.341189991228248,-22.95669492843922
MAR,Morocco,237,0.6483126070242133,-1016.679138073255,-1009.7430177909847,3.194393082608714,0.9241823485004371,-1378.334677307735,-1367.9304968843296,0.6886552840025071,0.9676532920099848,-1578.2157522099792,-1564.3435116454386,0.29380666555648294,0.9773167797742075,-1662.3239236765357,-1648.4516831119952,0.20603275302947882,0.9850026001390819,-1758.3823443824872,-1741.0420436768115,0.13622208623250803,Richards,Richards,-1758.3823443824872,-1741.0420436768115,-180.166592172508,-176.6985320313729
MDA,Moldova,211,0.8206087904221714,-958.9147508719411,-952.211034604989,2.199612294641618,0.9683616705997815,-1323.0418681928386,-1312.9862937924104,0.3879346066867877,0.9766569475996835,-1385.2006261998704,-1371.793193665966,0.2862217450622822,0.9732777480615187,-1356.6740114814409,-1343.2665789475366,0.3276559316519543,0.9842816205318534,-1466.644522676154,-1449.8852320087738,0.19273152130109056,Richards,Richards,-1466.644522676154,-1449.8852320087738,-81.44389647628373,-78.09203834280765
MDG,Madagascar,209,0.38485279165691055,-789.1889092154873,-782.5042407115577,4.6981649998422625,0.8342480753332716,-1061.265105760426,-1051.2381030045315,1.2659244495691337,0.9383994414312782,-1266.1377580230053,-1252.768421015146,0.4704720826382882,0.8701804694809869,-1110.3336249283968,-1096.9642879205376,0.9914920628888089,0.8810190246448261,-1126.554589743572,-1109.842918483748,0.9087129819973161,Piecewise,Piecewise,-1266.1377580230053,-1252.768421015146,139.58316827943327,142.92550253139802
MDV,Maldives,100,0.9147062276339347,-661.6714920349306,-656.4611516629544,0.12853619587357454,0.9349337576943918,-686.7410500230405,-678.9255394650762,0.09805366832477609,0.9482538971861317,-707.6467242212404,-697.226043477288,0.07798045534240841,0.9513891966068623,-713.8970565334421,-703.4763757894897,0.07325561495505004,0.9516652988676283,-712.4666610935027,-699.4408101635622,0.07283953376545697,Logistic,Logistic,-713.8970565334421,-703.4763757894897,-6.250332312201635,-6.250332312201635
MEX,Mexico,161,0.7123993034580806,-689.3585254119233,-683.1957166819544,2.1702224481895587,0.9824999718666096,-1138.0571854440204,-1128.812972349067,0.1320544572933502,0.9913429798586816,-1249.3741245199442,-1237.0485070600064,0.06532550049780517,0.993647083676874,-1299.1966367761206,-1286.8710193161828,0.04793883249134675,0.9948700972995861,-1331.6228286529235,-1316.2158068280012,0.03871002445866408,Richards,Richards,-1331.6228286529235,-1316.2158068280012,-82.24870413297936,-79.16729976799479
MKD,North Macedonia,235,0.8531102467156808,-1055.3726922092003,-1048.453521180912,2.5898931269294847,0.968018371281116,-1411.6350549096214,-1401.256298367189,0.5638854893215384,0.9783699210298713,-1501.5380898654482,-1487.6997478088715,0.3813716859558412,0.9786410602594369,-1504.502501046979,-1490.6641589904023,0.3765910827388585,0.9787892861407221,-1504.1390294154376,-1486.8411018447168,0.3739776316124829,Logistic,Logistic,-1504.502501046979,-1490.6641589904023,-2.9644111815307497,-2.9644111815307497
MLI,Mali,125,0.860545782469409,-568.5159062352158,-562.8592787606111,1.2816989306357556,0.8657792823035977,-571.2972519565084,-562.8123107446015,1.23359876371545,0.8986978973609684,-604.4695549922393,-593.1563000430301,0.9310496227560757,0.9510609548641505,-695.411007577806,-684.0977526285968,0.44979006678800365,0.9594886405361643,-717.0351490198171,-702.8935803333056,0.37233270547740044,Richards,Richards,-717.0351490198171,-702.8935803333056,-112.56559402757784,-109.73728029027552
MLT,Malta,105,0.9475528415079457,-686.8609413934628,-681.5530206931477,0.14577839350079053,0.9624658678468087,-719.9892634400157,-712.0273823895432,0.10432720559241657,0.9804034657764427,-786.2285518107715,-775.6127104101414,0.054469133494167155,0.9718993240759182,-748.3822567841055,-737.7664153834754,0.07810664124195783,0.976997406758627,-767.4018572485438,-754.1320554977563,0.06393637301794933,Piecewise,Piecewise,-786.2285518107715,-775.6127104101414,18.826694562227658,21.48065491238515
MMR,Myanmar,237,0.07044511273243415,-1235.0898618214935,-1228.1537415392233,1.2710367119139867,0.1038221349816788,-1241.7562295387172,-1231.3520491153117,1.2253982873365377,0.3886328323036997,-1330.3947928786165,-1316.522552314076,0.835959366407159,0.4768199792861523,-1367.3127794191303,-1353.4405388545897,0.7153757377597546,0.4769182693320049,-1365.3573088897047,-1348.017008184029,0.7152413398254255,Logistic,Logistic,-1367.3127794191303,-1353.4405388545897,-36.917986540513766,-36.917986540513766
MNE,Montenegro,31,0.9889421564564543,-210.58387651958043,-207.71590211061013,0.03055969398222675,0.9940892079264165,-228.00104129553932,-223.6990796820839,0.016335191961249367,0.99679469871984,-244.97222772893758,-239.236278910997,0.008858239480129253,0.9979845840459501,-259.3556228017777,-253.61967398383712,0.005569846829548441,0.9979853704973002,-257.36772191699725,-250.19778589457152,0.005567673375701472,Logistic,Logistic,-259.3556228017777,-253.61967398383712,-14.38339507284013,-14.38339507284013
MNG,Mongolia,115,0.9246676761834597,-613.2298878896518,-607.7400236329253,0.5367170199558116,0.9273713207521627,-615.4330729216073,-607.1982765365175,0.5174544778966039,0.9316150672808183,-620.3569188971343,-609.3771903836813,0.4872192365697224,0.9257710927922778,-610.9267877011147,-599.9470591876617,0.5288555543318803,0.9397031300553378,-632.8322361735135,-619.1075755316972,0.42959455795065526,Richards,Richards,-632.8322361735135,-619.1075755316972,-12.4753172763792,-9.730385148015898
MOZ,Mozambique,126,0.7491697874206984,-493.9802361297885,-488.30767231588555,2.420702556606424,0.8819552326566439,-586.9479896530673,-578.4391439322129,1.139221895016855,0.922912002080873,-638.638648158461,-627.2935205306551,0.7439578818181818,0.9825422312335484,-825.7691670502451,-814.4240394224391,0.16848076254861932,0.986993319287441,-860.8536917581315,-846.6722822233742,0.12552437336032857,Richards,Richards,-860.8536917581315,-846.6722822233742,-222.21504359967048,-219.37876169271908
MRT,Mauritania,122,0.8651557987782144,-655.8611093389517,-650.2530672494852,0.5462510705271609,0.944817625090849,-762.8652349939845,-754.4531718597847,0.22354265956736485,0.9460134745562528,-763.5381477030547,-752.3220635241217,0.21869829811357314,0.9453698793547368,-762.0923373900814,-750.8762532111484,0.22130548896515453,0.9540720530371283,-781.2607517038558,-767.2406464801895,0.18605316334159205,Richards,Richards,-781.2607517038558,-767.2406464801895,-17.722604000801084,-12.78747462040485
MUS,Mauritius,126,0.908232545912557,-753.9605144792736,-748.2879506653707,0.30750075643944513,0.9457031211877579,-818.0841753482297,-809.5753296273753,0.18194175127878967,0.9669004253221058,-878.4474106804253,-867.1022830526193,0.11091235288687264,0.9815998970728632,-952.4300966327238,-941.0849690049179,0.061656342381110146,0.9819736257691128,-953.0156592118308,-938.8342496770734,0.06040402631826744,Richards,Logistic,-953.0156592118308,-941.0849690049179,-74.56824853140552,-73.98268595229854
MWI,Malawi,126,0.777131267640103,-524.4964202395503,-518.8238564256474,1.9000227756870391,0.9412994215120184,-690.5972251415969,-682.0883794207425,0.5004400343295475,0.94945227734194,-707.4382179051712,-696.0930902773653,0.4309344935579999,0.9664680398795652,-759.1509962434587,-747.8058686156528,0.2858700153567161,0.9778412839782176,-809.3487766583708,-795.1673671236134,0.18890969888669695,Richards,Richards,-809.3487766583708,-795.1673671236134,-101.91055875319955,-99.07427684624815
MYS,Malaysia,126,0.8142793220534953,-784.1378546274152,-778.4652908135123,0.2420089835610549,0.8684196684757736,-825.56076367662,-817.0519179557656,0.17145975688273635,0.8947652233235932,-851.7121535018375,-840.3670258740316,0.13712937956250404,0.8643183133904283,-819.6933131828856,-808.3481855550797,0.17680415249017253,0.8717117423716196,-824.7533273028396,-810.5719177680822,0.16716991976739334,Piecewise,Piecewise,-851.7121535018375,-840.3670258740316,26.95882619899794,29.79510810594934
NAM,Namibia,126,0.6446845424558854,-425.4062991930424,-419.73373537913943,4.171582271382078,0.8696535527030551,-549.7603746647015,-541.2515289438471,1.5303328834605048,0.9164330818513265,-603.7734427053401,-592.4283150775342,0.9811176711324519,0.9880414151729024,-848.742429742853,-837.3973021150471,0.14039980360084733,0.9889490454759244,-856.6879385430851,-842.5065290083278,0.12974376711083396,Richards,Richards,-856.6879385430851,-842.5065290083278,-252.914495837745,-250.0782139307936
NER,Niger,104,0.876138995223875,-544.8191855926146,-539.5304037943318,0.5311468965646006,0.9446078474864691,-626.5102814269117,-618.5771087294876,0.23753537245054018,0.9565882755954045,-649.8559529619943,-639.2783893654288,0.18616030714182646,0.9723853684711173,-696.9038673384558,-686.3263037418903,0.11841843090851632,0.9741399424532661,-701.7310681296094,-688.5091136339025,0.11089437983937066,Richards,Richards,-701.7310681296094,-688.5091136339025,-51.87511516761515,-49.23072426847375
NGA,Nigeria,66,0.8995673797485377,-398.60052004029296,-394.2212105562401,0.14802810310907222,0.9330031263039944,-423.3200326628962,-416.7510684368169,0.09874700174730736,0.9459940588045085,-435.5464576931399,-426.78783872503425,0.07959960630094501,0.9680807382401192,-470.25482929170937,-461.4962103236037,0.047045947413567636,0.9848549059973373,-517.4600068420017,-506.51173313186956,0.022322424039216634,Richards,Richards,-517.4600068420017,-506.51173313186956,-81.91354914886176,-79.72389440683531
NIC,Nicaragua,126,0.7472947546582827,-528.167413505259,-522.4948496913561,1.8454644977717782,0.8290073106303452,-575.3833874736912,-566.8745417528368,1.2487312528218506,0.8717093642178015,-609.5860251568805,-598.2408975290746,0.9368852372354487,0.9670954043048607,-781.032454513024,-769.6873268852181,0.24029680542166798,0.9691000130416073,-786.9523827051349,-772.7709731703776,0.22565748026406668,Richards,Richards,-786.9523827051349,-772.7709731703776,-177.36635754825443,-174.53007564130303
NLD,Netherlands,150,0.7798080164916024,-645.6235014447684,-639.6022308565759,1.9735065816539366,0.926257491836476,-807.7115632878339,-798.6796574055451,0.6609292622264495,0.9460139113325999,-852.4895147475772,-840.4469735711922,0.48385912877161463,0.9730380288580676,-956.6343646216188,-944.5918234452338,0.24165106583427365,0.9847825582485779,-1040.4321361169677,-1025.3789596464865,0.13638880477781679,Richards,Richards,-1040.4321361169677,-1025.3789596464865,-187.9426213693905,-184.93198607529428
NOR,Norway,151,0.9127159683333277,-795.2959781487705,-789.2614184751407,0.7587590479625614,0.9275001295443677,-821.3189745688805,-812.2671350584358,0.6302405105942084,0.9348454313261481,-835.449149187239,-823.3800298399792,0.5663878896677914,0.9491460543950438,-872.867661012113,-860.7985416648532,0.4420727436114715,0.9652361425623746,-928.3049571765551,-913.2185579924806,0.3022017987621278,Richards,Richards,-928.3049571765551,-913.2185579924806,-92.85580798931619,-89.83852815250134
NPL,Nepal,237,0.538391672856406,-919.8795206746667,-912.9434003923964,4.8058518726608,0.884027037520462,-1245.2617631530954,-1234.85758272969,1.2074064659083414,0.9600494499993046,-1495.836133430723,-1481.9638928661825,0.41592929382954036,0.9753172258006491,-1609.9603644735337,-1596.088123908993,0.25697490628567926,0.9799369288958271,-1657.0726261386394,-1639.7323254329638,0.2088787012009917,Richards,Richards,-1657.0726261386394,-1639.7323254329638,-161.23649270791634,-157.76843256678126
NZL,New Zealand,126,0.9398874042230486,-874.8599171103986,-869.1873532964956,0.11779649049468822,0.9542251237762956,-907.1929027932403,-898.6840570723858,0.08970033155760976,0.967079034706318,-946.7257395762974,-935.3806119484915,0.06451184024197608,0.9873190833818347,-1066.9311839006978,-1055.586056272892,0.02484949210009643,0.995121390445886,-1185.2911697669329,-1171.1097602321754,0.009560110930841493,Richards,Richards,-1185.2911697669329,-1171.1097602321754,-238.56543019063542,-235.7291482836839
OMN,Oman,114,0.8114623878189304,-672.5095211093845,-667.0371242125956,0.30176835377161965,0.891138238226433,-733.1204511285819,-724.9118557833983,0.17424127875098874,0.9274928927402867,-777.449395457307,-766.504601663729,0.11605297288634528,0.9678006114045805,-869.9874275447598,-859.0426337511818,0.051537496293103155,0.9753209727990773,-898.310707393545,-884.6297151515726,0.039500603221574226,Richards,Richards,-898.310707393545,-884.6297151515726,-120.86131193623805,-118.12511348784358
OWID_AFR,Africa,126,0.8920038327504776,-689.0437400353316,-683.3711762214286,0.5147544767426491,0.9735819734246618,-864.4579311848461,-855.9490854639917,0.12591925984689745,0.9902949440495106,-988.6342833341473,-977.2891557063414,0.046258317538342114,0.9943692886307752,-1057.2300938069704,-1045.8849661791646,0.026838303232163963,0.9944791173476012,-1057.7120467452194,-1043.530637210462,0.026314814064901087,Richards,Logistic,-1057.7120467452194,-1045.8849661791646,-69.07776341107206,-68.59581047282325
OWID_ASI,Asia,126,0.963329153620917,-889.1866604580317,-883.5140966441288,0.1051359386289717,0.9788062182634681,-956.2692145022436,-947.7603687813892,0.060762931756023444,0.9862689055941579,-1008.9588717311918,-997.6137441033859,0.03936728058681186,0.9866478349214406,-1012.4849030857577,-1001.1397754579517,0.03828088377758416,0.9886160235797485,-1030.578344894485,-1016.3969353597278,0.03263805350715634,Richards,Richards,-1030.578344894485,-1016.3969353597278,-21.619473163293264,-18.783191256341865
OWID_DRV,Democratic Republic of Vietnam,31,0.09449172828697594,-186.9377331184269,-184.0697587094566,0.0655269016129032,0.8819821002780975,-248.10519642703164,-243.8032348135762,0.008540338664172302,0.8400603695813128,-236.6824324394604,-230.9464836215198,0.01157399523984787,0.5316825750511089,-203.37758584044528,-197.64163702250468,0.03388968470733052,0.5316920997758232,-201.3782163304784,-194.20828030805268,0.03388899545277732,Quadratic,Quadratic,-248.10519642703164,-243.8032348135762,44.727610586586366,46.16159779107153
OWID_EUR,Europe,237,0.8955299276411616,-1166.0032916476912,-1159.067171365421,1.7012059664071688,0.9758985372031698,-1511.5941527361697,-1501.1899723127642,0.39247175179772137,0.9820377777135469,-1579.272566318511,-1565.4003257539705,0.2924994597370023,0.9819550894825948,-1578.1840517015949,-1564.3118111370543,0.2938459670062251,0.9823086096971871,-1580.8732345305489,-1563.5329338248732,0.2880891920300938,Richards,Piecewise,-1580.8732345305489,-1565.4003257539705,-1.6006682120378173,1.0885146169161999
OWID_GDR,East Germany,42,0.4876232457874725,-264.1477728402094,-260.6724336036427,0.07087757658752664,0.48895308944857796,-262.25692307217076,-257.04391421732066,0.0706936180157052,0.7546866686020135,-291.08177686693074,-284.1310983937973,0.03393443260482128,0.48742982225777887,-260.13192072515784,-253.18124225202436,0.07090433305320737,0.49029693228318283,-258.3675112335499,-249.67916314213306,0.07050772292454774,Piecewise,Piecewise,-291.08177686693074,-284.1310983937973,30.949856141772898,30.949856141772926
OWID_GFR,West Germany,42,0.9228193811906275,-322.64253909521045,-319.1671998586437,0.017605680144774878,0.9346554397003932,-327.6344545166114,-322.4214456617613,0.014905755429057626,0.9483276246312773,-335.4939916431372,-328.5433131700037,0.011786991696832592,0.947855645359811,-335.11210201949524,-328.1614235463618,0.011894654944634776,0.9480268396943978,-333.25021842644185,-324.561870335025,0.01185560378459192,Piecewise,Piecewise,-335.4939916431372,-328.5433131700037,0.3818896236419391,0.3818896236419391
OWID_NAM,North America,185,0.8672484003271252,-946.7411796082775,-940.3004679581209,1.0846033169910554,0.9735870800061115,-1243.44706844969,-1233.786000974455,0.21579808233862202,0.9832166825045598,-1325.3386294535242,-1312.4572061532108,0.13712257984479775,0.9853131122195735,-1350.0232310365711,-1337.1418077362578,0.11999438983921173,0.9932890458046567,-1492.9178140358395,-1476.8160349104478,0.054829645732183324,Richards,Richards,-1492.9178140358395,-1476.8160349104478,-167.5791845823153,-164.358828757237
OWID_OCE,Oceania,126,0.920497072927942,-829.7007546762791,-824.0281908623762,0.16857226491844057,0.9505086062607682,-887.4241308369589,-878.9152851161044,0.10493797705122254,0.9696724445678168,-947.1316318027779,-935.7865041749719,0.06430435830380236,0.9873834900333901,-1057.639988300285,-1046.2948606724792,0.02675113657777512,0.9875813108489072,-1057.6312599824826,-1043.449850447725,0.026331691607031783,Logistic,Logistic,-1057.639988300285,-1046.2948606724792,-110.50835649750718,-110.5083564975073
OWID_PMA,Parma,60,0.10835878095058737,-349.8761196324929,-345.6874305080487,0.16470640313547286,0.5805929422379394,-393.12943269103044,-386.8463990043641,0.07747401808909901,0.6061479209056116,-394.90142518268055,-386.52404693379214,0.07275343257933159,0.4468588749082424,-374.5231594020157,-366.1457811531273,0.10217774054602469,0.4468588821328696,-372.52316018568126,-362.05143737457075,0.1021777392114718,Piecewise,Quadratic,-394.90142518268055,-386.8463990043641,20.378265780664833,20.700617851236814
OWID_RVN,Republic of Vietnam,168,0.029296773523386777,-1143.2771707942975,-1137.029242835491,0.18176024434288132,0.5102678469035677,-1256.2164152303671,-1246.8445232921574,0.09170036050304349,0.8775562431219032,-1487.099160702834,-1474.603304785221,0.022927097140909146,0.4439209546825881,-1232.8717066703878,-1220.3758507527748,0.10412354712955524,0.44479491665269355,-1231.1359516775117,-1215.5161317804955,0.10395990129332026,Piecewise,Piecewise,-1487.099160702834,-1474.603304785221,254.2274540324463,254.2274540324463
OWID_SAM,South America,154,0.8424042118968882,-735.2633437650691,-729.1894385602418,1.266859849582765,0.9625676000298259,-954.6378529791638,-945.5269951719229,0.3009065481160556,0.9745659317784655,-1012.1507055879717,-1000.0028951783172,0.2044559707416108,0.9621473903215764,-950.918706833,-938.7708964233454,0.3042844734666864,0.9787865966426561,-1038.0949801234315,-1022.9102171113633,0.1705274570462492,Richards,Richards,-1038.0949801234315,-1022.9102171113633,-25.944274535459726,-22.90732193304609
OWID_SML,Somaliland,95,0.8122506775213636,-550.7020774980831,-545.594323714882,0.2766250374521329,0.8305065665396885,-558.4199596730919,-550.7583289982903,0.24972727869196074,0.8657109389288008,-578.5378156552349,-568.3223080888328,0.1978580591280652,0.9617485809991346,-697.8401448118755,-687.6246372454733,0.05635865990896248,0.9621179995455068,-696.7620799512163,-683.9926954932135,0.05581436809540708,Logistic,Logistic,-697.8401448118755,-687.6246372454733,-119.30232915664055,-119.30232915664055
OWID_TUS,Tuscany,67,0.4920403528923669,-487.0075121070956,-482.59812686831367,0.04399067010722959,0.774958589321157,-539.553389757023,-532.9393118988501,0.019489190753652273,0.849621463113067,-564.5630152209749,-555.7442447434111,0.013023185296447767,0.8665624323951129,-572.5709881757542,-563.7522176981904,0.011556051843570803,0.8730999156962514,-573.9366441335177,-562.9131810365628,0.010989888226304223,Richards,Logistic,-573.9366441335177,-563.7522176981904,-9.373628912542813,-8.007972954779348
OWID_WRL,World,237,0.8034042388961071,-1149.2839426665435,-1142.3478223842733,1.825553388888232,0.9814982639232258,-1707.3825058666264,-1696.978325443221,0.17180384157632733,0.9814348308188128,-1704.5713423601449,-1690.6991017956043,0.17239287013970378,0.9896266366818626,-1842.5162204929118,-1828.6439799283712,0.09632521298151031,0.9937553238564995,-1960.7965686398754,-1943.4562679341998,0.05798695573223741,Richards,Richards,-1960.7965686398754,-1943.4562679341998,-253.41406277324904,-246.47794249097888
OWID_YAR,Yemen Arab Republic,73,0.7918925358056639,-571.4520981541694,-566.8711792718726,0.0275309070406022,0.8681629754411773,-602.7757297266095,-595.9043514031644,0.017440954757149563,0.8916444765471777,-615.0945915988885,-605.932753834295,0.014334545159464931,0.9014731879046436,-622.0360878256454,-612.8742500610518,0.013034287430801157,0.9023993335791366,-620.7255285637503,-609.2732313580084,0.01291176597022196,Logistic,Logistic,-622.0360878256454,-612.8742500610518,-6.94149622675684,-6.94149622675684
OWID_YPR,Yemen People's Republic,91,0.7507796207487967,-627.2493792484145,-622.2276602353808,0.08839438240165631,0.9391610303698177,-753.5691190465405,-746.03654052699,0.021578585036147763,0.9481179806072934,-766.0616196624484,-756.018181636381,0.01840170164152784,0.952187066251774,-773.4941447248852,-763.4507066988178,0.016958463678549064,0.952198563207743,-771.5160289456842,-758.9617314131,0.01695438589676638,Logistic,Logistic,-773.4941447248852,-763.4507066988178,-7.432525062436866,-7.432525062436866
OWID_ZAN,Zanzibar,86,0.938435483666067,-481.5254596747245,-476.6167650822175,0.30382676751926946,0.9871624147645766,-614.3483869105155,-606.9853450217549,0.06335470912620467,0.9905476160104772,-638.673866783805,-628.856477598791,0.04664841769096551,0.9919726083521644,-652.7268975461194,-642.9095083611054,0.0396159443979709,0.9942986118371988,-680.15179468613,-667.8800582048624,0.02813689506599364,Richards,Richards,-680.15179468613,-667.8800582048624,-41.47792790232495,-39.02358060607139
PAK,Pakistan,170,0.7238758362814793,-916.646733847842,-910.3751369737415,0.7559571490316539,0.8483865199922164,-1016.5644955980697,-1007.1571002869189,0.41507882743028557,0.9249293731315493,-1134.058349934791,-1121.51515618659,0.20552412472435336,0.906686542773615,-1097.0774047744749,-1084.5342110262739,0.25546831592418767,0.923384681660344,-1128.5958455119157,-1112.9168533266645,0.2097530938409291,Piecewise,Piecewise,-1134.058349934791,-1121.51515618659,5.462504422875327,8.598302859925525
PAN,Panama,123,0.7668464051945065,-629.7399955602609,-624.115626849516,0.7116469608027756,0.8733495723103487,-702.8027982058643,-694.3662451397471,0.38657088699362585,0.901229458650438,-731.3844551866944,-720.1357177652047,0.30147403743399004,0.9482159281426114,-810.807619979909,-799.5588825584193,0.1580587997626485,0.9492271084306888,-811.2331833318448,-797.1722615549827,0.15497240780959143,Richards,Logistic,-811.2331833318448,-799.5588825584193,-79.8487281451504,-79.4231647932146
PER,Peru,129,0.7360761663320208,-577.2670034893436,-571.5473786806202,1.4245651950485352,0.933601677806957,-753.2855541356622,-744.7061169225772,0.3583940771519031,0.9366613354999264,-757.3712364274619,-745.9319868100152,0.3418791538969996,0.9406630020230414,-765.7901547707127,-754.350905153266,0.32027960840770475,0.9496798332950929,-785.0528504244488,-770.7537884026405,0.27161002134817036,Richards,Richards,-785.0528504244488,-770.7537884026405,-27.681613996986925,-24.821801592625206
PHL,Philippines,123,0.8692644766025373,-631.6351677468873,-626.0107990361424,0.7007660143327235,0.8713117639587773,-631.5765594924912,-623.140006426374,0.6897921843931407,0.8807950872413152,-638.9920540417373,-627.7433166202477,0.638959859049333,0.881774998816046,-640.007341509438,-628.7586040879484,0.6337073560510851,0.8914598242800645,-648.5200544585847,-634.4591326817226,0.5817949426261967,Richards,Richards,-648.5200544585847,-634.4591326817226,-9.528000416847362,-6.715816061474925
PNG,Papua New Guinea,126,0.7888281485175753,-670.5213146296745,-664.8487508157716,0.5962699012663416,0.8197454870447975,-688.4674234472062,-679.9585777263518,0.5089709631662552,0.8589262126323024,-717.348353303317,-706.0032256755111,0.3983393273037948,0.9886341247341659,-1034.7004708618072,-1023.3553432340012,0.032092957820794014,0.9890764761238848,-1037.7022740817938,-1023.5208645470365,0.03084392383439333,Richards,Richards,-1037.7022740817938,-1023.5208645470365,-320.3539207784768,-317.5176388715254
POL,Poland,142,0.9357502695602029,-733.9400367213069,-728.0283826061044,0.7858936788197122,0.9373804146350067,-735.5893563276635,-726.7218751548597,0.7659539732197354,0.9478945664625091,-759.6902145273423,-747.8669062969373,0.6373463447857539,0.937995621229591,-734.9913346176203,-723.1680263872153,0.7584288525609788,0.9389598914687705,-735.2170203053358,-720.4378850173296,0.7466340344277701,Piecewise,Piecewise,-759.6902145273423,-747.8669062969373,24.47319422200644,24.698879909721995
PRK,North Korea,203,0.8825014804982967,-1335.9386481723848,-1329.3122362143013,0.27596616347618286,0.9187551901108041,-1408.8372830776157,-1398.8976651404903,0.19081788079166584,0.9532993567078643,-1519.2402103436566,-1505.9873864274894,0.10968476382388467,0.980744840999673,-1699.0939300332348,-1685.8411061170675,0.04522416434674401,0.9828303476740992,-1720.364956644269,-1703.79892674906,0.04032598113315026,Richards,Richards,-1720.364956644269,-1703.79892674906,-201.1247463006123,-197.81154032157065
PRT,Portugal,157,0.6166538197456977,-482.38209534701775,-476.26960373632113,7.087060636074006,0.8210790194405526,-600.0151826824308,-590.8464452663859,3.3077774179188273,0.8781091611933216,-658.2746681338245,-646.0496849124313,2.253440389132865,0.9551331598637252,-815.1846891482801,-802.9597059268868,0.8294696359929365,0.9553858484408025,-814.0714073508061,-798.7901783240645,0.8247980901160404,Logistic,Logistic,-815.1846891482801,-802.9597059268868,-156.91002101445554,-156.91002101445554
PRY,Paraguay,159,0.5604017599832034,-615.2822610055362,-609.1444526010957,3.2350591583750288,0.815741264791245,-751.5359854347245,-742.3292728280637,1.3559833834296207,0.9323259292243247,-908.7964011636702,-896.5207843547893,0.49802206314339015,0.9535984027762874,-968.7981076450435,-956.5224908361625,0.3414752344232888,0.9547836884734325,-970.9123893147973,-955.5678683036962,0.33275256676726306,Richards,Logistic,-970.9123893147973,-956.5224908361625,-62.11598815112711,-60.001706481373276
QAT,Qatar,91,0.8083727172183078,-549.7416563532233,-544.7199373401896,0.20717039911390134,0.9602336350936086,-690.8419589476484,-683.3093804280979,0.042991861959195014,0.9750560431393234,-731.2834370510488,-721.2399990249814,0.026967190805463087,0.9799945679699068,-751.3605618174198,-741.3171237913524,0.02162809636476454,0.9801190211461377,-749.9284382213798,-737.3741406887956,0.021493548643706995,Logistic,Logistic,-751.3605618174198,-741.3171237913524,-20.077124766370957,-20.077124766370957
ROU,Romania,128,0.9050479435135141,-687.9773262059064,-682.2732656780671,0.5746221428519195,0.9464733339340566,-759.3459194582127,-750.7898286664539,0.3239277662080876,0.9571620486318673,-785.8586281901028,-774.4505071344242,0.2592427833729565,0.9561155464673393,-782.7692586142999,-771.3611375586214,0.26557590914749696,0.9562202712139058,-781.0750796139968,-766.8149282943987,0.26494214553553935,Piecewise,Piecewise,-785.8586281901028,-774.4505071344242,3.0893695758028343,3.0893695758028343
RUS,Russia,225,0.8495954148047161,-1179.5355288074295,-1172.7033280030207,1.1687589933003841,0.956096132100243,-1454.5839855622585,-1444.3356843556453,0.3411667296039455,0.9584556644677701,-1465.0132646062702,-1451.3488629974527,0.3228313532525531,0.9638580856012787,-1496.3575483068457,-1482.6931466980282,0.2808503971720851,0.9717435462749525,-1549.7371073570343,-1532.6566053460122,0.21957431927388413,Richards,Richards,-1549.7371073570343,-1532.6566053460122,-84.7238427507641,-81.30774234855949
RWA,Rwanda,110,0.8585540325131886,-516.8581880388056,-511.4572273072207,0.9659974631382007,0.896466826793851,-549.1810165260396,-541.0795754286623,0.7070741177341316,0.9201795908280278,-575.7934299853197,-564.99150852215,0.5451290986713204,0.9386690943224696,-604.7779172729123,-593.9759958097426,0.41885605047020347,0.9592820571897831,-647.835571257619,-634.3331694286569,0.27808095315650067,Richards,Richards,-647.835571257619,-634.3331694286569,-72.04214127229932,-69.34166090650695
SAU,Saudi Arabia,166,0.42204507265870783,-962.5844251940687,-956.3604496173556,0.4912461496085275,0.8340738062181683,-1167.7445919096783,-1158.4086285446087,0.14103280369887705,0.9739835209762856,-1473.3115379343565,-1460.8635867809303,0.02211330770301336,0.9635492599677254,-1417.331089833858,-1404.8831386804318,0.0309821490295251,0.9639332967375385,-1417.0893068053042,-1401.5293678635214,0.03065572810022086,Piecewise,Piecewise,-1473.3115379343565,-1460.8635867809303,55.980448100498506,55.980448100498506
SDN,Sudan,173,0.34325312567431554,-954.9560656116537,-948.6494824226581,0.6771875247817923,0.7002233533709126,-1088.6332156904575,-1079.173340906964,0.30910692270377893,0.7642629103350121,-1128.208667197165,-1115.5955008191738,0.2430741926459951,0.7009500825250781,-1087.0531175883664,-1074.4399512103753,0.3083575747642072,0.7135955465381297,-1092.527673027653,-1076.761215055164,0.29531853215969067,Piecewise,Piecewise,-1128.208667197165,-1115.5955008191738,35.680994169511905,38.83428576400979
SEN,Senegal,122,0.8832234312117773,-592.485566499737,-586.8775244102706,0.9183240911635345,0.8859121222291533,-593.3273651432357,-584.9153020090359,0.897180382621891,0.915747491306373,-628.3117460911194,-617.0956619121864,0.6625567892360092,0.9749649428885938,-776.3637747513303,-765.1476905723973,0.19687422149517675,0.9802041709947026,-803.0100906266591,-788.9899854029928,0.15567323880774858,Richards,Richards,-803.0100906266591,-788.9899854029928,-174.69834453553972,-171.8943234908064
SGP,Singapore,124,0.8752910132199045,-628.0386595367959,-622.3980964055858,0.7582027882845056,0.9112408461267789,-668.2056471874142,-659.7448024905991,0.5396358329100858,0.9453183919588635,-726.2711412459017,-714.9900149834816,0.33245196481130784,0.9455863533636755,-726.8802837996271,-715.599157537207,0.330822819314044,0.954969150670795,-748.3494146335053,-734.24800680548,0.2737775071529334,Richards,Richards,-748.3494146335053,-734.24800680548,-22.07827338760353,-19.257991821998417
SLB,Solomon Islands,126,0.7933790478324747,-754.7755572689407,-749.1029934550378,0.30551807850618673,0.9037938762616718,-849.0890694407129,-840.5802237198585,0.1422542571637714,0.951928419688435,-934.5081032197504,-923.1629755919445,0.07108057868031395,0.913985365932516,-861.1979908343965,-849.8528632065905,0.12718470923705674,0.9303878941818917,-885.8569396644806,-871.6755301297233,0.10293126900835395,Piecewise,Piecewise,-934.5081032197504,-923.1629755919445,48.65116355526982,51.48744546222122
SLE,Sierra Leone,82,0.6873987684094334,-320.6501867614034,-315.8367482668749,1.5645067963528736,0.9297082038177052,-441.01659433284607,-433.7964365910533,0.35179641582183,0.9610438867971728,-487.41458388091235,-477.78770689185535,0.1949675743604916,0.9676692886917546,-502.70086947673303,-493.07399248767604,0.161808759726585,0.9765530167451684,-527.0454811587964,-515.0118849224751,0.11734747323133426,Richards,Richards,-527.0454811587964,-515.0118849224751,-39.63089727788406,-37.22417803061978
SLV,El Salvador,126,0.8112642506047592,-568.147265288805,-562.4747014749021,1.3437048268966374,0.9176547763525496,-670.6551216052235,-662.1462758843691,0.5862571073127729,0.9355155153885091,-699.4615934254734,-688.1164657976675,0.4590975133754241,0.9675668004210686,-786.0540942039386,-774.7089665761326,0.23090827766099475,0.977307014882664,-829.0520616137604,-814.8706520790031,0.16156278678821828,Richards,Richards,-829.0520616137604,-814.8706520790031,-129.590468188287,-126.75418628133559
SOM,Somalia,126,0.5748992264088749,-740.0794764558052,-734.4069126419023,0.3433136688253968,0.6520313292674778,-763.306416019134,-754.7975702982795,0.2810213681247762,0.8333448374157695,-854.0658099620962,-842.7206823342902,0.13459160474385853,0.700653453112771,-780.2707424407303,-768.9256148129243,0.24175387965987416,0.7087574712157169,-781.7288842138008,-767.5474746790435,0.23520903109691715,Piecewise,Piecewise,-854.0658099620962,-842.7206823342902,72.33692574829536,73.79506752136592
SRB,Serbia,195,0.7860773044706355,-849.5872200338325,-843.041220916705,2.4488761362533555,0.8916261799498847,-980.1927125076643,-970.3737138319731,1.2406073187260902,0.9422221287201611,-1100.8439480016705,-1087.7519497674155,0.6614111225112786,0.9230471448052272,-1044.9594612398382,-1031.8674630055832,0.8809163994344467,0.9233036900708506,-1043.6106378764925,-1027.2456400836738,0.8779796022082373,Piecewise,Piecewise,-1100.8439480016705,-1087.7519497674155,55.88448676183225,55.88448676183225
SSD,South Sudan,173,0.3832944118263307,-872.7383678094346,-866.4317846204391,1.0891959434254455,0.8343384505334007,-1098.1373346357793,-1088.677459852286,0.29258351330161925,0.8578065004163757,-1122.5644764711108,-1109.9513100931197,0.25113536490987143,0.8610622055136896,-1126.5715875606718,-1113.9584211826807,0.2453852941257144,0.8611297018321424,-1124.6556518023613,-1108.8891938298723,0.24526608535306044,Logistic,Logistic,-1126.5715875606718,-1113.9584211826807,-4.007111089561022,-4.007111089561022
STP,Sao Tome and Principe,126,0.7911117972856007,-545.3563796676997,-539.6838158537968,1.6101231065156858,0.8789870123357556,-612.1399456978658,-603.6310999770113,0.9327755473730555,0.9190110905924169,-660.7397377869783,-649.3946101591723,0.6242674919605021,0.9657711617598752,-769.256445530854,-757.911317903048,0.2638379891418038,0.9700596955419605,-784.1231790291166,-769.9417694943593,0.23078170714080667,Richards,Richards,-784.1231790291166,-769.9417694943593,-123.38344124213836,-120.54715933518696
SUR,Suriname,126,0.9049869002954744,-754.1244331706106,-748.4518693567077,0.30710097589401336,0.9495465259700953,-831.8777923942635,-823.368946673409,0.1630755249540501,0.9589997256856516,-856.019371242701,-844.6742436148951,0.1325209291457195,0.9643717684741737,-873.7148633189992,-862.3697356911932,0.11515743308012437,0.9733532079747323,-908.3140297553837,-894.1326202206263,0.08612765882655136,Richards,Richards,-908.3140297553837,-894.1326202206263,-52.294658512682645,-49.458376605731246
SVK,Slovakia,185,0.8763848403164359,-850.0613042028732,-843.6205925527165,1.829071086168347,0.8902038868020745,-869.9926951439948,-860.3316276687598,1.6245976346111057,0.9041022870143677,-893.0311493717586,-880.1497260714453,1.4189500260380499,0.8747961492418395,-843.6988493219703,-830.8174260216571,1.8525781456328696,0.8917054368633276,-868.5401781948989,-852.4383990695072,1.6023799567105725,Piecewise,Piecewise,-893.0311493717586,-880.1497260714453,24.490971176859716,27.711327001938116
SVN,Slovenia,161,0.7927776827085301,-661.1396971752522,-654.9768884452833,2.585973151531655,0.9658705147334169,-949.5242128706086,-940.2799997756553,0.425909398797232,0.9789528722325392,-1025.3512230146844,-1013.0256055547466,0.2626517647081172,0.9814606577822576,-1045.777135604136,-1033.4515181441982,0.23135655391164223,0.9816691736227182,-1045.5981963428535,-1030.1911745179311,0.22875443859825162,Logistic,Logistic,-1045.777135604136,-1033.4515181441982,-20.425912589451627,-20.425912589451627
SWE,Sweden,126,0.8756567681155326,-737.0961516456488,-731.4235878317459,0.3515393650833644,0.9742129971541812,-933.3162194733235,-924.8073737524691,0.07290422221166702,0.9734999447561857,-927.8794159633454,-916.5342883355395,0.07492014204472548,0.9746064512397995,-933.2535253396229,-921.908397711817,0.07179186090859069,0.9749909271804122,-933.175842340123,-918.9944328053657,0.07070488234124586,Quadratic,Quadratic,-933.3162194733235,-924.8073737524691,0.06269413370057464,2.8989760406520872
SWZ,Eswatini,126,0.47686000493700653,-884.9208131981451,-879.2482493842422,0.10875635413173354,0.487790729048719,-885.5814079510923,-877.0725622302378,0.10648394958681524,0.5211176182375099,-892.0584682267013,-880.7133405988953,0.09955557286752284,0.5688469109555783,-905.2874344807058,-893.9423068528998,0.08963305898922844,0.5703107397721805,-903.7159510582743,-889.534541523517,0.08932874143241946,Logistic,Logistic,-905.2874344807058,-893.9423068528998,-13.22896625400449,-13.22896625400449
SYC,Seychelles,116,0.8562826756775903,-606.2064441960348,-600.6992638138221,0.6024141039168611,0.941133067091489,-707.7444276050118,-699.4836570316927,0.24675014515897903,0.9674249481397243,-774.3854332459698,-763.3710724815444,0.13654352924376922,0.9820846930541911,-843.7408160388921,-832.7264552744667,0.07509486856256582,0.984084335813756,-855.469612177625,-841.7016612220932,0.0667130467687314,Richards,Richards,-855.469612177625,-841.7016612220932,-81.08417893165517,-78.33058874054882
SYR,Syria,233,0.858016994807588,-1384.5106201354295,-1377.608543228298,0.6015566334949103,0.8723370254646519,-1407.2816863000985,-1396.9285709394014,0.5408852212936167,0.8963229670063213,-1453.7720536915813,-1439.9678998773186,0.43926107109719903,0.9475963270174486,-1612.74886967937,-1598.9447158651074,0.222025002636277,0.954224495429966,-1642.2568936356215,-1625.001701367793,0.19394263692590286,Richards,Richards,-1642.2568936356215,-1625.001701367793,-188.48483994404023,-185.0338014904744
TCD,Chad,106,0.8560121678828535,-619.0974864752254,-613.7706082870013,0.296757764657279,0.9107921933150973,-667.8460721456491,-659.855754863313,0.18385657254879867,0.914251910327816,-670.0388752982834,-659.3851189218351,0.17672612359387674,0.9123930060847978,-667.7654905372468,-657.1117341607985,0.18055731029735622,0.9131333996848526,-666.6651360458657,-653.3479405753053,0.17903136503873132,Piecewise,Quadratic,-670.0388752982834,-659.855754863313,2.2733847610365956,2.74402070251449
TGO,Togo,109,0.9231686650597648,-595.3586119772497,-589.9759162127914,0.44603628224422387,0.9542561455034951,-649.8811188824726,-641.8070752357852,0.2655611647384878,0.9752929122751048,-715.021554566952,-704.2561630380354,0.14343441464952386,0.9768562247725348,-722.1462631779066,-711.38087164899,0.13435876739073285,0.9782226837407806,-726.7796724960782,-713.3229330849325,0.12642593271449348,Richards,Richards,-726.7796724960782,-713.3229330849325,-11.758117929126229,-9.06677004689709
THA,Thailand,237,0.729804341824081,-1040.9320840486878,-1033.9959637664176,2.88367062703511,0.9378462903249281,-1387.2120807913082,-1376.8079003679027,0.6633371837329057,0.9535273239904076,-1454.1188775893754,-1440.2466370248349,0.49598091869162514,0.9727587946199959,-1580.7085873633873,-1566.8363467988468,0.29073251705696646,0.9850586273011734,-1721.0499991979511,-1703.7096984922755,0.1594622129388106,Richards,Richards,-1721.0499991979511,-1703.7096984922755,-266.9311216085757,-263.46306146744064
TJK,Tajikistan,146,0.7438889553097607,-832.9822352764271,-827.0150220330104,0.4727689846086007,0.7789847704836571,-852.499643410618,-843.548823545493,0.4079837547336376,0.8408650236224182,-898.4575570940456,-886.5231306072122,0.29375570775847254,0.864880045395306,-922.3416698796611,-910.4072433928278,0.24942510314650235,0.8792552156127522,-936.7643102885619,-921.8462771800203,0.22288921268735556,Richards,Richards,-936.7643102885619,-921.8462771800203,-38.30675319451632,-35.323146572808014
TKM,Turkmenistan,118,0.3087425436028315,-597.8835612655216,-592.3421920165903,0.7189068232129234,0.5724356213903097,-652.5716426466836,-644.2595887732866,0.444666377629195,0.6881667163622406,-687.8167110132036,-676.733972515341,0.32430619480113343,0.5887295590397544,-655.1563987132466,-644.0736602153839,0.42772070442916293,0.5929372251704852,-654.3698627872459,-640.5164396649176,0.42334473732285477,Piecewise,Piecewise,-687.8167110132036,-676.733972515341,32.66031229995701,32.66031229995701
TLS,East Timor,124,0.6323108919328749,-460.91565228568834,-455.2750891544783,2.9181848290756824,0.8844263253068999,-602.4245181399142,-593.9636734430991,0.9172568257538971,0.9185846263923297,-643.867184382467,-632.5860581200469,0.6461575904828233,0.9678538257035666,-759.0967477076204,-747.8156214452002,0.2551298803432304,0.9740876233298388,-783.8277662127438,-769.7263583847185,0.20565500262345127,Richards,Richards,-783.8277662127438,-769.7263583847185,-139.96058183027674,-137.14030026467162
TTO,Trinidad and Tobago,110,0.9781059976710084,-697.8951638682091,-692.4942031366243,0.18630228052946884,0.9785657391374232,-698.2295966653544,-690.1281555679772,0.1823902098920404,0.9866625814385134,-748.415478335433,-737.6135568722633,0.11349188042657284,0.9875929302624197,-756.3692549748725,-745.5673335117028,0.1055752782002117,0.9914276365819967,-795.0387825127431,-781.536380683781,0.07294467362811118,Richards,Richards,-795.0387825127431,-781.536380683781,-46.62330417731005,-43.922823811517674
TUN,Tunisia,237,0.6669401699446451,-921.834476103602,-914.8983558213317,4.766372619220397,0.9226112181761716,-1265.7313098729537,-1255.3271294495482,1.1075000268228423,0.9725286534184311,-1509.1918101558329,-1495.3195695912923,0.39313859656309197,0.9679294483220684,-1472.5054669958108,-1458.6332264312703,0.45895717708010747,0.973068547045875,-1511.8959427234188,-1494.5556420177431,0.38541225441395666,Richards,Piecewise,-1511.8959427234188,-1495.3195695912923,-2.70413256758593,0.7639275735491537
TUR,Turkey,235,0.8900629913813597,-1252.8664806756165,-1245.9473096473282,1.1176379792733782,0.9320141814875151,-1363.8094595414493,-1353.4307029990168,0.6911551785542842,0.9550298676639827,-1458.9350978621587,-1445.096755805582,0.45717387132144477,0.972427926710923,-1573.8959511614885,-1560.0576091049118,0.2803022991291081,0.974321971340113,-1588.620363674993,-1571.3224361042724,0.26104712529256524,Richards,Richards,-1588.620363674993,-1571.3224361042724,-129.68526581283436,-126.22568029869035
TWN,Taiwan,232,0.7126783997538111,-892.1351407650137,-885.2416660216811,4.874833270059935,0.9626935125308815,-1363.7480395229877,-1353.4078274079889,0.6329593951436474,0.9838754490095025,-1556.355258926922,-1542.5683094402568,0.2735767083501665,0.9874804644929484,-1615.063497352785,-1601.2765478661197,0.2124123218135301,0.991402781146982,-1700.2610460798792,-1683.0273592215476,0.1458644545302842,Richards,Richards,-1700.2610460798792,-1683.0273592215476,-143.90578715295715,-140.4590497812908
TZA,Tanzania,73,0.9645597475739653,-461.38983135014075,-456.808912467844,0.12433898067845175,0.9848340211731492,-521.3517615336531,-514.480383210208,0.05320849088919992,0.9870848116629896,-531.0792608036611,-521.9174230390676,0.04531179219012646,0.9865531187419002,-528.1342077010752,-518.9723699364816,0.04717718962148421,0.9869672463391316,-528.4177572925562,-516.9654600868142,0.04572425969616752,Piecewise,Piecewise,-531.0792608036611,-521.9174230390676,2.661503511104911,2.9450531025859163
UGA,Uganda,126,0.8053829505080561,-556.8927212900517,-551.2201574761488,1.4692504501677293,0.8823245967335988,-618.2837956414052,-609.7749499205507,0.8883838269780471,0.9099356227271059,-649.97686301007,-638.6317353822641,0.6799359418803307,0.9451509700728203,-712.4653303536164,-701.1202027258105,0.41407966117124695,0.9636294174700957,-762.2291827039693,-748.047773169212,0.27457766364470815,Richards,Richards,-762.2291827039693,-748.047773169212,-112.25231969389927,-109.41603778694787
UKR,Ukraine,80,0.9135884022135644,-463.57430186073117,-458.8102485913834,0.2316211679793717,0.9184689816270526,-466.2253705861883,-459.0792906821667,0.21853906403584689,0.9310400736805945,-477.622009263932,-468.0939027252365,0.18484299662353199,0.9460241863267871,-497.22116979288376,-487.69306325418825,0.14467897048408712,0.9500560451258585,-501.4319359576007,-489.5218027842313,0.13387181186081004,Richards,Richards,-501.4319359576007,-489.5218027842313,-23.80992669366867,-21.427900058994794
URY,Uruguay,131,0.8183008223833026,-624.5099766118344,-618.7595819654321,1.0804863266075084,0.8346192190546271,-634.8373217039077,-626.2117297343043,0.9834478880917394,0.8490455098810545,-644.7939768860396,-633.293187593235,0.8976609836815257,0.8181635107438537,-620.4110161671664,-608.9102268743618,1.0813028594661298,0.8355442431511726,-631.572100665361,-617.1961140493552,0.9779471703603237,Piecewise,Piecewise,-644.7939768860396,-633.293187593235,13.22187622067861,16.097073543879787
USA,United States,126,0.944962492495922,-732.9987332358161,-727.3261694219132,0.36315904921484815,0.9462960560478593,-734.0893197546023,-725.5804740337479,0.3543596741422539,0.9562021416010711,-757.7809115022204,-746.4357838744145,0.28899543847662557,0.9862595520361013,-903.8452815365888,-892.5001539087829,0.09066486192140592,0.9928296916429614,-983.7950803804256,-969.6136708456683,0.04731250530061638,Richards,Richards,-983.7950803804256,-969.6136708456683,-226.01416887820517,-223.17788697125377
UZB,Uzbekistan,225,0.7942850597120048,-1082.808525120168,-1075.9763243157593,1.7964999335075709,0.8883532130886189,-1218.317550928841,-1208.0692497222278,0.9750067009320411,0.9214313021557554,-1295.375086731872,-1281.7106851230544,0.6861371383884782,0.9495459646476839,-1395.0299814282355,-1381.365579819418,0.44061297166229185,0.9534254893627558,-1411.032078723821,-1393.951576712799,0.40673324526560645,Richards,Richards,-1411.032078723821,-1393.951576712799,-115.6569919919491,-112.24089158974448
VEN,Venezuela,157,0.7654518633243063,-622.417539367762,-616.3050477570654,2.904685644093795,0.8904000838480276,-739.866943636966,-730.6982062209211,1.3573047629054513,0.9177117796193867,-782.8645004758168,-770.6395172544236,1.019071887780909,0.9568056357121618,-884.0538165457776,-871.8288333243844,0.5349266535684365,0.9649568259362235,-914.8870985063529,-899.6058694796113,0.4339808709172331,Richards,Richards,-914.8870985063529,-899.6058694796113,-132.02259803053607,-128.96635222518773
VNM,Vietnam,50,0.8978247264564987,-365.0833279738222,-361.2592819629659,0.03112812417767107,0.9178068815056503,-373.9642342092518,-368.22816519296737,0.02504047711653893,0.9404783828349345,-388.1008352930632,-380.45274327135064,0.01813350946969697,0.9601823091599587,-408.202247956409,-400.55415593469644,0.01213062595236629,0.9627649007302679,-409.55522104685554,-399.9951060197148,0.011343828635238844,Richards,Logistic,-409.55522104685554,-400.55415593469644,-21.454385753792337,-20.101412663345798
VUT,Vanuatu,120,0.716408544296847,-737.2417484515976,-731.6667649660335,0.24919418484154002,0.7989377438911108,-776.5121573593146,-768.1496821309685,0.17667508666375709,0.8485659720986466,-808.5278999122712,-797.3779329411431,0.13306634731495273,0.9808895727751403,-1056.917814706817,-1045.7678477356887,0.016792492293058604,0.9814460705553217,-1058.4641168150695,-1044.5266581011592,0.01630349303758185,Richards,Logistic,-1058.4641168150695,-1045.7678477356887,-249.93621690279826,-248.3899147945457
YEM,Yemen,162,0.8244261944449957,-1152.3612815490933,-1146.1860888786284,0.12867875305679627,0.8245144377579094,-1150.442723141624,-1141.1799341359267,0.12861407917543077,0.911998862019606,-1260.25626153264,-1247.9058761917106,0.06449639037611785,0.8731005011238895,-1200.9568614122097,-1188.6064760712802,0.09300515659093876,0.879501267371137,-1207.3413642688552,-1191.9033825926933,0.08831400908917891,Piecewise,Piecewise,-1260.25626153264,-1247.9058761917106,52.91489726378495,56.00249359901727
ZAF,South Africa,123,0.6566990629136868,-423.383798631184,-417.7594299204392,3.809581443865069,0.8157162040701789,-497.90584909053797,-489.4692960244207,2.044981686731472,0.8613433200349994,-530.8963957432729,-519.6476583217833,1.538661442481868,0.9849896392718062,-804.3574091544132,-793.1086717329235,0.16656870261170098,0.9862115356417808,-812.8011363719074,-798.7402145950454,0.15300942200824863,Richards,Richards,-812.8011363719074,-798.7402145950454,-281.9047406286345,-279.09255627326206
ZMB,Zambia,115,0.9084825329059323,-590.7522763774476,-585.2624121207211,0.6525765708829793,0.9306615621267662,-620.6682769511186,-612.4334805660288,0.49442627133886746,0.957749867209374,-675.6383471442817,-664.6586186308288,0.30126977561034834,0.9701257381213008,-715.49851943293,-704.518790919477,0.21302210379602388,0.975783022410916,-737.6420061204518,-723.9173454786355,0.1726821413882728,Richards,Richards,-737.6420061204518,-723.9173454786355,-62.00365897617007,-59.25872684780677
ZWE,Zimbabwe,126,0.732069741081763,-473.8931166098484,-468.2205527959454,2.8390781209408824,0.8523535348463368,-546.9772791037302,-538.4684333828758,1.5645110430768656,0.8914003567026046,-583.678499679212,-572.3333720514061,1.1507579340701075,0.9831442971138492,-818.413862900697,-807.0687352728911,0.17860863297174076,0.9842830666710615,-825.2276085932989,-811.0461990585416,0.16654185205745184,Richards,Richards,-825.2276085932989,-811.0461990585416,-241.5491089140869,-238.7128270071355
