code,entity,n,ric_RSS,ric_AIC,ric_BIC,quartic_RSS,quartic_AIC,quartic_BIC,spline_RSS,spline_edf,spline_AIC,spline_BIC,aic_winner_5,bic_winner_5,ric_minus_quartic_AIC,ric_minus_spline_AIC
AFG,Afghanistan,237,1.231551315317604,-1236.5691716694353,-1219.2288709637596,1.310160950029583,-1221.9047052777019,-1204.5644045720262,1.310526705872229,5,-1221.8385515450545,-1204.498250839379,Richards,Richards,-14.664466391733413,-14.73062012438072
AGO,Angola,126,0.12915559662069753,-857.2604359659103,-843.079026431153,0.13257332785296597,-853.9695607543578,-839.7881512196004,0.12913360717895667,5,-857.281889976572,-843.1004804418146,Spline,Spline,-3.2908752115525886,0.02145401066161412
ALB,Albania,114,0.1878074365164197,-720.5731682187593,-706.8921759767868,0.17622747868838498,-727.8283004747952,-714.1473082328228,0.17055130349019076,5,-731.5606036273757,-717.8796113854032,Spline,Spline,7.2551322560359495,10.98743540861642
ARE,United Arab Emirates,55,0.04993769504788821,-375.2371784170623,-365.20051249089994,0.050301491294961066,-374.83795567454894,-364.8012897483866,0.04997767564635507,5,-375.19316250604163,-365.1564965798793,Richards,Richards,-0.3992227425133592,-0.044015911020665044
ARG,Argentina,190,0.9400000328512936,-998.6908937767739,-982.4557734159715,0.9895956529995911,-988.9217553240807,-972.6866349632783,0.9887689776436178,5,-989.0805413479952,-972.8454209871928,Richards,Richards,-9.769138452693255,-9.610352428778697
ARM,Armenia,96,0.2132937554789528,-576.5055796321241,-563.6838386747849,0.20076081749590222,-582.3189664319017,-569.4972254745625,0.2068934497291523,5,-579.4303563501838,-566.6086153928446,Quartic,Quartic,5.813386799777618,2.924776718059775
AUS,Australia,160,0.08792037840298841,-1191.0395968293155,-1175.6637277531463,0.21295644187377435,-1049.4946316262956,-1034.1187625501263,0.13789310312978065,5,-1119.0320518767312,-1103.656182800562,Richards,Richards,-141.54496520301996,-72.00754495258434
AUT,Austria,170,0.30062951504433033,-1067.404759592535,-1051.7257674072837,0.36295789783193433,-1035.375368312806,-1019.6963761275546,0.3545805257068163,5,-1039.3451013006345,-1023.6661091153832,Richards,Richards,-32.029391279729,-28.059658291900405
AZE,Azerbaijan,201,0.12592272942282678,-1472.4537370784922,-1455.9372125381967,0.13286808209776327,-1461.6623864086848,-1445.1458618683894,0.1329102447686814,5,-1461.598613737485,-1445.0820891971896,Richards,Richards,-10.791350669807343,-10.855123341007129
BDI,Burundi,110,0.07032492645259021,-799.0620269842948,-785.5596251553327,0.11377398397315754,-746.1423937158479,-732.6399918868858,0.11047075136967772,5,-749.3833337575462,-735.8809319285841,Richards,Richards,-52.91963326844689,-49.67869322674858
BEL,Belgium,135,0.15814937144668603,-901.1811610820369,-886.6547871898447,0.18740960231443488,-878.264015649759,-863.7376417575668,0.18248291228884522,5,-881.8604252102198,-867.3340513180276,Richards,Richards,-22.917145432277835,-19.320735871817078
BEN,Benin,126,0.2542516690157706,-771.9197859064782,-757.7383763717208,0.24224813700462722,-778.0134028225365,-763.8319932877791,0.2466682731692096,5,-775.7350897226479,-761.5536801878906,Quartic,Quartic,6.093616916058295,3.815303816169717
BFA,Burkina Faso,92,0.2796621846832248,-523.2284547361148,-510.6195118508696,0.22152031725323798,-544.6707181403941,-532.0617752551489,0.1963840305380637,5,-555.7514032376895,-543.1424603524442,Spline,Spline,21.442263404279288,32.52294850157466
BGD,Bangladesh,220,0.2783915550839634,-1457.9179308385774,-1440.9497931068156,0.5495106358526012,-1308.318033157048,-1291.3498954252861,0.5921108045908475,5,-1291.8915883704772,-1274.9234506387154,Richards,Richards,-149.59989768152946,-166.0263424681002
BGR,Bulgaria,214,0.834725658923989,-1176.9784295195645,-1160.1485494444553,0.6627483627647175,-1226.3498867097053,-1209.520006634596,0.6180118659662115,5,-1241.3058581335429,-1224.4759780584336,Spline,Spline,49.371457190140745,64.32742861397833
BHR,Bahrain,126,0.10952274579444268,-878.03602169642,-863.8546121616627,0.07528396563885033,-925.2690217042448,-911.0876121694874,0.07736018007912283,5,-921.8411908800634,-907.6597813453061,Quartic,Quartic,47.233000007824785,43.80516918364344
BIH,Bosnia and Herzegovina,195,0.4854974066984529,-1159.1382738104344,-1142.7732760176157,0.5024219457606569,-1152.4563355920081,-1136.0913377991894,0.48949741738412184,5,-1157.5382520654298,-1141.173254272611,Richards,Richards,-6.6819382184262395,-1.6000217450045966
BLR,Belarus,219,0.3324794580007984,-1411.3645159021282,-1394.4191572530458,0.5244192777446749,-1311.5632736366892,-1294.6179149876068,0.5362622136680095,5,-1306.6726240411333,-1289.7272653920509,Richards,Richards,-99.80124226543899,-104.69189186099493
BOL,Bolivia,127,0.22959549382382013,-792.08416257863,-777.863227146337,0.2769770435303701,-768.2569827297293,-754.0360472974363,0.26987040131878404,5,-771.5580656326475,-757.3371302003545,Richards,Richards,-23.82717984890064,-20.52609694598243
BRA,Brazil,161,0.47718379646302506,-927.2225234715933,-911.8155016466709,0.6144746194360846,-886.5111149950211,-871.1040931700987,0.6064620115936588,5,-888.6243260336331,-873.2173042087107,Richards,Richards,-40.71140847657216,-38.59819743796015
BRB,Barbados,111,0.029079130894313396,-905.4463833418303,-891.8987323352686,0.11390653348486365,-753.891704738737,-740.3440537321753,0.09390666452434045,5,-775.3232375307588,-761.7755865241971,Richards,Richards,-151.5546786030933,-130.12314581107148
BTN,Bhutan,126,0.1013868188481708,-887.7618559525582,-873.5804464178009,0.09777571208721442,-892.3314837825901,-878.1500742478328,0.10150801557774347,5,-887.611326839428,-873.4299173046707,Quartic,Quartic,4.569627830031891,-0.15052911313023287
BWA,Botswana,126,0.2070893965912715,-797.7717139064968,-783.5903043717394,0.29102824976434266,-754.8977225009868,-740.7163129662295,0.2876279899829592,5,-756.3785245186034,-742.1971149838461,Richards,Richards,-42.87399140550997,-41.39318938789336
CAF,Central African Republic,104,0.0638170609383698,-759.1970635121853,-745.9751090164784,0.06752250287711735,-753.3272670238954,-740.1053125281885,0.06509708299736694,5,-757.1317095458695,-743.9097550501626,Richards,Richards,-5.869796488289921,-2.065353966315797
CAN,Canada,126,0.04977659012006551,-977.3980411821593,-963.216631647402,0.04504051775252539,-989.9958130536127,-975.8144035188553,0.04346287768702932,5,-994.4883798343869,-980.3069702996296,Spline,Spline,12.597771871453347,17.090338652227615
CHE,Switzerland,171,0.17553491154897188,-1166.7503315328645,-1151.042013750351,0.4909635357241504,-990.871374857641,-975.1630570751277,0.4344115780739357,5,-1011.7979168274379,-996.0895990449246,Richards,Richards,-175.87895667522355,-154.95241470542658
CHL,Chile,143,1.2139115587341855,-671.9665411704038,-657.1523180191043,1.357951311761786,-655.9320460172586,-641.117822865959,1.3869283122968425,5,-652.9127041253032,-638.0984809740037,Richards,Richards,-16.034495153145258,-19.053837045100636
CHN,China,237,0.15159940294384333,-1733.0340108118107,-1715.693710106135,0.20394943653755976,-1662.7325661539908,-1645.3922654483151,0.1949293599590869,5,-1673.4532295616355,-1656.1129288559598,Richards,Richards,-70.30144465781996,-59.58078125017528
CIV,Cote d'Ivoire,126,0.26683392630065655,-765.8337507110366,-751.6523411762793,0.3018547551996473,-750.2954946393556,-736.1140851045983,0.30615698977071804,5,-748.5123363113333,-734.330926776576,Richards,Richards,-15.538256071680962,-17.321414399703258
CMR,Cameroon,65,0.04501208071398797,-462.88875626366604,-452.01681991418786,0.043337943328044415,-465.35241053660087,-454.4804741871227,0.04331478182030158,5,-465.38715838870957,-454.5152220392314,Spline,Spline,2.463654272934832,2.498402125043526
COD,Democratic Republic of Congo,126,0.09894123565740692,-890.8383974981332,-876.6569879633759,0.09851215008373304,-891.3860190766095,-877.2046095418522,0.09842726836119278,5,-891.4946321494699,-877.3132226147126,Spline,Spline,0.5476215784763099,0.6562346513367174
COG,Congo,123,0.11401089309306914,-848.9884133604739,-834.9274915836119,0.10793774289496552,-855.7213584588161,-841.660436681954,0.10820830882149149,5,-855.4134219864097,-841.3525002095477,Quartic,Quartic,6.732945098342157,6.425008625935789
COL,Colombia,158,0.29174943467279607,-984.5238866117505,-969.2109114466157,0.3298584766103417,-965.1264841100309,-949.8135089448961,0.31071820425323315,5,-974.5712971845675,-959.2583220194326,Richards,Richards,-19.397402501719625,-9.952589427183057
COM,Comoros,94,0.1955418991409785,-570.4758863716874,-557.7594124603373,0.21725654396946306,-560.5772905178274,-547.8608166064773,0.22148285374271434,5,-558.7662591432518,-546.0497852319018,Richards,Richards,-9.898595853860002,-11.70962722843558
CPV,Cape Verde,126,0.1406041961548158,-846.5591336590668,-832.3777241243095,0.3899523509991204,-718.0295915311324,-703.848181996375,0.3336540361011114,5,-737.6755012805711,-723.4940917458138,Richards,Richards,-128.5295421279344,-108.88363237849569
CRI,Costa Rica,126,0.21679299200737934,-792.0018744390532,-777.8204649042958,0.18954338298210946,-808.9268259624174,-794.7454164276601,0.19209130033194893,5,-807.2443669504466,-793.0629574156893,Quartic,Quartic,16.924951523364257,15.242492511393493
CUB,Cuba,233,0.4509829281252421,-1445.6358695841918,-1428.3806773163633,0.4540395574597125,-1444.0619919087387,-1426.8067996409102,0.4542424170827341,5,-1443.9579134523237,-1426.7027211844952,Richards,Richards,-1.5738776754531045,-1.6779561318680862
CYP,Cyprus,126,0.09743100861894649,-892.7764754507907,-878.5950659160334,0.14213001537456196,-845.1991631972812,-831.0177536625239,0.1403670837270357,5,-846.7717971953912,-832.5903876606338,Richards,Richards,-47.57731225350949,-46.00467825539954
CZE,Czechia,177,1.7537192045345757,-806.7507363931303,-790.8699877302612,1.673876404162817,-814.9983444691685,-799.1175958062994,1.681836084436768,5,-814.1586622523474,-798.2779135894783,Quartic,Quartic,8.247608076038205,7.40792585921713
DEU,Germany,139,1.8391965472142542,-591.195171123422,-576.5228014577685,2.035665090551467,-577.0875365113457,-562.4151668456922,2.048756883713758,5,-576.1964603722515,-561.524090706598,Richards,Richards,-14.107634612076367,-14.998710751170506
DJI,Djibouti,126,0.08033501769365767,-917.0867783479288,-902.9053688131714,0.11745131368433713,-869.2296745197667,-855.0482649850094,0.11545133376982455,5,-871.3937002734012,-857.2122907386439,Richards,Richards,-47.85710382816205,-45.693078074527534
DNK,Denmark,185,0.2655882321817602,-1201.0403388871,-1184.9385597617083,0.37921419527640843,-1135.151831422227,-1119.0500522968352,0.3807903239477212,5,-1134.384509084439,-1118.2827299590474,Richards,Richards,-65.8885074648731,-66.65582980266095
DOM,Dominican Republic,160,0.26744378629009535,-1013.0431511477311,-997.667282071562,0.3567228097064742,-966.9552091878166,-951.5793401116475,0.3046885296986674,5,-992.1822485609083,-976.8063794847392,Richards,Richards,-46.087941959914474,-20.860902586822817
DZA,Algeria,126,0.31471973694121147,-745.0366880600758,-730.8552785253185,0.30702540268662776,-748.1554438046128,-733.9740342698555,0.3143692851424663,5,-745.1770717884818,-730.9956622537245,Quartic,Quartic,3.1187557445369976,0.14038372840605007
ECU,Ecuador,126,0.1226467265282558,-863.7758672454404,-849.5944577106831,0.14426228090661702,-843.3229226355995,-829.1415131008422,0.1387731061914541,5,-848.2108114238445,-834.0294018890871,Richards,Richards,-20.45294460984087,-15.565055821595934
EGY,Egypt,205,0.16359326805686436,-1452.3433066370173,-1435.7282567413254,0.1637932908892396,-1452.0928095740283,-1435.4777596783363,0.1643688265484824,5,-1451.373744667727,-1434.758694772035,Richards,Richards,-0.2504970629890977,-0.9695619692904529
ERI,Eritrea,126,0.36996254727059474,-724.6600615354849,-710.4786520007276,0.3965268033171267,-715.9229869664134,-701.7415774316561,0.3945060907593635,5,-716.5667284290341,-702.3853188942768,Richards,Richards,-8.737074569071524,-8.093333106450814
ESP,Spain,149,0.36700162916614043,-884.9439593629743,-869.924227833247,2.133332530150296,-622.6928861302692,-607.6731546005419,1.732369790605206,5,-653.7139460302434,-638.6942145005161,Richards,Richards,-262.25107323270504,-231.2300133327309
EST,Estonia,230,2.2864843468357323,-1050.5446948694507,-1033.3542983248346,2.2154277250204757,-1057.8057786509514,-1040.6153821063353,2.1968136334816792,5,-1059.7464097747534,-1042.5560132301373,Spline,Spline,7.261083781500702,9.201714905302651
ETH,Ethiopia,237,0.11291945080451765,-1802.8463412368026,-1785.506040531127,0.32772020364526144,-1550.3262855861533,-1532.9859848804776,0.3090962332476811,5,-1564.1925734674564,-1546.8522727617808,Richards,Richards,-252.52005565064928,-238.65376776934613
FIN,Finland,126,0.07990290248915215,-917.7663509196265,-903.5849413848691,0.08053535441787896,-916.7729549885416,-902.5915454537843,0.08000944536084247,5,-917.598453893539,-903.4170443587817,Richards,Richards,-0.9933959310848195,-0.16789702608741663
FJI,Fiji,124,0.19992783899179686,-787.3299631750581,-773.2285553470329,0.2539719585845757,-757.6608098841148,-743.5594020560895,0.24764571410417505,5,-760.7886738036409,-746.6872659756157,Richards,Richards,-29.669153290943314,-26.54128937141718
FRA,France,127,0.42089363149283576,-715.114401999444,-700.893466567151,0.5262175566240127,-686.7509093230835,-672.5299738907905,0.5330345508993297,5,-685.1162272304665,-670.8952917981735,Richards,Richards,-28.363492676360465,-29.998174768977492
GAB,Gabon,116,0.1373594381610193,-771.6943438777793,-757.9263929222475,0.13294604720759853,-775.4826417744275,-761.7146908188957,0.134990104975698,5,-773.7127029342735,-759.9447519787417,Quartic,Quartic,3.7882978966482597,2.018359056494205
GBR,United Kingdom,126,0.09514766345391643,-895.764500766637,-881.5830912318796,0.09497511818369972,-895.9932025542807,-881.8117930195234,0.09454743770578823,5,-896.5618718763643,-882.380462341607,Spline,Spline,0.2287017876437858,0.7973711097273508
GEO,Georgia,213,0.20525173948306497,-1469.24457716821,-1452.4381163396629,0.24420608724353068,-1432.2304456361903,-1415.4239848076431,0.24400732435958147,5,-1432.4038800221128,-1415.5974191935657,Richards,Richards,-37.014131532019746,-36.84069714609723
GHA,Ghana,124,0.34655473300713013,-719.1195137730582,-705.018105945033,0.41317415548509423,-697.3167894092942,-683.215381581269,0.42481474730112445,5,-693.8715737647432,-679.770165936718,Richards,Richards,-21.802724363764014,-25.247940008315027
GIN,Guinea,126,0.37812756041084705,-721.9095038154574,-707.7280942807,0.3597132370616675,-728.1999844889397,-714.0185749541823,0.3517777726036822,5,-731.0107297296996,-716.8293201949423,Spline,Spline,6.290480673482307,9.101225914242264
GMB,Gambia,126,0.36125015259203797,-727.6627820374766,-713.4813725027193,0.3693957084274854,-724.8532607259305,-710.6718511911731,0.3727519893849923,5,-723.7136108020128,-709.5322012672555,Richards,Richards,-2.8095213115461775,-3.9491712354638366
GNB,Guinea-Bissau,126,0.24219426434976862,-778.0414266062564,-763.8600170714991,0.4010642931660114,-714.4893453636496,-700.3079358288923,0.36385812304441334,5,-726.7564189328431,-712.5750093980857,Richards,Richards,-63.552081242606846,-51.28500767341336
GNQ,Equatorial Guinea,126,0.09191904867080677,-900.1142416496028,-885.9328321148455,0.13082419222408015,-855.6430338295647,-841.4616242948074,0.12070211941327202,5,-865.7896488282058,-851.6082392934485,Richards,Richards,-44.4712078200381,-34.324592821397005
GRC,Greece,169,0.7611081238461714,-903.0864774624393,-887.436983887824,0.890130796492014,-876.6222629568542,-860.9727693822389,0.7280546823448586,5,-910.5899541856933,-894.9404606110779,Spline,Spline,-26.46421450558512,7.503476723253925
GTM,Guatemala,161,0.397204473812088,-956.7580602061134,-941.3510383811911,0.5829242237383536,-894.9974932423145,-879.5904714173921,0.5815971880683763,5,-895.3644299653017,-879.9574081403794,Richards,Richards,-61.760566963798965,-61.39363024081172
GUY,Guyana,116,0.08199602223035264,-831.54226907287,-817.7743181173382,0.12156011617779584,-785.8686393727114,-772.1006884171796,0.12390868465089805,5,-783.6488684255216,-769.8809174699899,Richards,Richards,-45.673629700158585,-47.89340064734836
HKG,Hong Kong,126,0.10816677946871596,-879.60572484611,-865.4243153113526,0.063173695291436,-947.3667973307756,-933.1853877960183,0.06137339047629483,5,-951.0096638972839,-936.8282543625265,Spline,Spline,67.76107248466565,71.4039390511739
HND,Honduras,127,0.3126015695749803,-752.8906416569595,-738.6697062246665,0.35306409284471035,-737.4321803747428,-723.2112449424498,0.3501403701484393,5,-738.4882456916334,-724.2673102593404,Richards,Richards,-15.458461282216717,-14.402395965326036
HRV,Croatia,85,0.26170652059770255,-481.57053884482735,-469.35728256237576,0.09562131538621371,-567.1509159580453,-554.9376596755937,0.09150819309583604,5,-570.8881321393337,-558.6748758568822,Spline,Spline,85.58037711321793,89.31759329450637
HTI,Haiti,198,0.4670338650146992,-1187.8248666320103,-1171.3835314785376,0.41258076934296484,-1212.3708830830644,-1195.9295479295918,0.41137231989643597,5,-1212.9516762498142,-1196.5103410963416,Spline,Spline,24.54601645105413,25.12680961780393
HUN,Hungary,185,0.8063674526619405,-995.5807402354392,-979.4789611100475,0.909281052264409,-973.359520813503,-957.2577416881113,0.8891242255171402,5,-977.5067162827655,-961.4049371573739,Richards,Richards,-22.221219421936212,-18.074023952673656
IDN,Indonesia,226,0.5432359899489134,-1352.9486974233648,-1335.8460224270034,0.5331064666171945,-1357.2026220884256,-1340.0999470920642,0.5289239940374373,5,-1358.982690974873,-1341.8800159785117,Spline,Spline,4.253924665060822,6.033993551508274
IND,India,237,0.3141517254326916,-1560.347625688962,-1543.0073249832863,0.39950532306415865,-1503.384434372088,-1486.0441336664123,0.40079398300317143,5,-1502.621188253566,-1485.2808875478904,Richards,Richards,-56.96319131687392,-57.72643743539584
IRL,Ireland,126,0.12369547990727815,-862.7030204440362,-848.5216109092788,0.09481928326231683,-896.2001128146157,-882.0187032798584,0.08425000450358718,5,-911.0913189690092,-896.9099094342519,Spline,Spline,33.497092370579594,48.38829852497304
IRN,Iran,237,0.21358091390781722,-1651.7965221188892,-1634.4562214132136,0.24886338129742028,-1615.5619884604587,-1598.221687754783,0.2405226626310914,5,-1623.6412615761024,-1606.3009608704267,Richards,Richards,-36.234533658430564,-28.15526054278689
IRQ,Iraq,235,0.42079146918521626,-1476.4228001179217,-1459.124872547201,0.3366091178152213,-1528.8783295819637,-1511.580402011243,0.3466123943333288,5,-1521.9964093298288,-1504.698481759108,Quartic,Quartic,52.455529464042,45.57360921190707
ISL,Iceland,103,0.07412181064804384,-735.3877670614833,-722.2141221203351,0.06524909454408347,-748.5200260759009,-735.3463811347527,0.055049998249923945,5,-766.0269708908761,-752.853325949728,Spline,Spline,13.132259014417627,30.63920382939284
ISR,Israel,207,0.12040689158227885,-1532.066641504769,-1515.4030475384423,0.4100657527242203,-1278.400406452235,-1261.7368124859083,0.32706934247760855,5,-1325.2124865361936,-1308.548892569867,Richards,Richards,-253.66623505253392,-206.85415496857536
ITA,Italy,159,0.4103232658891549,-937.5945544263251,-922.2500334152239,0.5527874569683839,-890.2080579418961,-874.8635369307949,0.4450806409040193,5,-924.6662359903052,-909.321714979204,Richards,Richards,-47.38649648442902,-12.928318436019936
JAM,Jamaica,104,0.0318777899129884,-831.3846117864895,-818.1626572907826,0.09505382590785298,-717.7610972808712,-704.5391427851644,0.08851606787031166,5,-725.1720568121935,-711.9501023164867,Richards,Richards,-113.62351450561823,-106.21255497429593
JOR,Jordan,104,0.04217320494392794,-802.2775557192942,-789.0556012235874,0.06087458617521395,-764.1063610474438,-750.8844065517369,0.05283492384510322,5,-778.8372720387838,-765.6153175430769,Richards,Richards,-38.17119467185046,-23.440283680510447
JPN,Japan,227,0.6601518989549164,-1315.7334217241407,-1298.6086716367338,0.7434976232612751,-1288.7441180875771,-1271.6193680001702,0.7237900743184055,5,-1294.842285009688,-1277.7175349222812,Richards,Richards,-26.98930363656359,-20.891136714452614
KAZ,Kazakhstan,225,0.22185999517077223,-1547.407058894686,-1530.326556883664,0.33481269454116763,-1454.8139959625971,-1437.733493951575,0.3413497390798648,5,-1450.4633228824314,-1433.3828208714092,Richards,Richards,-92.59306293208897,-96.9437360122547
KEN,Kenya,126,0.16002287785869382,-830.258769682375,-816.0773601476177,0.16079274929110207,-829.6540361315094,-815.4726265967521,0.1612359296001369,5,-829.3072300371942,-815.1258205024369,Richards,Richards,-0.6047335508656033,-0.9515396451807874
KGZ,Kyrgyzstan,138,0.1688027862145596,-915.4663469022531,-900.8300784764671,0.18325911515108567,-904.1268878531591,-889.4906194273731,0.18340964461284442,5,-904.0135808623858,-889.3773124365997,Richards,Richards,-11.339459049093989,-11.452766039867356
KHM,Cambodia,126,0.37076478201707,-724.3871362265864,-710.2057266918291,0.42229926176565163,-707.9886944874972,-693.8072849527399,0.42948871165978375,5,-705.8616576485887,-691.6802481138313,Richards,Richards,-16.398441739089208,-18.525478577997774
KOR,South Korea,237,0.47963699409648486,-1460.0602499161043,-1442.7199492104287,0.4979939363760257,-1451.158922031084,-1433.8186213254085,0.5064354678340957,5,-1447.1751874798185,-1429.834886774143,Richards,Richards,-8.901327885020237,-12.885062436285807
KWT,Kuwait,237,0.0512162924226487,-1990.2225813725772,-1972.8822806669016,0.07554660210961195,-1898.1025727475626,-1880.762272041887,0.07645371560345637,5,-1895.2737832610806,-1877.933482555405,Richards,Richards,-92.12000862501463,-94.94879811149667
LAO,Laos,230,0.14441177183789108,-1685.8281437396513,-1668.6377471950352,0.12091209242755997,-1726.677287497653,-1709.486890953037,0.12055368626171677,5,-1727.3600631615884,-1710.1696666169723,Spline,Spline,40.849143758001674,41.53191942193712
LBN,Lebanon,108,0.05117146652973506,-816.7080777648074,-803.2974216291863,0.019998033682175224,-918.1792757539083,-904.7686196182872,0.02021998004684763,5,-916.9872501662691,-903.5765940306479,Quartic,Quartic,101.47119798910092,100.27917240146166
LBR,Liberia,152,0.22228469711939433,-982.2068766547269,-967.0874740504955,0.397545438770552,-893.8416372559816,-878.7222346517502,0.39854037682051374,5,-893.4617016777523,-878.342299073521,Richards,Richards,-88.3652393987453,-88.74517497697457
LBY,Libya,106,0.16104959567229277,-677.8850928366246,-664.5678973660642,0.09947904611742187,-728.9522183465441,-715.6350228759837,0.09490701970111669,5,-733.9394502806281,-720.6222548100677,Spline,Spline,51.06712550991949,56.05435744400347
LKA,Sri Lanka,126,0.14712058476043632,-840.8508634969235,-826.6694539621661,0.08496529928217691,-910.026076323606,-895.8446667888487,0.07487692350987048,5,-925.9521214669234,-911.770711932166,Spline,Spline,69.17521282668258,85.10125796999989
LSO,Lesotho,126,0.13019478683250046,-856.2506925778613,-842.069283043104,0.1498171585325791,-838.5623188870842,-824.3809093523269,0.15202133413363472,5,-836.7220561680448,-822.5406466332875,Richards,Richards,-17.688373690777098,-19.5286364098165
LTU,Lithuania,225,1.105621746689127,-1186.030825726683,-1168.9503237156607,1.151021979983761,-1176.9762896502284,-1159.8957876392062,1.1318810601144207,5,-1180.7493871656561,-1163.668885154634,Richards,Richards,-9.054536076454497,-5.281438561026789
LUX,Luxembourg,86,0.185719639422343,-517.8563344094339,-505.5845979281663,0.1922274521338022,-514.894400172319,-502.62266369105146,0.2006979200289082,5,-511.18594474401766,-498.9142082627501,Richards,Richards,-2.9619342371148605,-6.670389665416224
LVA,Latvia,218,1.1454003845862686,-1134.225495717945,-1117.3030204039997,1.2546407854370365,-1114.3667752264362,-1097.4442999124908,1.2454647076093472,5,-1115.9670228595216,-1099.0445475455763,Richards,Richards,-19.858720491508848,-18.258472858423374
MAR,Morocco,237,0.13622208623250803,-1758.3823443824872,-1741.0420436768115,0.214571124917959,-1650.700274026878,-1633.3599733212025,0.20874108550034381,5,-1657.2288204726851,-1639.8885197670095,Richards,Richards,-107.68207035560908,-101.15352390980206
MDA,Moldova,211,0.19273152130109056,-1466.644522676154,-1449.8852320087738,0.2642053979773878,-1400.089070315501,-1383.3297796481206,0.2607313792199459,5,-1402.8818967716354,-1386.122606104255,Richards,Richards,-66.55545236065313,-63.7626259045187
MDG,Madagascar,209,0.9087129819973161,-1126.554589743572,-1109.842918483748,0.560022233582407,-1227.7216264426538,-1211.0099551828298,0.5255324792238394,5,-1241.0066050688881,-1224.294933809064,Spline,Spline,101.16703669908179,114.4520153253161
MDV,Maldives,100,0.07283953376545697,-712.4666610935027,-699.4408101635622,0.07056290353095573,-715.6420904303191,-702.6162395003786,0.07127451537091144,5,-714.6386629620614,-701.6128120321209,Quartic,Quartic,3.1754293368163644,2.1720018685587092
MEX,Mexico,161,0.03871002445866408,-1331.6228286529235,-1316.2158068280012,0.06218528942606768,-1255.3056294321332,-1239.8986076072108,0.05514963895346754,5,-1274.6366206315543,-1259.2295988066319,Richards,Richards,-76.31719922079037,-56.98620802136929
MKD,North Macedonia,235,0.3739776316124829,-1504.1390294154376,-1486.8411018447168,0.39686132912492694,-1490.1821595374256,-1472.8842319667049,0.379025630738344,5,-1500.9881863173464,-1483.6902587466257,Richards,Richards,-13.956869878011958,-3.1508430980911726
MLI,Mali,125,0.37233270547740044,-717.0351490198171,-702.8935803333056,0.5942007789549558,-658.6064677907751,-644.4648991042636,0.5962150769009917,5,-658.1834433790603,-644.0418746925488,Richards,Richards,-58.42868122904201,-58.85170564075679
MLT,Malta,105,0.06393637301794933,-767.4018572485438,-754.1320554977563,0.053324463601312204,-786.4586445073959,-773.1888427566083,0.04711484968933752,5,-799.4583767668155,-786.1885750160279,Spline,Spline,19.05678725885207,32.05651951827167
MMR,Myanmar,237,0.7152413398254255,-1365.3573088897047,-1348.017008184029,0.807445186804644,-1336.6198386438734,-1319.2795379381978,0.8068716372830063,5,-1336.7882457871547,-1319.447945081479,Richards,Richards,-28.73747024583122,-28.56906310254999
MNE,Montenegro,31,0.005567673375701472,-257.36772191699725,-250.19778589457152,0.00461835867595044,-263.16279629967005,-255.99286027724432,0.003637067426777146,5,-270.5675081339622,-263.3975721115364,Spline,Spline,5.795074382672794,13.199786216964924
MNG,Mongolia,115,0.42959455795065526,-632.8322361735135,-619.1075755316972,0.3897568072860007,-644.0239098852206,-630.2992492434043,0.4010647366097435,5,-640.734923840983,-627.0102631991667,Quartic,Quartic,11.191673711707153,7.902687667469536
MOZ,Mozambique,126,0.12552437336032857,-860.8536917581315,-846.6722822233742,0.3498383531858428,-731.7073142580829,-717.5259047233255,0.30338686338076326,5,-749.6575806650347,-735.4761711302774,Richards,Richards,-129.14637750004863,-111.19611109309676
MRT,Mauritania,122,0.18605316334159205,-781.2607517038558,-767.2406464801895,0.21351576554657561,-764.4640093565482,-750.4439041328819,0.2139514941381371,5,-764.2152936695462,-750.1951884458799,Richards,Richards,-16.7967423473076,-17.045458034309604
MUS,Mauritius,126,0.06040402631826744,-953.0156592118308,-938.8342496770734,0.07272930888415864,-929.6188845216476,-915.4374749868903,0.07046293484376298,5,-933.607745519482,-919.4263359847247,Richards,Richards,-23.39677469018318,-19.407913692348757
MWI,Malawi,126,0.18890969888669695,-809.3487766583708,-795.1673671236134,0.3416626317975073,-734.6868874514842,-720.5054779167268,0.3607661790619085,5,-727.8316997509853,-713.650290216228,Richards,Richards,-74.6618892068866,-81.51707690738544
MYS,Malaysia,126,0.16716991976739334,-824.7533273028396,-810.5719177680822,0.14241858737001037,-844.9435999399607,-830.7621904052033,0.13868021704131445,5,-848.2951790084062,-834.1137694736489,Spline,Spline,20.190272637121097,23.541851705566614
NAM,Namibia,126,0.12974376711083396,-856.6879385430851,-842.5065290083278,0.917577127755997,-610.2098688701719,-596.0284593354146,0.9164492333358574,5,-610.3648445214152,-596.1834349866579,Richards,Richards,-246.4780696729132,-246.32309402166993
NER,Niger,104,0.11089437983937066,-701.7310681296094,-688.5091136339025,0.12386280533690097,-690.2290498958206,-677.0070954001137,0.1214028884125678,5,-692.3152767546114,-679.0933222589045,Richards,Richards,-11.502018233788817,-9.41579137499798
NGA,Nigeria,66,0.022322424039216634,-517.4600068420017,-506.51173313186956,0.03595015535075501,-486.00825662631894,-475.0599829161868,0.028371584542290794,5,-501.63344678636304,-490.6851730762309,Richards,Richards,-31.45175021568275,-15.826560055638652
NIC,Nicaragua,126,0.22565748026406668,-786.9523827051349,-772.7709731703776,0.3465517696417835,-732.8966263621567,-718.7152168273993,0.31997796319383826,5,-742.9489172488308,-728.7675077140734,Richards,Richards,-54.05575634297827,-44.003465456304184
NLD,Netherlands,150,0.13638880477781679,-1040.4321361169677,-1025.3789596464865,0.2565351790034797,-945.6687151641129,-930.6155386936316,0.16796577465660134,5,-1009.1945505067208,-994.1413740362395,Richards,Richards,-94.76342095285486,-31.237585610246924
NOR,Norway,151,0.3022017987621278,-928.3049571765551,-913.2185579924806,0.365928660949789,-899.4121042416189,-884.3257050575443,0.31075378882000126,5,-924.0911631397615,-909.0047639556869,Richards,Richards,-28.892852934936286,-4.213794036793615
NPL,Nepal,237,0.2088787012009917,-1657.0726261386394,-1639.7323254329638,0.31222882212734415,-1561.8027459565203,-1544.4624452508447,0.3083703544789374,5,-1564.749796646364,-1547.4094959406884,Richards,Richards,-95.2698801821191,-92.32282949227533
NZL,New Zealand,126,0.009560110930841493,-1185.2911697669329,-1171.1097602321754,0.01903112109890712,-1098.5431608659762,-1084.3617513312188,0.014690037691231962,5,-1131.165321377015,-1116.9839118422576,Richards,Richards,-86.74800890095662,-54.12584838991779
OMN,Oman,114,0.039500603221574226,-898.310707393545,-884.6297151515726,0.08695072416084662,-808.3617860275782,-794.6807937856057,0.07567107840127209,5,-824.2015772756428,-810.5205850336703,Richards,Richards,-89.94892136596684,-74.10913011790228
OWID_AFR,Africa,126,0.026314814064901087,-1057.7120467452194,-1043.530637210462,0.020216887239009614,-1090.9273850351333,-1076.7459755003758,0.022380436949432057,5,-1078.1170948512772,-1063.9356853165198,Quartic,Quartic,33.215338289913916,20.405048106057848
OWID_ASI,Asia,126,0.03263805350715634,-1030.578344894485,-1016.3969353597278,0.034880061409028267,-1022.2073501156203,-1008.025940580863,0.035879147280915874,5,-1018.6489952756604,-1004.467585740903,Richards,Richards,-8.37099477886477,-11.929349618824745
OWID_DRV,Democratic Republic of Vietnam,31,0.03388899545277732,-201.3782163304784,-194.20828030805268,0.007537672585867695,-247.9766997660691,-240.80676374364336,0.007533760341163052,5,-247.99279373525638,-240.82285771283065,Spline,Spline,46.59848343559068,46.614577404777975
OWID_EUR,Europe,237,0.2880891920300938,-1580.8732345305489,-1563.5329338248732,0.2661908681810704,-1599.6096311262897,-1582.269330420614,0.2796833713354315,5,-1587.8912738106762,-1570.5509731050006,Quartic,Quartic,18.73639659574087,7.018039280127368
OWID_GDR,East Germany,42,0.07050772292454774,-258.3675112335499,-249.67916314213306,0.05929130588179009,-265.644413007287,-256.9560649158702,0.05955309176651452,5,-265.45938072710857,-256.7710326356917,Quartic,Quartic,7.276901773737109,7.091869493558647
OWID_GFR,West Germany,42,0.01185560378459192,-333.25021842644185,-324.561870335025,0.012316994231363546,-331.64668763345924,-322.9583395420424,0.01243195221937731,5,-331.25650777422175,-322.5681596828049,Richards,Richards,-1.6035307929826104,-1.993710652220102
OWID_NAM,North America,185,0.054829645732183324,-1492.9178140358395,-1476.8160349104478,0.128705109621424,-1335.0586483629374,-1318.9568692375458,0.13765708296700407,5,-1322.618902226877,-1306.5171231014854,Richards,Richards,-157.859165672902,-170.29891180896243
OWID_OCE,Oceania,126,0.026331691607031783,-1057.6312599824826,-1043.449850447725,0.04490705712812027,-990.3697208779824,-976.1883113432251,0.04022914917025126,5,-1004.2301140158005,-990.0487044810432,Richards,Richards,-67.26153910450012,-53.401145966682066
OWID_PMA,Parma,60,0.1021777392114718,-372.52316018568126,-362.05143737457075,0.05828878009448531,-406.201413054705,-395.72969024359446,0.06044596050420288,5,-404.02100540768333,-393.5492825965728,Quartic,Quartic,33.67825286902371,31.49784522200207
OWID_RVN,Republic of Vietnam,168,0.10395990129332026,-1231.1359516775117,-1215.5161317804955,0.023789496553570967,-1478.8958161947623,-1463.2759962977461,0.022611033608869874,5,-1487.4312514216813,-1471.811431524665,Spline,Spline,247.75986451725066,256.2952997441696
OWID_SAM,South America,154,0.1705274570462492,-1038.0949801234315,-1022.9102171113633,0.22385972209947427,-996.1879930161504,-981.0032300040822,0.20766439535972492,5,-1007.7528266457596,-992.5680636336914,Richards,Richards,-41.90698710728111,-30.3421534776719
OWID_SML,Somaliland,95,0.05581436809540708,-696.7620799512163,-683.9926954932135,0.09675067693745211,-644.5020099831346,-631.7326255251319,0.08274294070258872,5,-659.359879525982,-646.5904950679793,Richards,Richards,-52.260069968081666,-37.40220042523424
OWID_TUS,Tuscany,67,0.010989888226304223,-573.9366441335177,-562.9131810365628,0.012499299067381031,-565.3139471265225,-554.2904840295677,0.012760920470617061,5,-563.9260525527893,-552.9025894558345,Richards,Richards,-8.622697006995168,-10.010591580728374
OWID_WRL,World,237,0.05798695573223741,-1960.7965686398754,-1943.4562679341998,0.10949962857955273,-1810.1349402916628,-1792.7946395859872,0.11790206722057558,5,-1792.6127757348904,-1775.2724750292148,Richards,Richards,-150.66162834821262,-168.183792904985
OWID_YAR,Yemen Arab Republic,73,0.01291176597022196,-620.7255285637503,-609.2732313580084,0.01541738724013008,-607.7784728403469,-596.326175634605,0.015095642756221408,5,-609.3180261313294,-597.8657289255874,Richards,Richards,-12.947055723403423,-11.407502432420983
OWID_YPR,Yemen People's Republic,91,0.01695438589676638,-771.5160289456842,-758.9617314131,0.01763235595140485,-767.9480040082402,-755.393706475656,0.01792705427053608,5,-766.4396459750542,-753.88534844247,Richards,Richards,-3.5680249374439654,-5.076382970629993
OWID_ZAN,Zanzibar,86,0.02813689506599364,-680.15179468613,-667.8800582048624,0.03674626423055777,-657.193676716736,-644.9219402354685,0.05221959612292947,5,-626.9714481680338,-614.6997116867662,Richards,Richards,-22.958117969393925,-53.180346518096144
PAK,Pakistan,170,0.2097530938409291,-1128.5958455119157,-1112.9168533266645,0.24506421681992344,-1102.145683161758,-1086.4666909765067,0.2464124184075206,5,-1101.2130046645177,-1085.5340124792665,Richards,Richards,-26.450162350157825,-27.38284084739803
PAN,Panama,123,0.15497240780959143,-811.2331833318448,-797.1722615549827,0.29302921720768266,-732.8790794838188,-718.8181577069568,0.29771811714040397,5,-730.9264788709452,-716.8655570940831,Richards,Richards,-78.35410384802594,-80.3067044608996
PER,Peru,129,0.27161002134817036,-785.0528504244488,-770.7537884026405,0.3066622175078376,-769.3948845158894,-755.0958224940811,0.3100118027231767,5,-767.9934934142574,-753.694431392449,Richards,Richards,-15.65796590855939,-17.059357010191434
PHL,Philippines,123,0.5817949426261967,-648.5200544585847,-634.4591326817226,0.6116238361619272,-642.370129075937,-628.309207299075,0.6137695073579603,5,-641.9393811398006,-627.8784593629385,Richards,Richards,-6.149925382647666,-6.580673318784079
PNG,Papua New Guinea,126,0.03084392383439333,-1037.7022740817938,-1023.5208645470365,0.2575496976871318,-770.2958849493932,-756.1144754146359,0.23990828560861047,5,-779.2363403444791,-765.0549308097218,Richards,Richards,-267.4063891324006,-258.4659337373147
POL,Poland,142,0.7466340344277701,-735.2170203053358,-720.4378850173296,0.6349765744573174,-758.2191805165203,-743.440045228514,0.6825131104900557,5,-747.9676852283352,-733.1885499403289,Quartic,Quartic,23.002160211184446,12.750664922999363
PRK,North Korea,203,0.04032598113315026,-1720.364956644269,-1703.79892674906,0.04725864676317603,-1688.161100971208,-1671.5950710759992,0.04250916299104515,5,-1709.6620459251378,-1693.096016029929,Richards,Richards,-32.20385567306084,-10.702910719131069
PRT,Portugal,157,0.8247980901160404,-814.0714073508061,-798.7901783240645,3.0139676066349765,-610.6191870950137,-595.3379580682721,2.53825608159292,5,-637.5886611212063,-622.3074320944647,Richards,Richards,-203.45222025579244,-176.4827462295998
PRY,Paraguay,159,0.33275256676726306,-970.9123893147973,-955.5678683036962,0.8196577818192958,-827.5758382005554,-812.2313171894542,0.8404547811666787,5,-823.5918964257397,-808.2473754146386,Richards,Richards,-143.33655111424196,-147.32049288905762
QAT,Qatar,91,0.021493548643706995,-749.9284382213798,-737.3741406887956,0.02544893464658397,-734.5566222661538,-722.0023247335696,0.029305053101722198,5,-721.7177889417752,-709.163491409191,Richards,Richards,-15.371815955225998,-28.21064927960458
ROU,Romania,128,0.26494214553553935,-781.0750796139968,-766.8149282943987,0.2547101535919108,-786.1163899908535,-771.8562386712554,0.2609348363378451,5,-783.0258990022737,-768.7657476826756,Quartic,Quartic,5.0413103768567,1.9508193882769547
RUS,Russia,225,0.21957431927388413,-1549.7371073570343,-1532.6566053460122,0.29710461557738876,-1481.6985567660902,-1464.618054755068,0.3089619479906826,5,-1472.8934504449437,-1455.8129484339215,Richards,Richards,-68.03855059094417,-76.84365691209064
RWA,Rwanda,110,0.27808095315650067,-647.835571257619,-634.3331694286569,0.2924102083950414,-642.3085805584274,-628.8061787294653,0.32199168721083443,5,-631.7080907246688,-618.2056888957067,Richards,Richards,-5.526990699191629,-16.127480532950244
SAU,Saudi Arabia,166,0.03065572810022086,-1417.0893068053042,-1401.5293678635214,0.04347126609088017,-1359.1087209249094,-1343.5487819831267,0.07515920225527374,5,-1268.222328129297,-1252.6623891875142,Richards,Richards,-57.980585880394756,-148.8669786760072
SDN,Sudan,173,0.29531853215969067,-1092.527673027653,-1076.761215055164,0.21497156401992581,-1147.4636128036327,-1131.6971548311437,0.21180631507576092,5,-1150.029810044621,-1134.263352072132,Spline,Spline,54.935939775979705,57.502137016967936
SEN,Senegal,122,0.15567323880774858,-803.0100906266591,-788.9899854029928,0.3899801729218865,-690.9730117945948,-676.9529065709285,0.38678836345171913,5,-691.9756346578363,-677.95552943417,Richards,Richards,-112.03707883206437,-111.03445596882284
SGP,Singapore,124,0.2737775071529334,-748.3494146335053,-734.24800680548,0.317763124005757,-729.8745984227263,-715.7731905947011,0.32261346946923924,5,-727.9961589378594,-713.8947511098341,Richards,Richards,-18.474816210778954,-20.353255695645885
SLB,Solomon Islands,126,0.10293126900835395,-885.8569396644806,-871.6755301297233,0.07070182742966247,-933.1812864786677,-918.9998769439104,0.07351878941259227,5,-928.2585179388876,-914.0771084041303,Quartic,Quartic,47.32434681418715,42.40157827440703
SLE,Sierra Leone,82,0.11734747323133426,-527.0454811587964,-515.0118849224751,0.2940348651997122,-451.7236464995823,-439.690050263261,0.2586810121985493,5,-462.2280646125676,-450.19446837624633,Richards,Richards,-75.32183465921412,-64.8174165462288
SLV,El Salvador,126,0.16156278678821828,-829.0520616137604,-814.8706520790031,0.24214716114060056,-778.0659341295099,-763.8845245947525,0.2627488184039444,5,-767.7776728259823,-753.596263291225,Richards,Richards,-50.986127484250574,-61.27438878777809
SOM,Somalia,126,0.23520903109691715,-781.7288842138008,-767.5474746790435,0.14731937602905376,-840.6807255605886,-826.4993160258313,0.1431929442010639,5,-844.2603698249512,-830.0789602901939,Spline,Spline,58.95184134678777,62.5314856111504
SRB,Serbia,195,0.8779796022082373,-1043.6106378764925,-1027.2456400836738,0.39298199000617673,-1200.3632554681856,-1183.9982576753669,0.34011204634084796,5,-1228.538546601862,-1212.1735488090433,Spline,Spline,156.75261759169302,184.92790872536943
SSD,South Sudan,173,0.24526608535306044,-1124.6556518023613,-1108.8891938298723,0.18429691903193965,-1174.0982796117198,-1158.3318216392308,0.18484276632816812,5,-1173.5866486231296,-1157.8201906506406,Quartic,Quartic,49.442627809358555,48.930996820768314
STP,Sao Tome and Principe,126,0.23078170714080667,-784.1231790291166,-769.9417694943593,0.44070889396542307,-702.6122317376372,-688.4308222028799,0.39577180351652486,5,-716.1631237099341,-701.9817141751768,Richards,Richards,-81.5109472914794,-67.96005531918252
SUR,Suriname,126,0.08612765882655136,-908.3140297553837,-894.1326202206263,0.11233775745116342,-874.8384223095161,-860.6570127747588,0.11360669207128857,5,-873.4231413102273,-859.2417317754699,Richards,Richards,-33.47560744586758,-34.890888445156406
SVK,Slovakia,185,1.6023799567105725,-868.5401781948989,-852.4383990695072,1.4349394940805766,-888.9581311145007,-872.856351989109,1.4644679427172194,5,-885.1898081073664,-869.0880289819747,Quartic,Quartic,20.417952919601817,16.649629912467503
SVN,Slovenia,161,0.22875443859825162,-1045.5981963428535,-1030.1911745179311,0.23674825504362718,-1040.0681274643775,-1024.6611056394552,0.22177875089025295,5,-1050.584179642153,-1035.1771578172306,Spline,Spline,-5.530068878475959,4.985983299299505
SWE,Sweden,126,0.07070488234124586,-933.175842340123,-918.9944328053657,0.05974845495520212,-954.3906255972807,-940.2092160625234,0.059877307694498,5,-954.1191882234152,-939.9377786886579,Quartic,Quartic,21.214783257157706,20.94334588329218
SWZ,Eswatini,126,0.08932874143241946,-903.7159510582743,-889.534541523517,0.09862957699823705,-891.2359159685933,-877.054506433836,0.09760433427737233,5,-892.5525259000416,-878.3711163652843,Richards,Richards,-12.480035089680996,-11.163425158232712
SYC,Seychelles,116,0.0667130467687314,-855.469612177625,-841.7016612220932,0.10674455368449143,-800.9451932811178,-787.177242325586,0.09328881829857641,5,-816.5748450749813,-802.8068941194496,Richards,Richards,-54.5244188965072,-38.89476710264364
SYR,Syria,233,0.19394263692590286,-1642.2568936356215,-1625.001701367793,0.11982359106292104,-1754.456142985637,-1737.2009507178084,0.11288440117236698,5,-1768.3560585717375,-1751.100866303909,Spline,Spline,112.1992493500154,126.09916493611604
TCD,Chad,106,0.17903136503873132,-666.6651360458657,-653.3479405753053,0.1806510140565412,-665.710494026775,-652.3932985562146,0.18075672534067538,5,-665.6484843063607,-652.3312888358004,Richards,Richards,-0.9546420190906701,-1.0166517395049368
TGO,Togo,109,0.12642593271449348,-726.7796724960782,-713.3229330849325,0.11275166714441247,-739.2567782440707,-725.800038832925,0.11684141794205294,5,-735.373124732722,-721.9163853215763,Quartic,Quartic,12.477105747992482,8.59345223664377
THA,Thailand,237,0.1594622129388106,-1721.0499991979511,-1703.7096984922755,0.4731551088371709,-1463.2849418539297,-1445.944641148254,0.5035460549745422,5,-1448.5312374678292,-1431.1909367621536,Richards,Richards,-257.76505734402144,-272.5187617301219
TJK,Tajikistan,146,0.22288921268735556,-936.7643102885619,-921.8462771800203,0.2675667470507045,-910.0909551940545,-895.1729220855128,0.26650599111417417,5,-910.6709157848634,-895.7528826763217,Richards,Richards,-26.67335509450743,-26.093394503698505
TKM,Turkmenistan,118,0.42334473732285477,-654.3698627872459,-640.5164396649176,0.28228369777815787,-702.192223490871,-688.3388003685427,0.25282969825381635,5,-715.1954049550101,-701.3419818326818,Spline,Spline,47.82236070362512,60.82554216776418
TLS,East Timor,124,0.20565500262345127,-783.8277662127438,-769.7263583847185,0.7054591456044985,-630.9793099414043,-616.877902113379,0.7312603664136164,5,-626.5251414613338,-612.4237336333085,Richards,Richards,-152.8484562713395,-157.30262475141
TTO,Trinidad and Tobago,110,0.07294467362811118,-795.0387825127431,-781.536380683781,0.07323163150955489,-794.6069011968566,-781.1044993678945,0.07129022042266288,5,-797.562413650762,-784.0600118217999,Spline,Spline,-0.4318813158864714,2.5236311380189136
TUN,Tunisia,237,0.38541225441395666,-1511.8959427234188,-1494.5556420177431,0.6835710754343418,-1376.0908933083183,-1358.7505926026427,0.6932533495426343,5,-1372.7575172435488,-1355.4172165378732,Richards,Richards,-135.80504941510048,-139.13842547986997
TUR,Turkey,235,0.26104712529256524,-1588.620363674993,-1571.3224361042724,0.36373689776457685,-1510.663848867423,-1493.3659212967023,0.34469630150664715,5,-1523.299106576503,-1506.0011790057822,Richards,Richards,-77.9565148075701,-65.32125709849015
TWN,Taiwan,232,0.1458644545302842,-1700.2610460798792,-1683.0273592215476,0.3201950726914894,-1517.85043931476,-1500.6167524564285,0.32932751330262305,5,-1511.326060020826,-1494.0923731624944,Richards,Richards,-182.41060676511916,-188.93498605905324
TZA,Tanzania,73,0.04572425969616752,-528.4177572925562,-516.9654600868142,0.045137698037217205,-529.3602770664342,-517.9079798606922,0.04405787681746007,5,-531.1278714898829,-519.6755742841409,Spline,Spline,0.9425197738779616,2.710114197326675
UGA,Uganda,126,0.27457766364470815,-762.2291827039693,-748.047773169212,0.33831697682018186,-735.9267950122071,-721.7453854774498,0.36210772992527285,5,-727.3640231596821,-713.1826136249248,Richards,Richards,-26.302387691762192,-34.86515954428717
UKR,Ukraine,80,0.13387181186081004,-501.4319359576007,-489.5218027842313,0.13749915663698892,-499.29313040938996,-487.38299723602057,0.12575345862297502,5,-506.43668808754865,-494.52655491417926,Spline,Spline,-2.138805548210712,5.004752129947974
URY,Uruguay,131,0.9779471703603237,-631.572100665361,-617.1961140493552,0.9741014882789785,-632.0882609589991,-617.7122743429933,0.972814189428615,5,-632.2614951425885,-617.8855085265827,Spline,Spline,0.5161602936381087,0.6893944772275518
USA,United States,126,0.04731250530061638,-983.7950803804256,-969.6136708456683,0.07350274241295923,-928.2860230524134,-914.104613517656,0.0632671201392943,5,-947.1805990223852,-932.9991894876279,Richards,Richards,-55.509057328012204,-36.61448135804039
UZB,Uzbekistan,225,0.40673324526560645,-1411.032078723821,-1393.951576712799,0.6673971392724141,-1299.6058402823378,-1282.5253382713156,0.6077403204939674,5,-1320.674298853892,-1303.5937968428698,Richards,Richards,-111.42623844148329,-90.35777986992912
VEN,Venezuela,157,0.4339808709172331,-914.8870985063529,-899.6058694796113,0.610078377936863,-861.4149425783612,-846.1337135516196,0.46011398694660877,5,-905.7067119699485,-890.4254829432069,Richards,Richards,-53.47215592799171,-9.180386536404399
VNM,Vietnam,50,0.011343828635238844,-409.55522104685554,-399.9951060197148,0.009626644618081,-417.7621774710969,-408.20206244395615,0.010463870997367288,5,-413.59249090023405,-404.0323758730933,Quartic,Quartic,8.206956424241355,4.037269853378518
VUT,Vanuatu,120,0.01630349303758185,-1058.4641168150695,-1044.5266581011592,0.08896272030830743,-854.8435535269022,-840.9060948129919,0.07912111509985442,5,-868.9120688923142,-854.974610178404,Richards,Richards,-203.62056328816732,-189.55204792275526
YEM,Yemen,162,0.08831400908917891,-1207.3413642688552,-1191.9033825926933,0.03986041453009721,-1336.2147997729037,-1320.7768180967419,0.04807148303157602,5,-1305.8713219681947,-1290.4333402920329,Quartic,Quartic,128.87343550404853,98.52995769933955
ZAF,South Africa,123,0.15300942200824863,-812.8011363719074,-798.7402145950454,1.5771911115654447,-525.8542807573032,-511.7933589804411,1.5908605167089287,5,-524.792841447605,-510.73191967074297,Richards,Richards,-286.94685561460426,-288.0082949243024
ZMB,Zambia,115,0.1726821413882728,-737.6420061204518,-723.9173454786355,0.24740497999802058,-696.2909940990263,-682.56633345721,0.24785749783275918,5,-696.0808446618861,-682.3561840200698,Richards,Richards,-41.351012021425504,-41.56116145856572
ZWE,Zimbabwe,126,0.16654185205745184,-825.2276085932989,-811.0461990585416,0.807311776799594,-626.3412337210048,-612.1598241862474,0.7360806425082755,5,-637.9798855772775,-623.7984760425202,Richards,Richards,-198.88637487229414,-187.24772301602138
