peak_year,peak_val,trough_year,trough_val,drop,duration,rebounded,overshoot,recovery_time,max_after,max_after_year,ongoing,code,entity,region
1966,0.197,1974,0.149,0.048000000000000015,8,True,0.303,44.0,0.5,2018,False,AFG,Afghanistan,Asia
1989,0.205,1997,0.04,0.16499999999999998,8,True,0.29500000000000004,21.0,0.5,2018,False,AFG,Afghanistan,Asia
2018,0.5,2023,0.021,0.479,5,False,,,0.049,2024,True,AFG,Afghanistan,Asia
1991,0.509,1993,0.421,0.08800000000000002,2,True,0.261,32.0,0.77,2025,False,AGO,Angola,Africa
2019,0.741,2021,0.694,0.04700000000000004,2,True,0.029000000000000026,4.0,0.77,2025,False,AGO,Angola,Africa
2009,0.41,2011,0.374,0.035999999999999976,2,True,0.20400000000000001,14.0,0.614,2025,False,ARE,United Arab Emirates,Asia
1929,0.4,1944,0.337,0.063,15,True,0.46599999999999997,74.0,0.866,2018,False,ARG,Argentina,South America
1954,0.572,1956,0.404,0.16799999999999993,2,True,0.29400000000000004,62.0,0.866,2018,False,ARG,Argentina,South America
1965,0.544,1967,0.411,0.13300000000000006,2,True,0.32199999999999995,51.0,0.866,2018,False,ARG,Argentina,South America
1974,0.567,1976,0.33,0.23699999999999993,2,True,0.29900000000000004,42.0,0.866,2018,False,ARG,Argentina,South America
2001,0.862,2016,0.832,0.030000000000000027,15,True,0.0040000000000000036,2.0,0.866,2018,False,ARG,Argentina,South America
2018,0.866,2021,0.834,0.03200000000000003,3,False,,,0.861,2023,False,ARG,Argentina,South America
1923,0.302,1933,0.227,0.07499999999999998,10,True,0.601,88.0,0.903,2021,False,ARM,Armenia,Asia
1990,0.845,1999,0.67,0.17499999999999993,9,True,0.05800000000000005,22.0,0.903,2021,False,ARM,Armenia,Asia
1920,0.508,1935,0.282,0.22600000000000003,15,True,0.43099999999999994,82.0,0.939,2017,False,AUT,Austria,Europe
2017,0.939,2024,0.901,0.03799999999999992,7,False,,,0.905,2025,True,AUT,Austria,Europe
1923,0.302,1933,0.227,0.07499999999999998,10,True,0.35500000000000004,82.0,0.657,2015,False,AZE,Azerbaijan,Asia
1988,0.534,1990,0.446,0.08800000000000002,2,True,0.123,25.0,0.657,2015,False,AZE,Azerbaijan,Asia
2015,0.657,2024,0.624,0.03300000000000003,9,False,,,0.649,2025,True,AZE,Azerbaijan,Asia
2006,0.66,2016,0.549,0.11099999999999999,10,True,0.007000000000000006,8.0,0.667,2024,False,BDI,Burundi,Africa
1795,0.32,1814,0.226,0.094,19,True,0.6319999999999999,210.0,0.952,2024,False,BEL,Belgium,Europe
1830,0.43,1914,0.379,0.05099999999999999,84,True,0.522,110.0,0.952,2024,False,BEL,Belgium,Europe
1939,0.49,1942,0.428,0.062,3,True,0.46199999999999997,82.0,0.952,2024,False,BEL,Belgium,Europe
2010,0.854,2021,0.823,0.031000000000000028,11,True,0.03700000000000003,3.0,0.891,2024,False,BEN,Benin,Africa
1969,0.525,1980,0.475,0.050000000000000044,11,True,0.27,30.0,0.795,2010,False,BFA,Burkina Faso,Africa
2012,0.795,2015,0.734,0.061000000000000054,3,False,,,0.768,2018,False,BFA,Burkina Faso,Africa
2018,0.768,2022,0.541,0.22699999999999998,4,False,,,0.679,2023,True,BFA,Burkina Faso,Africa
1972,0.616,1975,0.546,0.06999999999999995,3,True,0.11499999999999999,36.0,0.731,2011,False,BGD,Bangladesh,Asia
1995,0.662,2002,0.596,0.06600000000000006,7,True,0.06899999999999995,9.0,0.731,2011,False,BGD,Bangladesh,Asia
2011,0.731,2024,0.61,0.121,13,False,,,0.61,2024,True,BGD,Bangladesh,Asia
1923,0.503,1935,0.444,0.059,12,True,0.42000000000000004,67.0,0.923,2002,False,BGR,Bulgaria,Europe
2010,0.475,2013,0.377,0.09799999999999998,3,True,0.09299999999999997,12.0,0.568,2025,False,BHR,Bahrain,Asia
1940,0.291,1942,0.207,0.08399999999999999,2,True,0.5529999999999999,74.0,0.844,2016,False,BIH,Bosnia and Herzegovina,Europe
1964,0.595,1967,0.554,0.040999999999999925,3,True,0.249,49.0,0.844,2016,False,BIH,Bosnia and Herzegovina,Europe
1990,0.702,1994,0.464,0.23799999999999993,4,True,0.14200000000000002,22.0,0.844,2016,False,BIH,Bosnia and Herzegovina,Europe
2016,0.844,2022,0.8,0.04399999999999993,6,False,,,0.821,2025,True,BIH,Bosnia and Herzegovina,Europe
1923,0.302,1933,0.227,0.07499999999999998,10,True,0.5589999999999999,84.0,0.861,2017,False,BLR,Belarus,Europe
2017,0.861,2024,0.688,0.17300000000000004,7,False,,,0.688,2024,True,BLR,Belarus,Europe
1963,0.29,1972,0.234,0.055999999999999966,9,True,0.55,53.0,0.84,2025,False,BOL,Bolivia,South America
2017,0.792,2019,0.759,0.03300000000000003,2,True,0.04799999999999993,6.0,0.84,2025,False,BOL,Bolivia,South America
1963,0.428,1966,0.367,0.061,3,True,0.40299999999999997,58.0,0.831,2024,False,BRA,Brazil,South America
2012,0.827,2018,0.754,0.07299999999999995,6,True,0.0040000000000000036,6.0,0.831,2024,False,BRA,Brazil,South America
2003,0.668,2007,0.622,0.04600000000000004,4,True,0.131,11.0,0.799,2018,False,BTN,Bhutan,Asia
2018,0.799,2024,0.707,0.09200000000000008,6,False,,,0.707,2024,True,BTN,Bhutan,Asia
2003,0.755,2009,0.698,0.05700000000000005,6,True,0.0010000000000000009,8.0,0.756,2017,False,BWA,Botswana,Africa
2017,0.756,2021,0.691,0.06500000000000006,4,False,,,0.711,2024,False,BWA,Botswana,Africa
2011,0.584,2013,0.521,0.06299999999999994,2,True,0.04200000000000004,8.0,0.626,2021,False,CAF,Central African Republic,Africa
2016,0.614,2020,0.563,0.051000000000000045,4,True,0.01200000000000001,1.0,0.626,2021,False,CAF,Central African Republic,Africa
2021,0.626,2024,0.581,0.04500000000000004,3,False,,,0.581,2024,True,CAF,Central African Republic,Africa
2016,0.903,2022,0.858,0.04500000000000004,6,False,,,0.872,2025,True,CAN,Canada,North America
1968,0.429,1974,0.181,0.248,6,True,0.48400000000000004,51.0,0.913,2025,False,CHL,Chile,South America
2012,0.637,2023,0.58,0.05700000000000005,11,False,,,0.587,2024,True,CHN,China,Asia
2016,0.684,2020,0.62,0.06400000000000006,4,True,0.019999999999999907,2.0,0.704,2022,False,CIV,Cote d'Ivoire,Africa
1991,0.6,1997,0.549,0.050999999999999934,6,True,0.19300000000000006,27.0,0.793,2024,False,CMR,Cameroon,Africa
2015,0.786,2018,0.748,0.038000000000000034,3,True,0.007000000000000006,6.0,0.793,2024,False,CMR,Cameroon,Africa
1965,0.281,1967,0.239,0.04200000000000004,2,True,0.2819999999999999,56.0,0.563,2023,False,COD,Democratic Republic of Congo,Africa
1963,0.3,1969,0.203,0.09699999999999998,6,True,0.16600000000000004,56.0,0.466,2025,False,COG,Congo,Africa
1991,0.348,1998,0.265,0.08299999999999996,7,True,0.11800000000000005,27.0,0.466,2025,False,COG,Congo,Africa
2001,0.321,2007,0.282,0.039000000000000035,6,True,0.14500000000000002,18.0,0.466,2025,False,COG,Congo,Africa
1944,0.306,1948,0.272,0.033999999999999975,4,True,0.49900000000000005,75.0,0.805,2023,False,COL,Colombia,South America
1981,0.478,1988,0.444,0.033999999999999975,7,True,0.32700000000000007,35.0,0.805,2023,False,COL,Colombia,South America
1999,0.745,2006,0.708,0.03700000000000003,7,True,0.06000000000000005,17.0,0.805,2023,False,COL,Colombia,South America
2015,0.793,2021,0.753,0.040000000000000036,6,True,0.01200000000000001,2.0,0.805,2023,False,COL,Colombia,South America
2021,0.563,2023,0.53,0.03299999999999992,2,False,,,0.556,2025,True,COM,Comoros,Africa
1957,0.65,1962,0.618,0.03200000000000003,5,True,0.29499999999999993,40.0,0.945,2002,False,CRI,Costa Rica,North America
2004,0.945,2017,0.911,0.03399999999999992,13,False,,,0.92,2022,False,CRI,Costa Rica,North America
1894,0.222,1896,0.177,0.04500000000000001,2,True,0.514,123.0,0.736,2019,False,CUB,Cuba,North America
1951,0.539,1968,0.395,0.14400000000000002,17,True,0.19699999999999995,51.0,0.736,2019,False,CUB,Cuba,North America
2019,0.736,2023,0.704,0.03200000000000003,4,False,,,0.71,2025,True,CUB,Cuba,North America
2017,0.859,2021,0.82,0.039000000000000035,4,False,,,0.856,2025,False,CYP,Cyprus,Europe
1919,0.629,1940,0.171,0.45799999999999996,21,True,0.30100000000000005,85.0,0.93,2025,False,CZE,Czechia,Europe
1947,0.562,1949,0.458,0.10400000000000004,2,True,0.368,76.0,0.93,2025,False,CZE,Czechia,Europe
1912,0.308,1917,0.277,0.030999999999999972,5,True,0.6479999999999999,102.0,0.956,2019,False,DEU,Germany,Europe
1923,0.564,1940,0.092,0.472,17,True,0.392,79.0,0.956,2019,False,DEU,Germany,Europe
1929,0.808,1943,0.685,0.123,14,True,0.1529999999999999,74.0,0.961,2017,False,DNK,Denmark,Europe
1915,0.306,1930,0.261,0.044999999999999984,15,True,0.542,90.0,0.848,2020,False,DOM,Dominican Republic,North America
1966,0.501,1972,0.458,0.04299999999999998,6,True,0.347,48.0,0.848,2020,False,DOM,Dominican Republic,North America
1981,0.649,1983,0.605,0.04400000000000004,2,True,0.19899999999999995,37.0,0.848,2020,False,DOM,Dominican Republic,North America
2020,0.848,2023,0.815,0.03300000000000003,3,False,,,0.825,2024,True,DOM,Dominican Republic,North America
1963,0.358,1965,0.324,0.033999999999999975,2,True,0.42900000000000005,51.0,0.787,2016,False,DZA,Algeria,Africa
2016,0.787,2022,0.604,0.18300000000000005,6,False,,,0.625,2024,True,DZA,Algeria,Africa
2020,0.861,2024,0.791,0.06999999999999995,4,False,,,0.791,2024,True,ECU,Ecuador,South America
1985,0.408,2006,0.356,0.05199999999999999,21,True,0.15799999999999997,18.0,0.566,2024,False,EGY,Egypt,Africa
2010,0.425,2013,0.283,0.14200000000000002,3,True,0.14099999999999996,11.0,0.566,2024,False,EGY,Egypt,Africa
1949,0.291,1977,0.155,0.13599999999999998,28,True,0.09100000000000003,17.0,0.382,1994,False,ERI,Eritrea,Africa
1994,0.382,2012,0.153,0.229,18,False,,,0.186,2023,False,ERI,Eritrea,Africa
1935,0.372,1941,0.185,0.187,6,True,0.579,82.0,0.951,2023,False,ESP,Spain,Europe
1932,0.643,1949,0.332,0.311,17,True,0.30499999999999994,69.0,0.948,2018,False,EST,Estonia,Europe
2021,0.779,2024,0.684,0.09499999999999997,3,False,,,0.691,2025,True,ETH,Ethiopia,Africa
1908,0.601,1914,0.566,0.03500000000000003,6,True,0.345,105.0,0.946,2019,False,FIN,Finland,Europe
1924,0.656,1930,0.625,0.031000000000000028,6,True,0.2899999999999999,89.0,0.946,2019,False,FIN,Finland,Europe
1936,0.697,1939,0.662,0.03499999999999992,3,True,0.249,80.0,0.946,2019,False,FIN,Finland,Europe
1955,0.856,1963,0.817,0.039000000000000035,8,True,0.08999999999999997,56.0,0.946,2019,False,FIN,Finland,Europe
1976,0.532,1987,0.493,0.039000000000000035,11,True,0.17499999999999993,29.0,0.707,2016,False,FJI,Fiji,Oceania
1999,0.644,2009,0.491,0.15300000000000002,10,True,0.06299999999999994,7.0,0.707,2016,False,FJI,Fiji,Oceania
2016,0.707,2022,0.621,0.08599999999999997,6,False,,,0.653,2024,True,FJI,Fiji,Oceania
1937,0.519,1941,0.374,0.14500000000000002,4,True,0.42499999999999993,77.0,0.944,2018,False,FRA,France,Europe
1950,0.81,1958,0.774,0.03600000000000003,8,True,0.1339999999999999,60.0,0.944,2018,False,FRA,France,Europe
1990,0.819,1992,0.788,0.030999999999999917,2,True,0.1100000000000001,25.0,0.929,2017,False,GBR,United Kingdom,Europe
2017,0.929,2024,0.855,0.07400000000000007,7,False,,,0.855,2024,True,GBR,United Kingdom,Europe
1923,0.302,1933,0.227,0.07499999999999998,10,True,0.5940000000000001,87.0,0.896,2020,False,GEO,Georgia,Asia
2004,0.792,2009,0.755,0.03700000000000003,5,True,0.10399999999999998,11.0,0.896,2020,False,GEO,Georgia,Asia
2020,0.896,2024,0.828,0.06800000000000006,4,False,,,0.828,2024,True,GEO,Georgia,Asia
1965,0.534,1967,0.431,0.10300000000000004,2,True,0.278,56.0,0.812,2023,False,GHA,Ghana,Africa
1971,0.537,1973,0.416,0.12100000000000005,2,True,0.275,50.0,0.812,2023,False,GHA,Ghana,Africa
1980,0.556,1983,0.455,0.10100000000000003,3,True,0.256,40.0,0.812,2023,False,GHA,Ghana,Africa
1973,0.361,1984,0.232,0.12899999999999998,11,True,0.18900000000000006,39.0,0.55,2023,False,GIN,Guinea,Africa
1993,0.377,1995,0.315,0.062,2,True,0.17300000000000004,28.0,0.55,2023,False,GIN,Guinea,Africa
2007,0.445,2009,0.301,0.14400000000000002,2,True,0.10500000000000004,14.0,0.55,2023,False,GIN,Guinea,Africa
2018,0.516,2021,0.397,0.119,3,True,0.03400000000000003,2.0,0.55,2023,False,GIN,Guinea,Africa
1992,0.515,1994,0.464,0.05099999999999999,2,True,0.29799999999999993,31.0,0.813,2025,False,GMB,Gambia,Africa
2006,0.57,2013,0.539,0.030999999999999917,7,True,0.243,12.0,0.813,2025,False,GMB,Gambia,Africa
1993,0.577,1999,0.538,0.038999999999999924,6,True,0.128,15.0,0.705,2014,False,GNB,Guinea-Bissau,Africa
2016,0.705,2022,0.576,0.129,6,False,,,0.595,2023,True,GNB,Guinea-Bissau,Africa
1968,0.172,1971,0.107,0.06499999999999999,3,True,0.32,52.0,0.492,2023,False,GNQ,Equatorial Guinea,Africa
1992,0.385,1999,0.349,0.03600000000000003,7,True,0.10699999999999998,24.0,0.492,2023,False,GNQ,Equatorial Guinea,Africa
2014,0.467,2021,0.429,0.038000000000000034,7,True,0.024999999999999967,2.0,0.492,2023,False,GNQ,Equatorial Guinea,Africa
1935,0.327,1944,0.275,0.05199999999999999,9,True,0.599,73.0,0.926,2017,False,GRC,Greece,Europe
1965,0.552,1967,0.438,0.11400000000000005,2,True,0.374,50.0,0.926,2017,False,GRC,Greece,Europe
1824,0.117,1900,0.036,0.08100000000000002,76,True,0.607,123.0,0.724,2023,False,GTM,Guatemala,North America
1953,0.24,1966,0.13,0.10999999999999999,13,True,0.484,57.0,0.724,2023,False,GTM,Guatemala,North America
1976,0.156,1982,0.117,0.03899999999999999,6,True,0.568,41.0,0.724,2023,False,GTM,Guatemala,North America
1991,0.802,1993,0.716,0.08600000000000008,2,True,0.07299999999999995,23.0,0.875,2016,False,GUY,Guyana,South America
2016,0.875,2024,0.818,0.05700000000000005,8,False,,,0.818,2024,True,GUY,Guyana,South America
1990,0.913,2023,0.796,0.11699999999999999,33,False,,,0.801,2025,True,HKG,Hong Kong,Asia
1962,0.361,1970,0.267,0.09399999999999997,8,True,0.43900000000000006,54.0,0.8,2024,False,HND,Honduras,North America
2014,0.731,2019,0.691,0.040000000000000036,5,True,0.06900000000000006,5.0,0.8,2024,False,HND,Honduras,North America
1964,0.595,1967,0.554,0.040999999999999925,3,True,0.32300000000000006,42.0,0.918,2009,False,HRV,Croatia,Europe
2009,0.918,2015,0.886,0.03200000000000003,6,False,,,0.917,2024,False,HRV,Croatia,Europe
1794,0.232,1799,0.08,0.15200000000000002,5,True,0.279,212.0,0.511,2011,False,HTI,Haiti,North America
1871,0.256,1958,0.22,0.036000000000000004,87,True,0.255,53.0,0.511,2011,False,HTI,Haiti,North America
1972,0.269,1983,0.231,0.038000000000000006,11,True,0.242,28.0,0.511,2011,False,HTI,Haiti,North America
2002,0.496,2004,0.456,0.03999999999999998,2,True,0.015000000000000013,7.0,0.511,2011,False,HTI,Haiti,North America
2012,0.511,2023,0.391,0.12,11,False,,,0.403,2025,True,HTI,Haiti,North America
1935,0.414,1944,0.252,0.16199999999999998,9,True,0.49400000000000005,49.0,0.908,1993,False,HUN,Hungary,Europe
1947,0.511,1953,0.412,0.09900000000000003,6,True,0.397,40.0,0.908,1993,False,HUN,Hungary,Europe
1994,0.908,2000,0.867,0.041000000000000036,6,False,,,0.875,2002,False,HUN,Hungary,Europe
1957,0.342,1960,0.297,0.04500000000000004,3,True,0.38999999999999996,56.0,0.732,2016,False,IDN,Indonesia,Asia
2016,0.732,2023,0.685,0.04699999999999993,7,False,,,0.73,2024,True,IDN,Indonesia,Asia
2003,0.674,2019,0.629,0.04500000000000004,16,False,,,0.672,2021,False,IND,India,Asia
2021,0.672,2024,0.629,0.04300000000000004,3,False,,,0.658,2025,True,IND,India,Asia
1978,0.331,1980,0.163,0.168,2,True,0.019999999999999962,38.0,0.351,2018,False,IRN,Iran,Asia
2018,0.351,2023,0.311,0.03999999999999998,5,False,,,0.327,2024,True,IRN,Iran,Asia
1959,0.299,1980,0.233,0.06599999999999998,21,True,0.291,43.0,0.59,2023,False,IRQ,Iraq,Asia
1988,0.314,1996,0.245,0.069,8,True,0.27599999999999997,27.0,0.59,2023,False,IRQ,Iraq,Asia
2022,0.935,2024,0.891,0.04400000000000004,2,False,,,0.891,2024,True,ISL,Iceland,Europe
1921,0.275,1943,0.187,0.08800000000000002,22,True,0.655,79.0,0.93,2022,False,ITA,Italy,Europe
2013,0.622,2016,0.592,0.030000000000000027,3,True,0.04700000000000004,9.0,0.669,2025,False,JOR,Jordan,Asia
2019,0.651,2023,0.588,0.06300000000000006,4,True,0.018000000000000016,2.0,0.669,2025,True,JOR,Jordan,Asia
2011,0.815,2015,0.775,0.039999999999999925,4,True,0.029000000000000026,10.0,0.844,2025,False,JPN,Japan,Asia
2017,0.813,2021,0.781,0.03199999999999992,4,True,0.031000000000000028,4.0,0.844,2025,False,JPN,Japan,Asia
1923,0.302,1933,0.227,0.07499999999999998,10,True,0.49700000000000005,83.0,0.799,2016,False,KAZ,Kazakhstan,Asia
2016,0.799,2018,0.767,0.03200000000000003,2,False,,,0.796,2021,False,KAZ,Kazakhstan,Asia
2022,0.796,2024,0.728,0.06800000000000006,2,False,,,0.728,2024,True,KAZ,Kazakhstan,Asia
1923,0.302,1933,0.227,0.07499999999999998,10,True,0.49800000000000005,81.0,0.8,2014,False,KGZ,Kyrgyzstan,Asia
1994,0.64,2005,0.589,0.051000000000000045,11,True,0.16000000000000003,9.0,0.8,2014,False,KGZ,Kyrgyzstan,Asia
2014,0.8,2023,0.72,0.08000000000000007,9,False,,,0.753,2024,True,KGZ,Kyrgyzstan,Asia
2010,0.6,2024,0.504,0.09599999999999997,14,False,,,0.534,2025,True,KHM,Cambodia,Asia
1999,0.338,2002,0.307,0.031000000000000028,3,True,0.07099999999999995,18.0,0.409,2020,False,KWT,Kuwait,Asia
2009,0.4,2016,0.363,0.03700000000000003,7,True,0.008999999999999952,4.0,0.409,2020,False,KWT,Kuwait,Asia
2020,0.409,2024,0.365,0.043999999999999984,4,False,,,0.365,2024,True,KWT,Kuwait,Asia
1892,0.176,1940,0.091,0.08499999999999999,48,True,0.332,85.0,0.508,2025,False,LAO,Laos,Asia
1959,0.23,1975,0.169,0.061,16,True,0.278,50.0,0.508,2025,False,LAO,Laos,Asia
1993,0.556,1997,0.488,0.06800000000000006,4,True,0.30699999999999994,13.0,0.863,2010,False,LBR,Liberia,Africa
2010,0.863,2020,0.82,0.04300000000000004,10,False,,,0.831,2022,False,LBR,Liberia,Africa
2012,0.437,2017,0.347,0.09000000000000002,5,False,,,0.434,2024,False,LBY,Libya,Africa
1969,0.633,1987,0.568,0.06500000000000006,18,True,0.14700000000000002,32.0,0.78,2019,False,LKA,Sri Lanka,Asia
2019,0.78,2023,0.675,0.10499999999999998,4,False,,,0.742,2025,True,LKA,Sri Lanka,Asia
2015,0.807,2019,0.749,0.05800000000000005,4,True,0.027999999999999914,3.0,0.835,2022,False,LSO,Lesotho,Africa
2022,0.835,2024,0.781,0.05399999999999994,2,False,,,0.809,2025,True,LSO,Lesotho,Africa
1924,0.529,1949,0.332,0.197,25,True,0.401,59.0,0.93,2008,False,LTU,Lithuania,Europe
2008,0.93,2015,0.896,0.03400000000000003,7,False,,,0.928,2022,False,LTU,Lithuania,Europe
1922,0.625,1949,0.332,0.293,27,True,0.32699999999999996,72.0,0.952,2021,False,LVA,Latvia,Europe
1863,0.336,1921,0.143,0.19300000000000003,58,True,0.455,93.0,0.791,2014,False,MDG,Madagascar,Africa
1999,0.669,2002,0.636,0.03300000000000003,3,True,0.122,12.0,0.791,2014,False,MDG,Madagascar,Africa
2008,0.748,2010,0.671,0.07699999999999996,2,True,0.04300000000000004,4.0,0.791,2014,False,MDG,Madagascar,Africa
2014,0.791,2024,0.714,0.07700000000000007,10,False,,,0.714,2024,True,MDG,Madagascar,Africa
2008,0.617,2016,0.481,0.136,8,False,,,0.593,2021,False,MDV,Maldives,Asia
2021,0.593,2024,0.538,0.05499999999999994,3,False,,,0.538,2024,True,MDV,Maldives,Asia
1940,0.291,1942,0.207,0.08399999999999999,2,True,0.571,70.0,0.862,2012,False,MKD,North Macedonia,Europe
1964,0.595,1967,0.554,0.040999999999999925,3,True,0.267,45.0,0.862,2012,False,MKD,North Macedonia,Europe
1990,0.702,1992,0.591,0.11099999999999999,2,True,0.16000000000000003,20.0,0.862,2012,False,MKD,North Macedonia,Europe
2012,0.862,2022,0.816,0.04600000000000004,10,False,,,0.834,2024,True,MKD,North Macedonia,Europe
2001,0.725,2013,0.644,0.08099999999999996,12,True,0.010000000000000009,8.0,0.735,2021,False,MLI,Mali,Africa
2016,0.696,2018,0.658,0.03799999999999992,2,True,0.039000000000000035,3.0,0.735,2021,False,MLI,Mali,Africa
2021,0.735,2023,0.695,0.040000000000000036,2,False,,,0.729,2024,True,MLI,Mali,Africa
1899,0.296,1945,0.222,0.07399999999999998,46,True,0.334,75.0,0.63,2020,False,MMR,Myanmar,Asia
1957,0.367,1964,0.141,0.226,7,True,0.263,56.0,0.63,2020,False,MMR,Myanmar,Asia
2020,0.63,2023,0.333,0.297,3,False,,,0.333,2023,True,MMR,Myanmar,Asia
2017,0.873,2023,0.784,0.08899999999999997,6,False,,,0.81,2024,True,MNG,Mongolia,Asia
2012,0.78,2024,0.698,0.08200000000000007,12,False,,,0.725,2025,True,MOZ,Mozambique,Africa
1976,0.334,1979,0.282,0.052000000000000046,3,True,0.328,43.0,0.662,2022,False,MRT,Mauritania,Africa
2022,0.662,2024,0.577,0.08500000000000008,2,False,,,0.577,2024,True,MRT,Mauritania,Africa
2019,0.848,2023,0.776,0.07199999999999995,4,False,,,0.814,2025,True,MUS,Mauritius,Africa
2013,0.786,2017,0.756,0.030000000000000027,4,True,0.03499999999999992,5.0,0.821,2022,False,MWI,Malawi,Africa
2022,0.821,2024,0.764,0.05699999999999994,2,False,,,0.764,2024,True,MWI,Malawi,Africa
1939,0.456,1941,0.369,0.08700000000000002,2,True,0.341,79.0,0.797,2020,False,MYS,Malaysia,Asia
1963,0.6,1969,0.568,0.03200000000000003,6,True,0.19700000000000006,51.0,0.797,2020,False,MYS,Malaysia,Asia
1994,0.611,1999,0.559,0.051999999999999935,5,True,0.17400000000000004,23.0,0.785,2022,False,NER,Niger,Africa
2004,0.684,2009,0.598,0.08600000000000008,5,True,0.10099999999999998,13.0,0.785,2022,False,NER,Niger,Africa
2017,0.765,2021,0.735,0.030000000000000027,4,True,0.020000000000000018,1.0,0.785,2022,False,NER,Niger,Africa
2017,0.732,2020,0.683,0.04899999999999993,3,False,,,0.732,2025,False,NGA,Nigeria,Africa
1909,0.159,1934,0.123,0.036000000000000004,25,True,0.598,82.0,0.757,2016,False,NIC,Nicaragua,North America
1994,0.75,2000,0.614,0.136,6,True,0.007000000000000006,16.0,0.757,2016,False,NIC,Nicaragua,North America
2016,0.757,2024,0.526,0.23099999999999998,8,False,,,0.531,2025,True,NIC,Nicaragua,North America
1810,0.282,1813,0.226,0.055999999999999966,3,True,0.643,197.0,0.925,2010,False,NLD,Netherlands,Europe
1924,0.489,1941,0.402,0.08699999999999997,17,True,0.43600000000000005,69.0,0.925,2010,False,NLD,Netherlands,Europe
2011,0.925,2022,0.868,0.05700000000000005,11,False,,,0.903,2025,True,NLD,Netherlands,Europe
1935,0.623,1944,0.475,0.14800000000000002,9,True,0.32899999999999996,60.0,0.952,2004,False,NOR,Norway,Europe
2004,0.952,2021,0.907,0.04499999999999993,17,False,,,0.929,2024,False,NOR,Norway,Europe
1994,0.504,1996,0.473,0.031000000000000028,2,True,0.28800000000000003,29.0,0.792,2025,False,NPL,Nepal,Asia
2009,0.774,2013,0.659,0.11499999999999999,4,True,0.018000000000000016,12.0,0.792,2025,False,NPL,Nepal,Asia
1947,0.575,1961,0.439,0.13599999999999995,14,False,,,0.538,1975,False,OWID_DRV,Democratic Republic of Vietnam,Asia
1830,0.19306667,1850,0.15066667,0.04239999999999999,20,True,0.70118333,166.0,0.89425,2016,False,OWID_EUR,Europe,
1866,0.1785,1868,0.134,0.044499999999999984,2,True,0.71575,148.0,0.89425,2016,False,OWID_EUR,Europe,
1878,0.329,1881,0.215,0.11400000000000002,3,True,0.56525,135.0,0.89425,2016,False,OWID_EUR,Europe,
1932,0.45710716,1943,0.35865384,0.09845332000000001,11,True,0.43714284,73.0,0.89425,2016,False,OWID_EUR,Europe,
1894,0.222,1896,0.177,0.04500000000000001,2,True,0.5666,120.0,0.7886,2016,False,OWID_NAM,North America,
1899,0.334,1901,0.24023077,0.09376923000000001,2,True,0.45459999999999995,115.0,0.7886,2016,False,OWID_NAM,North America,
1829,0.336,1943,0.259,0.07700000000000001,114,True,0.04999999999999999,25.0,0.386,1968,False,OWID_RVN,Republic of Vietnam,Asia
1970,0.44483334,1976,0.41316667,0.03166667000000001,6,True,0.37858330999999995,47.0,0.82341665,2023,False,OWID_SAM,South America,
1997,0.524,2018,0.395,0.129,21,False,,,0.474,2024,False,OWID_SML,Somaliland,
1798,0.291,1850,0.192,0.09899999999999998,52,False,,,0.193,1859,False,OWID_TUS,Tuscany,
1966,0.438,1970,0.393,0.044999999999999984,4,True,0.07400000000000001,16.0,0.512,1986,False,OWID_YPR,Yemen People's Republic,Asia
2012,0.726,2020,0.674,0.051999999999999935,8,False,,,0.705,2023,False,OWID_ZAN,Zanzibar,
1962,0.325,1972,0.279,0.045999999999999985,10,True,0.291,40.0,0.616,2012,False,PAK,Pakistan,Asia
1976,0.343,1980,0.247,0.09600000000000003,4,True,0.27299999999999996,32.0,0.616,2012,False,PAK,Pakistan,Asia
2012,0.616,2024,0.506,0.10999999999999999,12,False,,,0.524,2025,True,PAK,Pakistan,Asia
1979,0.495,1982,0.42,0.07500000000000001,3,True,0.31700000000000006,40.0,0.812,2022,False,PAN,Panama,North America
1826,0.302,1930,0.219,0.08299999999999999,104,True,0.5329999999999999,89.0,0.835,2019,False,PER,Peru,South America
1947,0.367,1949,0.289,0.07800000000000001,2,True,0.46799999999999997,70.0,0.835,2019,False,PER,Peru,South America
1961,0.47,1969,0.347,0.123,8,True,0.365,50.0,0.835,2019,False,PER,Peru,South America
1991,0.641,1993,0.599,0.04200000000000004,2,True,0.19399999999999995,26.0,0.835,2019,False,PER,Peru,South America
2019,0.835,2024,0.788,0.04699999999999993,5,False,,,0.788,2024,True,PER,Peru,South America
1940,0.395,1942,0.179,0.21600000000000003,2,True,0.45399999999999996,69.0,0.849,2011,False,PHL,Philippines,Asia
1970,0.599,1973,0.485,0.11399999999999999,3,True,0.25,38.0,0.849,2011,False,PHL,Philippines,Asia
2012,0.849,2021,0.788,0.06099999999999994,9,False,,,0.81,2025,False,PHL,Philippines,Asia
2012,0.474,2021,0.415,0.059,9,True,0.006000000000000005,3.0,0.48,2024,False,PNG,Papua New Guinea,Oceania
1794,0.13,1832,0.098,0.032,38,True,0.801,183.0,0.931,2015,False,POL,Poland,Europe
1934,0.608,1944,0.468,0.13999999999999996,10,True,0.32300000000000006,71.0,0.931,2015,False,POL,Poland,Europe
1980,0.71,1982,0.574,0.136,2,True,0.22100000000000009,33.0,0.931,2015,False,POL,Poland,Europe
2015,0.931,2021,0.833,0.09800000000000009,6,False,,,0.878,2025,False,POL,Poland,Europe
1949,0.251,1962,0.215,0.036000000000000004,13,True,0.03999999999999998,61.0,0.291,2023,False,PRK,North Korea,Asia
1989,0.289,2008,0.252,0.03699999999999998,19,True,0.0020000000000000018,15.0,0.291,2023,False,PRK,North Korea,Asia
1920,0.307,1934,0.18,0.127,14,True,0.635,86.0,0.942,2020,False,PRT,Portugal,Europe
2020,0.942,2024,0.862,0.07999999999999996,4,False,,,0.862,2024,True,PRT,Portugal,Europe
1945,0.182,1954,0.141,0.04100000000000001,9,True,0.5269999999999999,69.0,0.709,2023,False,PRY,Paraguay,South America
2011,0.698,2020,0.656,0.041999999999999926,9,True,0.01100000000000001,3.0,0.709,2023,False,PRY,Paraguay,South America
2010,0.321,2014,0.29,0.031000000000000028,4,True,0.067,11.0,0.388,2025,False,QAT,Qatar,Asia
2018,0.351,2023,0.276,0.07499999999999996,5,True,0.03700000000000003,2.0,0.388,2025,True,QAT,Qatar,Asia
1937,0.337,1944,0.271,0.066,7,True,0.5429999999999999,75.0,0.88,2019,False,ROU,Romania,Europe
1923,0.302,1933,0.227,0.07499999999999998,10,True,0.416,64.0,0.718,1997,False,RUS,Russia,Europe
1998,0.718,2001,0.656,0.061999999999999944,3,False,,,0.697,2008,False,RUS,Russia,Europe
2008,0.697,2024,0.535,0.16199999999999992,16,False,,,0.546,2025,True,RUS,Russia,Europe
1992,0.534,1994,0.421,0.11300000000000004,2,True,0.31899999999999995,19.0,0.853,2013,False,RWA,Rwanda,Africa
2013,0.853,2024,0.613,0.24,11,False,,,0.626,2025,True,RWA,Rwanda,Africa
1818,0.061,1822,0.031,0.03,4,True,0.3,202.0,0.361,2024,False,SAU,Saudi Arabia,Asia
1880,0.193,1900,0.087,0.10600000000000001,20,True,0.22999999999999998,117.0,0.423,2017,False,SDN,Sudan,Africa
1955,0.183,1959,0.146,0.037000000000000005,4,True,0.24,58.0,0.423,2017,False,SDN,Sudan,Africa
1984,0.256,2000,0.18,0.07600000000000001,16,True,0.16699999999999998,17.0,0.423,2017,False,SDN,Sudan,Africa
2017,0.423,2024,0.202,0.22099999999999997,7,False,,,0.219,2025,True,SDN,Sudan,Africa
2017,0.849,2020,0.809,0.039999999999999925,3,True,0.018000000000000016,2.0,0.867,2022,False,SEN,Senegal,Africa
1941,0.258,1943,0.17,0.088,2,True,0.5549999999999999,77.0,0.813,2020,False,SGP,Singapore,Asia
1967,0.599,1976,0.554,0.04499999999999993,9,True,0.21399999999999997,44.0,0.813,2020,False,SGP,Singapore,Asia
2020,0.813,2023,0.78,0.03299999999999992,3,False,,,0.785,2025,True,SGP,Singapore,Asia
1979,0.399,2000,0.348,0.051000000000000045,21,True,0.279,23.0,0.678,2023,False,SLB,Solomon Islands,Oceania
1998,0.671,2000,0.63,0.041000000000000036,2,True,0.10499999999999998,17.0,0.776,2017,False,SLV,El Salvador,North America
2017,0.776,2023,0.532,0.244,6,False,,,0.602,2024,True,SLV,El Salvador,North America
1983,0.214,1992,0.107,0.107,9,True,0.162,31.0,0.376,2023,False,SOM,Somalia,Africa
1857,0.293,1915,0.206,0.087,58,True,0.5940000000000001,109.0,0.887,2024,False,SRB,Serbia,Europe
1940,0.291,1942,0.207,0.08399999999999999,2,True,0.5960000000000001,82.0,0.887,2024,False,SRB,Serbia,Europe
1964,0.595,1967,0.554,0.040999999999999925,3,True,0.29200000000000004,57.0,0.887,2024,False,SRB,Serbia,Europe
1880,0.193,1900,0.087,0.10600000000000001,20,True,0.319,124.0,0.512,2024,False,SSD,South Sudan,Africa
1955,0.183,1959,0.146,0.037000000000000005,4,True,0.329,65.0,0.512,2024,False,SSD,South Sudan,Africa
1984,0.256,2000,0.18,0.07600000000000001,16,True,0.256,24.0,0.512,2024,False,SSD,South Sudan,Africa
2012,0.464,2015,0.417,0.04700000000000004,3,True,0.04799999999999999,9.0,0.512,2024,False,SSD,South Sudan,Africa
2018,0.466,2022,0.422,0.04400000000000004,4,True,0.045999999999999985,2.0,0.512,2024,True,SSD,South Sudan,Africa
1993,0.786,2007,0.749,0.03700000000000003,14,True,0.07199999999999995,14.0,0.858,2021,False,STP,Sao Tome and Principe,Africa
2009,0.855,2013,0.795,0.05999999999999994,4,True,0.04300000000000004,11.0,0.898,2024,False,SUR,Suriname,South America
1919,0.629,1944,0.222,0.40700000000000003,25,True,0.269,79.0,0.898,2023,False,SVK,Slovakia,Europe
1947,0.562,1949,0.458,0.10400000000000004,2,True,0.33599999999999997,74.0,0.898,2023,False,SVK,Slovakia,Europe
1940,0.291,1942,0.207,0.08399999999999999,2,True,0.6519999999999999,72.0,0.943,2014,False,SVN,Slovenia,Europe
1964,0.595,1967,0.554,0.040999999999999925,3,True,0.348,47.0,0.943,2014,False,SVN,Slovenia,Europe
2014,0.959,2018,0.921,0.03799999999999992,4,False,,,0.932,2019,False,SWE,Sweden,Europe
1982,0.397,2022,0.276,0.121,40,False,,,0.391,2025,True,SWZ,Eswatini,Africa
1982,0.69,1987,0.636,0.05399999999999994,5,True,0.21800000000000008,38.0,0.908,2025,False,SYC,Seychelles,Africa
2015,0.87,2017,0.839,0.031000000000000028,2,True,0.038000000000000034,8.0,0.908,2025,False,SYC,Seychelles,Africa
1962,0.38,1970,0.346,0.03400000000000003,8,True,0.055999999999999994,33.0,0.436,2003,False,SYR,Syria,Asia
2004,0.436,2024,0.23,0.206,20,False,,,0.29,2025,True,SYR,Syria,Asia
1972,0.308,1982,0.248,0.06,10,True,0.317,43.0,0.625,2025,False,TCD,Chad,Africa
2013,0.554,2017,0.518,0.03600000000000003,4,True,0.07099999999999995,8.0,0.625,2025,False,TCD,Chad,Africa
1993,0.625,1997,0.559,0.06599999999999995,4,True,0.16100000000000003,17.0,0.786,2014,False,TGO,Togo,Africa
2015,0.786,2023,0.7,0.08600000000000008,8,False,,,0.706,2024,True,TGO,Togo,Africa
1974,0.539,1977,0.494,0.04500000000000004,3,True,0.263,34.0,0.802,2011,False,THA,Thailand,Asia
2012,0.802,2016,0.622,0.18000000000000005,4,False,,,0.748,2024,False,THA,Thailand,Asia
1923,0.302,1933,0.227,0.07499999999999998,10,True,0.26599999999999996,57.0,0.568,1990,False,TJK,Tajikistan,Asia
1990,0.568,1994,0.291,0.27699999999999997,4,False,,,0.48,2007,False,TJK,Tajikistan,Asia
2009,0.48,2021,0.4,0.07999999999999996,12,False,,,0.446,2024,False,TJK,Tajikistan,Asia
1923,0.302,1933,0.227,0.07499999999999998,10,True,0.23200000000000004,55.0,0.534,1988,False,TKM,Turkmenistan,Asia
1988,0.534,1992,0.258,0.276,4,False,,,0.437,2025,False,TKM,Turkmenistan,Asia
2003,0.373,2005,0.293,0.08000000000000002,2,True,0.064,20.0,0.437,2025,False,TKM,Turkmenistan,Asia
2013,0.778,2017,0.726,0.052000000000000046,4,False,,,0.768,2024,False,TLS,East Timor,Asia
1968,0.607,1971,0.571,0.03600000000000003,3,True,0.29600000000000004,44.0,0.903,2015,False,TTO,Trinidad and Tobago,North America
2012,0.864,2014,0.821,0.04300000000000004,2,True,0.02200000000000002,7.0,0.886,2021,False,TUN,Tunisia,Africa
2021,0.886,2023,0.686,0.19999999999999996,2,False,,,0.774,2024,True,TUN,Tunisia,Africa
1938,0.441,1955,0.407,0.03400000000000003,17,True,0.20500000000000002,57.0,0.646,2012,False,TUR,Turkey,Asia
1969,0.506,1980,0.445,0.061,11,True,0.14,32.0,0.646,2012,False,TUR,Turkey,Asia
2012,0.646,2017,0.564,0.08200000000000007,5,False,,,0.576,2020,False,TUR,Turkey,Asia
1933,0.179,1938,0.137,0.04199999999999998,5,True,0.726,82.0,0.905,2020,False,TWN,Taiwan,Asia
1963,0.422,1972,0.33,0.09199999999999997,9,True,0.40499999999999997,37.0,0.827,2009,False,UGA,Uganda,Africa
2009,0.827,2023,0.662,0.16499999999999992,14,False,,,0.707,2024,True,UGA,Uganda,Africa
2006,0.854,2014,0.808,0.04599999999999993,8,True,0.03500000000000003,9.0,0.889,2023,False,UKR,Ukraine,Europe
1967,0.643,1974,0.423,0.22000000000000003,7,True,0.259,44.0,0.902,2018,False,URY,Uruguay,South America
2019,0.902,2024,0.871,0.031000000000000028,5,False,,,0.875,2025,True,URY,Uruguay,South America
2022,0.909,2024,0.868,0.041000000000000036,2,False,,,0.868,2024,True,USA,United States,North America
1923,0.302,1933,0.227,0.07499999999999998,10,True,0.343,90.0,0.645,2023,False,UZB,Uzbekistan,Asia
1988,0.534,1990,0.371,0.16300000000000003,2,True,0.11099999999999999,33.0,0.645,2023,False,UZB,Uzbekistan,Asia
1991,0.429,1995,0.389,0.03999999999999998,4,True,0.21600000000000003,28.0,0.645,2023,False,UZB,Uzbekistan,Asia
2013,0.516,2016,0.482,0.03400000000000003,3,True,0.129,7.0,0.645,2023,False,UZB,Uzbekistan,Asia
1811,0.166,1813,0.121,0.04500000000000001,2,True,0.6789999999999999,186.0,0.845,1999,False,VEN,Venezuela,South America
1947,0.491,1949,0.296,0.195,2,True,0.354,50.0,0.845,1999,False,VEN,Venezuela,South America
1999,0.845,2018,0.738,0.10699999999999998,19,False,,,0.76,2023,False,VEN,Venezuela,South America
2016,0.738,2020,0.698,0.040000000000000036,4,True,0.07000000000000006,5.0,0.808,2025,False,VNM,Vietnam,Asia
2011,0.691,2020,0.629,0.061999999999999944,9,True,0.02400000000000002,5.0,0.715,2025,False,VUT,Vanuatu,Oceania
1992,0.279,2010,0.235,0.04400000000000004,18,True,0.00599999999999995,2.0,0.285,2012,False,YEM,Yemen,Asia
2012,0.285,2020,0.135,0.14999999999999997,8,False,,,0.175,2023,False,YEM,Yemen,Asia
2012,0.897,2020,0.825,0.07200000000000006,8,False,,,0.839,2024,False,ZAF,South Africa,Africa
2020,0.81,2023,0.694,0.1160000000000001,3,False,,,0.727,2025,True,ZWE,Zimbabwe,Africa
