code,entity,year_start,year_end,n_years,S_now,S_range,log_R2,log_floor,log_ceil,log_k,log_tmid,ric_R2,ric_floor,ric_ceil,ric_k,ric_tmid,ric_v,dR2,status
AFG,Afghanistan,1789,2025,237,-0.972,0.479,0.5024710304906188,-0.9353714575632414,-0.5244546963836944,0.03144980641175718,2006.7042990571972,0.5307043485223101,-0.9383255332038543,-0.674164591696745,0.2968722901632997,2002.9771604159134,10.897194284356512,0.028233318031691268,ok
AGO,Angola,1900,2025,126,-0.22999999999999998,0.647,0.9764824411551634,-0.887594985136956,-0.16810728160602534,0.06859437913917998,1993.929706343599,0.9785589684961867,-0.8771460038520115,-0.022254424713896746,0.03649031051366336,1990.5589188213062,0.005000000000012461,0.002076527341023371,ok
ALB,Albania,1912,2025,114,-0.10699999999999998,0.797,0.9604849330227541,-0.9252856944317995,-2.2098331675734395e-16,0.03953306011256698,1983.730256422262,0.9723053220794644,-1.2776094620664116,-0.004005823913859491,0.20730363230498702,2014.8019804618177,19.999999997644174,0.011820389056710345,ok
ARE,United Arab Emirates,1971,2025,55,-0.386,0.517,0.9656966129738674,-0.9273283346105594,-1.737079286361358e-23,0.07704214174934938,2020.3367640436613,0.965756219564071,-0.9371480813640712,-0.16577968997048495,0.11599605059920803,2018.252149393506,1.8436083910754146,5.960659020354253e-05,ok
ARG,Argentina,1789,2025,190,-0.16800000000000004,0.764,0.9048534694486369,-0.8681695482870417,-8.453575850246626e-18,0.026997447064354654,1969.1188500972146,0.9240432157882531,-0.9236868481317152,-0.12032170068001767,0.15976993066948014,1995.4589642249414,12.327293275137453,0.01918974633961623,ok
ARM,Armenia,1918,2025,96,-0.125,0.676,0.9300100118399715,-0.7614072854556659,-2.4082035907013314e-16,0.0401669622148747,1991.385882826266,0.9371850537770189,-0.9828067923538956,-2.31017847382526e-19,0.24133015651825962,2021.7889640780568,19.999999438920252,0.007175041937047433,ok
AUS,Australia,1789,2025,160,-0.09399999999999997,0.7010000000000001,0.9764997127725747,-0.7475069010182666,-6.3108735440756886e-18,0.03715451057634488,1956.8498419882837,0.9911955022491119,-0.7881822894160445,-0.07009422331269419,0.18385073593454138,1980.3785710601105,10.9557309831872,0.014695789476537158,ok
AUT,Austria,1789,2025,170,-0.09499999999999997,0.7639999999999999,0.9735374740003632,-0.8132919827561569,-2.7397676315394823e-14,0.037967156748823665,1953.3384422957993,0.9801388743749505,-0.9679563669851075,-0.06983353567873668,0.24297965493124637,1982.6293540177032,19.999999999999957,0.006601400374587341,ok
AZE,Azerbaijan,1813,2025,201,-0.351,0.506,0.9782379235946329,-0.8516514324055875,-0.21851669857696704,0.027572375247182503,1969.8415424428044,0.9790786502609828,-0.873542320876946,-0.3188955946540978,0.05869366628127128,1974.4961412548537,3.3810783372682485,0.0008407266663499335,ok
BDI,Burundi,1916,2025,110,-0.347,0.4690000000000001,0.9704056581827247,-0.7975288150527932,-0.35038829317359094,0.11883258468559582,1988.568890186886,0.9790013730433523,-0.8338216100880403,-0.37485407964380274,0.6659269975821652,1997.53856584734,13.204436982348085,0.008595714860627601,ok
BEL,Belgium,1789,2025,135,-0.04800000000000004,0.726,0.9755106696705227,-0.6560508902458317,-0.017519452622458246,0.05205747806857623,1956.870808776392,0.9763222787732033,-0.6715709891982558,-0.035985472595879815,0.06889295587881811,1961.053485389179,1.9419773088981203,0.0008116091026806327,ok
BEN,Benin,1900,2025,126,-0.118,0.536,0.9503481653121498,-0.657310246379465,-0.11297831084073659,0.07578707393607924,1978.7699258840971,0.9511565517675745,-0.6485972698337069,-0.07055957657677255,0.04599117315699863,1972.426259640382,0.005000000000000229,0.0008083864554246922,ok
BFA,Burkina Faso,1919,2025,92,-0.398,0.527,0.8643468038282341,-0.7543065987307374,-0.2406617942640894,0.057604230811012215,1970.6775982022104,0.8922698186814565,-0.857726303044614,-0.2724429686059974,0.37134928651456456,1991.9805535289152,19.999997616421922,0.02792301485322235,ok
BGD,Bangladesh,1789,2025,220,-0.46299999999999997,0.566,0.9606744844743651,-0.799435084648884,-0.3373677814354748,0.1316484067464356,1967.9919231797533,0.9647736952905869,-0.81177507517084,-0.3419751809857566,0.23465535721524564,1975.1613312086133,5.189293419791224,0.004099210816221777,ok
BGR,Bulgaria,1789,2025,214,-0.09299999999999997,0.874,0.9585876853953043,-1.0395383526818496,-2.580314911415212e-15,0.021773049381762204,1929.0449922267373,0.9603983676279135,-0.9636418480665,-3.790797693194563e-20,0.016767689039716153,1910.990549599843,0.005000000000235641,0.001810682232609273,ok
BHR,Bahrain,1900,2025,126,-0.43200000000000005,0.478,0.9362117427371959,-0.9869648968630506,-6.924401405562222e-13,0.01855971479694428,2027.391249162412,0.9421657434157961,-1.0678954241187544,-2.1790755153016417e-08,0.18574694424607138,2070.233651065859,18.413848236788308,0.005954000678600191,ok
BIH,Bosnia and Herzegovina,1789,2025,195,-0.17900000000000005,0.7949999999999999,0.9684443660406092,-0.9519060735850088,-0.08076250425194996,0.03208396088966901,1960.444623395349,0.9684618430276036,-0.9493209333825624,-0.06525794047123759,0.029916645387912066,1959.7348252853126,0.8458567647815152,1.7476986994391375e-05,ok
BLR,Belarus,1795,2025,219,-0.34299999999999997,0.71,0.9565277712328298,-0.8319665855280342,-1.448167324965827e-15,0.034827106696188784,1982.207740782673,0.9697970334138452,-0.8561955556304739,-0.18530196991216472,0.20738528376930013,1992.8448522716833,10.072036440853228,0.013269262181015318,ok
BOL,Bolivia,1825,2025,127,-0.16000000000000003,0.768,0.9714433357288863,-0.9360424273120912,-0.08014264824130214,0.059917614865011834,1989.3723176892456,0.973933523257102,-0.9560780013347366,-0.20326042836287364,0.1512258000994892,1993.4155610725875,3.9708330512080603,0.002490187528215726,ok
BRA,Brazil,1789,2025,161,-0.18200000000000005,0.725,0.9296551834662473,-0.8770237667913926,-1.6736923221828745e-21,0.03125556567451941,1979.6272580105222,0.9493824686065971,-0.9023908971355433,-0.18108060639190096,0.18109271584111516,1993.0119965409665,9.99806174093327,0.019727285140349826,ok
BRB,Barbados,1900,2025,111,-0.10499999999999998,0.499,0.9915717691390649,-0.6138560707351154,-0.1398689240301873,0.1174415766932191,1958.2435270125518,0.9943214741507317,-0.6064140485984812,-0.13257070916917046,0.08086948196695722,1952.4897833213613,0.005000000000001572,0.0027497050116668253,ok
BTN,Bhutan,1900,2025,126,-0.32499999999999996,0.546,0.9711839547456511,-0.7483731087795794,-0.0444902550588508,0.04074347750467166,1996.9373532903608,0.9713172671869018,-0.7373102977689184,-1.9413091670847915e-17,0.03233772947558257,1995.1779100299923,0.523477670446885,0.0001333124412506992,ok
BWA,Botswana,1900,2025,126,-0.30100000000000005,0.629,0.9681967912425169,-0.8857337971005053,-0.28191039743469226,0.10698782229378533,1972.6966857106122,0.9742655787805344,-0.8752303884602681,-0.2680884205651881,0.07610117770031674,1967.7457175999318,0.005000000000000005,0.006068787538017539,ok
CAF,Central African Republic,1920,2025,104,-0.44399999999999995,0.592,0.9835744408797455,-1.0062686936075,-0.4001071557314538,0.07267887140776179,1971.2059685120748,0.9871222891887793,-0.9744428762909555,-0.3786320559651416,0.05172340592506759,1965.7117379902827,0.00500000000000455,0.003547848309033763,ok
CAN,Canada,1900,2025,126,-0.128,0.538,0.9843611775429101,-0.7136914538629459,-0.06556018793810632,0.04471406921333077,1946.737803609104,0.9890644642977829,-1.1319999999999992,-0.10374795229980302,0.1738027381099513,1969.0256786752027,19.999999999998106,0.00470328675487286,ok
CHE,Switzerland,1803,2025,171,-0.06999999999999995,0.472,0.9683142047183602,-0.4963132204652323,-0.07786979435704024,0.18301380301219747,1972.318547870584,0.968864603623885,-0.4930642033021016,-0.0742098096504179,0.13949587634975522,1969.5798460811307,0.005000000000050354,0.0005503989055248848,ok
CHL,Chile,1789,2025,143,-0.08699999999999997,0.8500000000000001,0.8729883345557494,-0.7717856010496973,-0.14976832423819525,0.3348375364109954,1992.54864664827,0.8775703401014017,-0.7705728015240044,-0.1427148202277776,0.23378831835006794,1990.674334863988,0.005000000000000001,0.004582005545652246,ok
CHN,China,1789,2025,237,-0.41300000000000003,0.537,0.9841454666034828,-0.9016920921047571,-0.3787407536874866,0.06302463540918282,1953.7213006233726,0.9841458922258567,-0.9017746854301001,-0.3791338956754755,0.06349705970500565,1953.8219140639524,1.0183554182606565,4.256223739007581e-07,ok
CIV,Cote d'Ivoire,1900,2025,126,-0.30400000000000005,0.617,0.9525829271249802,-0.9305899713708867,-0.30975550304502236,0.07034979369783638,1975.0409435771078,0.9601987749876623,-0.9131030393027807,-0.2856845694819384,0.04871998803173176,1968.195776957799,0.005000000000000006,0.007615847862682101,ok
CMR,Cameroon,1961,2025,65,-0.24,0.4840000000000001,0.9767743140297017,-0.7332483891988949,-0.19467565173828474,0.09779107376495942,1990.628009250371,0.977670078482314,-0.6942415742738433,-0.1710489892823461,0.06964981993252962,1987.3827124777154,0.005000000000000065,0.0008957644526123021,ok
COD,Democratic Republic of Congo,1900,2025,126,-0.44999999999999996,0.5349999999999999,0.9722781228815872,-1.0318248437761737,-0.1418874953883796,0.02813908612325996,2000.6537383030598,0.972513729987426,-0.9954223517654974,-2.449739893627548e-18,0.01845816662899115,1999.4783266962643,0.21173266761503148,0.00023560710583880873,ok
COG,Congo,1903,2025,123,-0.534,0.32299999999999995,0.874731315693609,-0.8939840187373734,-3.2274091595218827e-21,0.02483947363440247,2050.466640052712,0.8834268925567518,-1.0424665617078395,-1.9187196729157614e-11,0.2066291718509108,2091.005125661531,19.999999999996046,0.008695576863142818,ok
COL,Colombia,1789,2025,158,-0.22299999999999998,0.685,0.9536618412253723,-0.843905278532168,-4.0484036644310084e-14,0.033848885411365603,1986.6539713726875,0.9614940149461023,-0.859453826991403,-0.20812594938802806,0.16696310312301532,1993.4652707240277,7.927770021511422,0.007832173720729974,ok
COM,Comoros,1900,2025,94,-0.44399999999999995,0.45699999999999996,0.915938630801327,-0.8873997330723471,-0.48155049418971124,0.0890429010983616,1978.1474369604623,0.9162860909908321,-0.8830679178018787,-0.4740749746918937,0.07651856532580475,1976.6254565529164,0.5911460133890744,0.00034746018950515545,ok
CPV,Cape Verde,1900,2025,126,-0.14500000000000002,0.709,0.980570635132059,-0.8547179383268582,-0.21617432610102424,0.18048307974874025,1979.7794882611806,0.9856668681738259,-0.8493503781533719,-0.20446198733578452,0.126986697541293,1976.7669850899408,0.005000000000000001,0.005096233041766873,ok
CRI,Costa Rica,1900,2025,126,-0.09299999999999997,0.575,0.9632947756614633,-0.647929679619261,-0.036770489061963466,0.06432730810524608,1967.6581372794371,0.9657339170018959,-0.6265075438752319,-0.009583496833086994,0.043467972126384626,1960.519586060959,0.0050000000000488065,0.00243914134043266,ok
CUB,Cuba,1789,2025,233,-0.29000000000000004,0.602,0.9487301020236997,-0.8945733381486277,-0.22411578664577614,0.02649037004787678,1948.8643954092158,0.9532155696942914,-0.8705999754811682,-0.14592172187634328,0.016221694400585532,1937.0044329365335,0.005000000000653748,0.0044854676705917695,ok
CYP,Cyprus,1900,2025,126,-0.14400000000000002,0.701,0.9867459160990281,-0.8443155227084458,-0.14534290404218425,0.08228351093486999,1975.2555597635073,0.9892498564756995,-0.8288772712575336,-0.1109691422052463,0.054482544902804665,1969.4319571897847,0.005000000000000003,0.002503940376671454,ok
CZE,Czechia,1789,2025,177,-0.06999999999999995,0.759,0.8457995511370713,-0.8243390677314735,-2.7916552993804304e-16,0.02598131496831461,1959.6118068224437,0.8678021534499711,-0.9677556368842574,-0.057133347096721514,0.18821029997786964,2000.6154517286739,19.99999999986339,0.022002602312899855,ok
DEU,Germany,1789,2025,139,-0.05800000000000005,0.8999999999999999,0.8830521396434663,-0.9396598846397978,-7.546904498308583e-18,0.036144733606837315,1949.4300510776714,0.9021699321627931,-1.030883980089679,-0.03656718446514173,0.1958169769657084,1985.78764304171,14.32233664470896,0.01911779251932677,ok
DJI,Djibouti,1900,2025,126,-0.41600000000000004,0.5399999999999999,0.9786801994618218,-0.9302648569822873,-0.4032054152414563,0.11124479461011036,1994.7831170323536,0.9807109218040979,-0.9271255822300668,-0.3396934875730851,0.0620505177741895,1990.922663460355,0.005000000001438151,0.002030722342276081,ok
DNK,Denmark,1789,2025,185,-0.04600000000000004,0.701,0.9822420714711645,-0.7467592669424975,-0.04657682294199623,0.054039584254709214,1913.3867004166648,0.983536154875377,-0.7403611769939585,-0.03900317009015874,0.042861527357960665,1905.3116833363213,0.005000000004427547,0.0012940834042125537,ok
DOM,Dominican Republic,1789,2025,160,-0.17500000000000004,0.72,0.9592735993085746,-0.8410096535082955,-4.9147523008442145e-16,0.0360777354002714,1981.9724911818603,0.9695289771961946,-0.8672357643409945,-0.17294257904850946,0.1631789085201262,1991.8969660870105,8.018794436472136,0.010255377887619987,ok
DZA,Algeria,1900,2025,126,-0.375,0.7130000000000001,0.9496161080080778,-0.9516816186463029,-0.20646588294323942,0.056133408336181065,1987.4529690623272,0.9530524312982346,-0.9330648596369681,-0.1055738603449964,0.032769081575486955,1981.7092068822506,0.005000000000103986,0.003436323290156751,ok
ECU,Ecuador,1900,2025,126,-0.20999999999999996,0.691,0.984420979375832,-0.8144082511955925,-0.12408056446531787,0.0952362539726288,1987.631029808679,0.9845306277789827,-0.8185735410985926,-0.13489222780665353,0.11145339655386237,1989.1121369366467,1.4589501707565036,0.00010964840315075275,ok
EGY,Egypt,1789,2025,205,-0.45299999999999996,0.43499999999999994,0.9232041670098956,-0.8942213239939467,-1.1737692892127463e-21,0.014267421698919383,2057.3931119819813,0.9241842291533596,-0.9270350720824584,-1.0128377915669853e-10,0.115585582540465,2098.103214015138,12.464641521018688,0.0009800621434640222,ok
ERI,Eritrea,1900,2025,126,-0.849,0.25,0.25039090813576703,-0.8625583658556734,-0.7949315116377083,1.9999999999999998,1940.1585683885492,0.25086257225267683,-0.8624029598686959,-0.7949263402547895,1.9999999999999998,1939.9813228881674,0.005000000014120276,0.0004716641169097979,ok
ESP,Spain,1789,2025,149,-0.05700000000000005,0.829,0.9763432012121708,-0.8076976973368628,-0.08211886641129659,0.45484491996984183,1978.1089303619767,0.9774026869256182,-0.8057758458090701,-0.07751036920336676,0.3186682816056789,1976.8734786834723,0.005000000000000008,0.0010594857134473834,ok
EST,Estonia,1789,2025,230,-0.05900000000000005,0.7969999999999999,0.8362501135001101,-0.8571997925998562,-1.3904500408132796e-16,0.02708773540023063,1963.3357517206189,0.8628012788727869,-0.9609103764726646,-0.008692052408184376,0.18831224596078422,2005.5560757820915,16.591901254021874,0.026551165372676766,ok
ETH,Ethiopia,1789,2025,237,-0.30900000000000005,0.654,0.9817981786384473,-0.8668847104818015,-0.2825644198985419,0.14454317573144576,1996.210360324401,0.982842717839671,-0.8647114469941681,-0.2540662316452908,0.09616605898119346,1992.683168450384,0.0050000028291750315,0.0010445392012237154,ok
FIN,Finland,1900,2025,126,-0.06799999999999995,0.4909999999999999,0.9712457683698718,-0.6259409358272907,-0.03971012408805403,0.04548059607208367,1931.2350887790624,0.9726814854362142,-1.0449999999999828,-0.05189993866013576,0.06774332024588824,1935.1777491297632,6.866968170345408,0.00143571706634249,ok
FJI,Fiji,1900,2025,124,-0.356,0.396,0.9016078702126824,-0.6932837456352181,-0.4078846844911652,0.16230002488053846,1973.589430025109,0.9091572717425557,-0.6905166990115319,-0.395636793094932,0.0993284561363884,1970.6845299060474,0.005000000000000001,0.0075494015298732675,ok
FRA,France,1851,2025,127,-0.07099999999999995,0.57,0.8921342353992356,-0.5409008337073938,-0.09722133966470031,0.0862399636289344,1951.9062110177708,0.9022491901157078,-0.5154042594374972,-0.10396781055442124,0.08336652319174102,1947.246194959673,0.005000000000000001,0.010114954716472169,ok
GAB,Gabon,1910,2025,116,-0.20199999999999996,0.7490000000000001,0.9816772005242476,-0.973664930864216,-0.13651695632796382,0.05693952930299788,1983.442011959005,0.9829835241489753,-0.9469357426422202,-0.016341383516472806,0.03299702740228896,1978.5416409290488,0.005000000000005184,0.0013063236247277121,ok
GBR,United Kingdom,1900,2025,126,-0.16200000000000003,0.5640000000000001,0.9785557145841262,-0.6924520332212312,-0.05294030768551708,0.042957071464502616,1957.5322394098428,0.9793791761731477,-0.8136111954608164,-0.0868988013054849,0.07120784254831801,1964.8395594096091,4.009083507504325,0.0008234615890215791,ok
GEO,Georgia,1801,2025,213,-0.18400000000000005,0.745,0.973297183416368,-0.827395948685973,-1.728522276031148e-21,0.036306209179096396,1982.9083646397578,0.9810500774490393,-0.8646558690299805,-0.12845954447769653,0.18531502021447743,1999.9260615398387,10.059841989648948,0.00775289403267132,ok
GHA,Ghana,1902,2025,124,-0.23299999999999998,0.539,0.9197827607920432,-0.7408634633606133,-0.08966762382422933,0.056714862670558606,1986.4953386993425,0.9351314111954191,-0.7964234648147909,-0.2004504986156102,0.465875293789047,1997.3506618017923,16.27713446697906,0.015348650403375852,ok
GIN,Guinea,1900,2025,126,-0.46799999999999997,0.45600000000000007,0.8399067243340184,-0.9376812401827662,-0.5466664962535018,0.054611946663845404,1970.036287042735,0.8518299850261661,-0.9128714849496332,-0.5641604241246381,0.05077610155595466,1961.1589534748953,0.005000000000000001,0.011923260692147775,ok
GMB,Gambia,1900,2025,126,-0.18700000000000006,0.6869999999999999,0.9222753551459193,-0.8957075536518639,-0.25875370668706693,0.05332815287854716,1982.0616994917546,0.932014367320209,-0.8685774632875594,-0.24805855171572078,0.039331078598059614,1973.4051707128297,0.005000000000000001,0.00973901217428974,ok
GNB,Guinea-Bissau,1900,2025,126,-0.498,0.6689999999999999,0.9670919352139518,-0.9635626912674679,-0.3855131869005931,0.19972884976756522,1976.05829838687,0.971999790242043,-0.9588116948444739,-0.37313143434037355,0.13465292193101955,1973.4629264658627,0.005000000000000001,0.0049078550280912125,ok
GNQ,Equatorial Guinea,1900,2025,126,-0.5509999999999999,0.45299999999999996,0.9722631188188214,-0.9606663308229357,-0.5701616577615952,0.1278280398375309,1979.97683763705,0.9724633282033014,-0.9592939538732184,-0.562016224264595,0.10386584521115481,1978.69361165327,0.5724426794881634,0.00020020938447995462,ok
GRC,Greece,1789,2025,169,-0.10399999999999998,0.877,0.9348659339991575,-0.8850964381939551,-4.4745951852907064e-23,0.04070507403098542,1961.3552590328752,0.9530519139176399,-0.9301848870467294,-0.07780698359937079,0.17447657393241595,1981.2149681017406,9.235814849769742,0.018185979918482365,ok
GTM,Guatemala,1789,2025,161,-0.278,0.688,0.9459512855142981,-0.9138483017826664,-0.29702757295246535,0.14520139437411567,1992.9097144708176,0.9485703180540104,-0.9235310198317408,-0.31829279799275034,0.2674042393042771,1997.0488953226013,3.65298129108793,0.002619032539712296,ok
GUY,Guyana,1900,2025,116,-0.18999999999999995,0.4650000000000001,0.9718951845246193,-0.5649978010372322,-0.16194161857990375,0.09229790334950945,1968.4739073417732,0.9758875156171632,-0.5546280906072505,-0.15113929291980857,0.06545467041460376,1963.0745048100773,0.005000000000000191,0.003992331092543933,ok
HKG,Hong Kong,1900,2025,126,-0.19899999999999995,0.4730000000000001,0.9655177335879042,-0.5177620790799182,-0.10441299825113198,0.10761326966271917,1970.0695837367364,0.9719396399017307,-0.5406879687500762,-0.11352803570636985,0.3785321642134297,1980.4229181869432,8.258740373530035,0.006421906313826553,ok
HND,Honduras,1838,2025,127,-0.21099999999999997,0.685,0.9508367505570912,-0.8793958633480117,-0.16229885069509928,0.061660472970215624,1986.1113622115263,0.9549233492481062,-0.8973850777421996,-0.2651235729628256,0.19845105332993965,1991.7656660992136,5.22155627613162,0.00408659869101502,ok
HRV,Croatia,1941,2025,85,-0.08699999999999997,0.7240000000000001,0.9201056592687304,-1.3059999993680904,-2.180284341953121e-28,0.033259814527459665,1945.9886327021864,0.9209541587232049,-1.3059999999999998,-4.645111267193541e-44,0.043887620448877576,1961.941814590744,2.8398835754862204,0.0008484994544744051,ok
HTI,Haiti,1789,2025,198,-0.597,0.44099999999999995,0.7356337749600813,-0.8198174786590174,-5.971493862206111e-13,0.024889506417071595,2040.959021693261,0.7948093761641337,-0.7871220456500613,-0.5258151687755214,0.6689274585615025,1992.2876588235458,5.770004334268248,0.05917560120405241,ok
HUN,Hungary,1789,2025,185,-0.18200000000000005,0.806,0.9198815511421354,-0.8528064760956108,-7.50755468289035e-24,0.03208717854934507,1969.6086378895618,0.9400798256459275,-0.901496646008343,-0.12431047794243377,0.1689978648828908,1990.155878838394,11.058124302675644,0.02019827450379208,ok
IDN,Indonesia,1800,2025,226,-0.274,0.6759999999999999,0.949981696150674,-0.952524383381942,-0.015387301720241022,0.03920299464424621,1994.009045964437,0.9504499801925355,-0.9473260018231475,-3.689099031453921e-32,0.030529710797028778,1988.0667843116696,0.4761474268432198,0.00046828404186149974,ok
IND,India,1789,2025,237,-0.34199999999999997,0.509,0.9592630107980221,-0.8162816854474702,-0.32172298602157307,0.055422854462911175,1958.334313270389,0.9598673992960419,-0.8231289586434034,-0.3306196650386013,0.06859184023853347,1962.5082637341543,1.8025112942595378,0.0006043884980198033,ok
IRL,Ireland,1900,2025,126,-0.07299999999999995,0.562,0.9595054592905381,-0.6767942824328997,-7.84225638636953e-20,0.03446111357799891,1965.9940813172268,0.9700011637223748,-0.9882123561833468,-0.08048723771485762,0.17125739825846306,1989.5264399421212,19.999999999999993,0.010495704431836672,ok
IRN,Iran,1789,2025,237,-0.6799999999999999,0.29999999999999993,0.9132721749200362,-0.9479271962988566,-0.6995244146418589,0.07828705006130986,1953.2032070113962,0.9157709761883038,-0.9467380974086088,-0.67854298685899,0.04319529160367273,1947.0169590470462,0.0050000000000072825,0.0024988012682676253,ok
IRQ,Iraq,1789,2025,235,-0.44499999999999995,0.5409999999999999,0.8949611698485658,-0.9451073325606706,-3.661863040603598e-16,0.020787439992277192,2026.1799125893574,0.9104655160783439,-0.9574003591013875,-0.0021389190128088074,0.12546845632000456,2048.3829275172657,8.329325087738617,0.015504346229778143,ok
ISL,Iceland,1900,2025,103,-0.11699999999999999,0.45600000000000007,0.9534790444558789,-0.5006105466268869,-0.0280069334678499,0.05331069269581539,1971.584298652897,0.9705755725839214,-0.5662485251963695,-0.08071119386090764,0.35872761814758813,1988.3444037325944,17.229158021323645,0.01709652812804241,ok
ISR,Israel,1789,2025,207,-0.138,0.832,0.995094976076087,-0.9335750237901187,-0.14076027225234708,0.06995590848675928,1938.401099667202,0.9952363343995305,-0.9295833011554865,-0.1332004982935091,0.0588313165352428,1934.6843314673756,0.5290403441213766,0.00014135832344353005,ok
ITA,Italy,1815,2025,159,-0.07099999999999995,0.866,0.9728305029774591,-0.9093609234443151,-0.028913368790292042,0.054412492691831404,1958.9598594681765,0.9759641387406575,-0.9341886158091023,-0.07674521297774915,0.10271365736621972,1967.2274605915434,3.3556764870673748,0.0031336357631983613,ok
JAM,Jamaica,1900,2025,104,-0.07099999999999995,0.5409999999999999,0.9937505747220455,-0.5914145574708206,-0.10574905523026289,0.13482092859019124,1967.9539858763476,0.9937858399000751,-0.593236189087812,-0.10743492275875072,0.1477662253209418,1968.8141401769778,1.327466982312264,3.52651780295421e-05,ok
JOR,Jordan,1922,2025,104,-0.33099999999999996,0.496,0.9868304124093517,-0.8199160697606999,-0.3668482004103078,0.11509543130665359,1987.2465035796017,0.9870290127449928,-0.8163497140726903,-0.35997783040912695,0.0994683689179396,1985.9414742156575,0.6009990629322695,0.00019860033564111923,ok
JPN,Japan,1789,2025,227,-0.15600000000000003,0.7959999999999999,0.9627199414974741,-0.949536059973474,-0.15061123480723096,0.039178516348666224,1944.6132079573083,0.9652318854564639,-0.9683603340584939,-0.21436844973140876,0.07729883301466951,1952.4719140617276,3.133158671243392,0.002511943958989793,ok
KAZ,Kazakhstan,1789,2025,225,-0.31799999999999995,0.648,0.9705032554500226,-0.8380685365094691,-1.48970144406717e-13,0.03162722073215851,1983.5799729845714,0.9783848197730416,-0.8624167458887766,-0.21686530749127364,0.2011390377412986,1992.016516925231,10.499972973849493,0.007881564323019008,ok
KEN,Kenya,1900,2025,126,-0.19599999999999995,0.761,0.9792024135942453,-0.9746909420742055,-0.13561981166666293,0.06609775848853894,1989.3112886731888,0.9822037667174364,-0.9610028192224966,-9.703114718270553e-14,0.03652536793824193,1984.6816293784439,0.005000000000000001,0.003001353123191053,ok
KGZ,Kyrgyzstan,1876,2025,138,-0.267,0.5850000000000001,0.9617589198144442,-0.8130529215717265,-1.7771458472818954e-26,0.030194343338322906,1992.0296322279853,0.9654759176076327,-0.9039104736428368,-0.22852079666491526,0.2777417008912423,2004.5746690857288,19.99999999786437,0.00371699779318857,ok
KHM,Cambodia,1900,2025,126,-0.46599999999999997,0.474,0.8810327995485874,-0.8886162455415705,-0.3039156269838671,0.04619804307581813,1988.6295716728353,0.8982207390023966,-0.9592612199328482,-0.4306697804140887,0.4366384403049294,1999.878504401288,19.999999999999936,0.017187939453809253,ok
KOR,South Korea,1789,2025,237,-0.122,0.838,0.9760847260796434,-0.9636674035208094,-3.1892161531176233e-16,0.04088076979839011,1971.7091388592512,0.9761081520155992,-0.9654946364514075,-4.845525162875901e-20,0.042433761940492774,1972.9045461693047,1.1141258631852915,2.34259359558342e-05,ok
KWT,Kuwait,1789,2025,237,-0.643,0.279,0.9637110286315465,-0.8722967753551104,-0.6078355870498104,0.06040181099622277,1977.5095765468438,0.9694578596828569,-0.8702183295201181,-0.5832816871387453,0.03682203197448229,1969.9618245072636,0.0050000000000001935,0.005746831051310464,ok
LAO,Laos,1789,2025,230,-0.492,0.41700000000000004,0.9434553824648483,-0.8567131146018597,-0.46149261779957323,0.07646577430083494,1994.9293543240406,0.9435813462465212,-0.8567825280439704,-0.4929570579005055,0.11194047973812327,1995.7409399189528,1.7377961879263248,0.0001259637816729553,ok
LBN,Lebanon,1918,2025,108,-0.392,0.244,0.8859779495139607,-0.8158557205452118,-9.89164560388619e-05,0.011019286235414018,2036.1980666630727,0.8887420587639,-0.900890720194148,-6.649575050402576e-11,0.10710972831343586,2113.503322471286,19.317600424479807,0.002764109249939306,ok
LBR,Liberia,1821,2025,152,-0.17700000000000005,0.603,0.9478229058925927,-0.7236215875388371,-0.04370034353269268,0.08349263611233704,1998.812189862758,0.9619434714492628,-0.7378792361032799,-0.15520652608317836,0.4723287580831388,2004.73136660279,9.232921069523401,0.014120565556670184,ok
LBY,Libya,1911,2025,106,-0.5880000000000001,0.381,0.8453619936443639,-0.9280472794154326,-1.7264048366326785e-31,0.04492992401283431,2037.4350387011482,0.8566255408451726,-0.9369311863374564,-6.408194426037768e-06,0.23870051652763258,2044.6048946600454,6.93936462989093,0.011263547200808688,ok
LKA,Sri Lanka,1900,2025,126,-0.258,0.404,0.9054292446419783,-0.6698959609530682,-0.3226041967707423,0.04958598359821578,1950.775951521166,0.9107976595237771,-0.6314149259721318,-0.315528871352593,0.03981416805231102,1946.4635383800953,0.005000000000000001,0.005368414881798844,ok
LSO,Lesotho,1900,2025,126,-0.19099999999999995,0.601,0.9716631766708936,-0.7934930942600804,-0.05291649923034067,0.045832935799826766,1986.3582559075526,0.9762785833232477,-0.8918262262892234,-0.1971510694254993,0.3940128844123778,2000.4293407544437,19.999999999999996,0.004615406652354048,ok
LTU,Lithuania,1795,2025,225,-0.07399999999999995,0.779,0.8978995240469267,-0.8335480726373606,-4.159756235527481e-23,0.03247129473010039,1971.3890906827078,0.925178814782766,-0.885165658980087,-0.05065664859727411,0.18993695206976896,1999.504414298258,12.012139279380536,0.027279290735839234,ok
LUX,Luxembourg,1940,2025,86,-0.10399999999999998,0.63,0.890009298056009,-1.2219999999999973,-0.15918221794336515,0.2147674187156942,1941.9434214265864,0.8982036627170631,-0.7411070997318732,-0.16873357859296856,0.45401872907645996,1945.35523383359,0.005000000000000001,0.008194364661054054,ok
LVA,Latvia,1789,2025,218,-0.050000000000000044,0.8009999999999999,0.8983589082309043,-0.8192419330924645,-1.9164466500010046e-32,0.040622694591290566,1974.2583779408415,0.9276457339241271,-0.8597748632535551,-0.025100369972592396,0.19194273765246941,1997.9932096057994,9.91228569329285,0.02928682569322283,ok
MAR,Morocco,1789,2025,237,-0.28800000000000003,0.6829999999999999,0.9773167797742075,-0.9379840614857387,-5.598138616504027e-16,0.04642119840459866,2001.7604558816192,0.9850026001390819,-0.9479092887995554,-0.26297936673882333,0.23149517505745712,2003.843736817171,7.391557706688938,0.007685820364874418,ok
MDA,Moldova,1789,2025,211,-0.10199999999999998,0.748,0.9732777480586184,-0.8243074449473,-6.974076419778938e-23,0.04085106775404423,1981.3379050551905,0.9842816205324285,-0.8565363068613413,-0.10399921120028717,0.18865033064047265,1998.2324695530128,9.348626888953676,0.011003872473810072,ok
MDG,Madagascar,1817,2025,209,-0.29600000000000004,0.648,0.8701804694809869,-0.7631212706510788,-0.27716897430214055,0.11216535549723466,1977.463189885683,0.8810190246448261,-0.763311674299319,-0.2414749166360801,0.06281467354863436,1972.0526044153078,0.00500000000001174,0.010838555163839136,ok
MDV,Maldives,1900,2025,100,-0.46799999999999997,0.351,0.9513891966143204,-0.7441960643536266,-0.40926507536443096,0.05527434095044367,1978.8102200098795,0.9516652988676252,-0.7353182229535595,-0.366841051613689,0.03165510146892427,1971.9531696349848,0.005000000000181091,0.00027610225330476634,ok
MEX,Mexico,1789,2025,161,-0.19899999999999995,0.682,0.9936470836769268,-0.8703836718080306,-1.4407456724013235e-12,0.03743717081274039,1991.6906172011265,0.9948700972995861,-0.8810904762844166,-0.14116677750746454,0.08010545958483838,1994.879222173677,3.1425624028130477,0.001223013622659308,ok
MKD,North Macedonia,1789,2025,235,-0.17600000000000005,0.813,0.9786410602594993,-0.9475890925645374,-0.08896903244001791,0.036442202266956776,1959.4532308611508,0.9787892861407251,-0.9420334396352381,-0.04638124275273442,0.02989187226791761,1957.5085516284378,0.610599049177183,0.00014822588122587188,ok
MLI,Mali,1900,2025,125,-0.29400000000000004,0.651,0.9510609548659207,-0.9291428623407565,-0.33521731203520105,0.14919743849916392,1962.7534969594963,0.9594886405364491,-0.9203981483350478,-0.321219890348919,0.10095833099934552,1959.4562986919418,0.005000000000000001,0.008427685670528429,ok
MLT,Malta,1900,2025,105,-0.08299999999999996,0.484,0.9718993241044016,-0.6095730021193624,-0.07454903146537475,0.04329123948107434,1974.807666080332,0.9769974067584942,-0.5766687628227215,-0.04924015158843609,0.030845105232418613,1967.069254075261,0.005000000000000078,0.005098082654092617,ok
MMR,Myanmar,1789,2025,237,-0.6699999999999999,0.489,0.4768199792861523,-0.7453234462430718,-0.5296250988318933,1.916143878092604,2009.9429031498692,0.4769182693320049,-0.7452589519553755,-0.5294343449527689,1.4765497541865442,2009.6316351152248,0.0050000009391849886,9.829004585260037e-05,ok
MNE,Montenegro,1900,2025,31,-0.134,0.715,0.9979845840474457,-0.8203903347835019,-0.08126976491082351,0.08203393740335867,1991.7437961377198,0.9979853704975201,-0.8208965350478908,-0.08391025829782257,0.08494490525396585,1992.2967775927111,1.146192856553428,7.864500743970382e-07,ok
MNG,Mongolia,1911,2025,115,-0.19399999999999995,0.781,0.9257710927922778,-0.9266245337943405,-2.1376414979901618e-20,0.037984985377329396,1976.7338470400948,0.9397031300553378,-1.0913959476270934,-0.15648265250145482,0.2939196684247452,1995.879883843257,19.9999999999997,0.013932037263060026,ok
MOZ,Mozambique,1900,2025,126,-0.275,0.665,0.9825422312335484,-0.8879972023583634,-0.23369701533496312,0.18105814217841848,1984.4737176905749,0.986993319287441,-1.0244402179145742,-0.24537232500685127,1.1546465640307333,1992.173824732036,19.999999999999993,0.0044510880538926045,ok
MRT,Mauritania,1904,2025,122,-0.45899999999999996,0.544,0.9453698793547368,-0.9116384807134063,-0.13435210961876476,0.04253516584664815,2000.341797363739,0.9540720530371283,-0.994702534083137,-0.3674284200412389,0.41923256864328895,2006.9556713258637,19.999999999999996,0.008702173682391456,ok
MUS,Mauritius,1900,2025,126,-0.18600000000000005,0.45999999999999996,0.9815998970728632,-0.6157718533498124,-0.18981188539856672,0.08078645900619577,1975.1251794299055,0.9819736257691128,-0.6111477748322109,-0.17828767783293195,0.06611949305144883,1973.1218611699596,0.5229795376620439,0.0003737286962496311,ok
MWI,Malawi,1900,2025,126,-0.245,0.723,0.9664680398795652,-0.8925195754163485,-0.14251568189982383,0.09920919791605022,1992.916501369661,0.9778412839782176,-0.9099640355736421,-0.22350987401974096,0.4983616629007054,1999.319887222593,8.675392491927976,0.011373244098652369,ok
MYS,Malaysia,1900,2025,126,-0.22799999999999998,0.42800000000000005,0.8643183133904283,-0.5873179614675497,-0.07941299147975787,0.030158248924807615,2004.7500185854376,0.8717117423716196,-0.5553938025113982,-0.19232777087683606,0.02785924497675112,1977.8737376549063,0.005000000000000001,0.00739342898119133,ok
NAM,Namibia,1900,2025,126,-0.14500000000000002,0.769,0.9880414151729024,-0.8979975536024039,-0.2052441117029705,0.7419295705617994,1989.951000513213,0.9889490454759244,-0.8966078781253589,-0.20078321414213277,0.5108157486952655,1989.2344590335708,0.005000000000000001,0.000907630303021989,ok
NER,Niger,1922,2025,104,-0.29100000000000004,0.586,0.9723853684711173,-0.7874612389071055,-0.2344553194136624,0.09946322486916312,1990.2796323525201,0.9741399424532661,-0.7998672686691294,-0.2620187977207246,0.15834513114067617,1993.2272191740099,2.493218685407766,0.0017545739821487327,ok
NGA,Nigeria,1914,2025,66,-0.268,0.44399999999999995,0.9680807382278991,-0.7026515761944294,-0.23934629661503815,0.07423739533537325,1984.927064456239,0.9848550678076324,-0.7393417675548754,-0.28323971601593484,0.4211011302677638,1997.8027109684856,13.707470207846063,0.01677432957973335,ok
NIC,Nicaragua,1900,2025,126,-0.469,0.634,0.9670954043048607,-0.8539541857368148,-0.3221637636560372,0.2626196795260467,1981.0083931420227,0.9691000130416073,-0.8623030256909558,-0.3245342305371239,0.5624480760461099,1984.8191907374933,4.8292341709083555,0.0020046087367465715,ok
NLD,Netherlands,1789,2025,150,-0.09699999999999998,0.6990000000000001,0.9730380288575242,-0.7039399337951894,-0.038861417317651185,0.0532191243001554,1956.9233862065782,0.9847825582485303,-0.7299649252593099,-0.08781941282811942,0.21583264806068103,1972.402818115147,8.268887928904052,0.01174452939100612,ok
NOR,Norway,1789,2025,151,-0.07399999999999995,0.6739999999999999,0.9491460543987148,-0.7234588321852633,-2.3776855422845366e-14,0.03324553832121855,1932.1581849397585,0.9652361426032133,-0.819947743154755,-0.05363581539448899,0.19638504277815122,1965.7252523150469,17.04177382336948,0.01609008820449853,ok
NPL,Nepal,1789,2025,237,-0.20799999999999996,0.738,0.9753172258006491,-0.9383972643734392,-0.013851876340100383,0.06069951608376945,1999.4661600370077,0.9799369288958271,-0.9971818138732583,-0.23195503135283663,0.432891588046516,2005.9809905374414,13.568380083066076,0.004619703095178007,ok
NZL,New Zealand,1900,2025,126,-0.06299999999999994,0.33699999999999997,0.9873190833818347,-0.37653750644795364,-0.03914904789389877,0.07214213424758288,1974.2185941026362,0.995121390445886,-0.4084433247872993,-0.0639655097329672,0.3159119638888491,1986.5151273577198,10.40511177439865,0.007802307064051273,ok
OMN,Oman,1900,2025,114,-0.643,0.30000000000000004,0.9678006113613422,-0.9293957839254607,-0.6515727646886884,0.16962778216109042,1974.7015536095719,0.9753209727990283,-0.9266473370806154,-0.6473966337625604,0.12017833314518386,1971.5258040970186,0.005000000000000001,0.007520361437686085,ok
OWID_AFR,Africa,1900,2025,126,-0.33703570000000005,0.53112549,0.9943692886307752,-0.8584821160999171,-0.28601378518419684,0.06957119822830911,1984.1586793580234,0.9944791173476012,-0.8532244948197768,-0.2581699629098131,0.0542357516026176,1982.0201729824569,0.488333288823801,0.00010982871682596596,ok
OWID_ASI,Asia,1900,2025,126,-0.4082449,0.43682244000000003,0.9866478349214406,-0.8560697053443885,-0.29420728145294056,0.03860867047811946,1978.8771272135339,0.9886160235797485,-0.9626867881729319,-0.3974485114659479,0.2861134410293713,1996.8265371172965,19.999999999999996,0.0019681886583079455,ok
OWID_DRV,Democratic Republic of Vietnam,1945,1975,31,-0.46199999999999997,0.1359999999999999,0.5316825750511089,-0.4201693587737316,-0.5337355428845939,0.7262797352648088,1949.6711084113983,0.5316920997758232,-0.41852827287886846,-0.5337258539109002,0.7488021872898631,1949.7437831733396,1.1913901171393264,9.52472471427157e-06,ok
OWID_EUR,Europe,1789,2025,237,-0.1177317,0.76025,0.9819550894825948,-0.8554585995813793,-6.262015730967842e-23,0.030188695370601558,1954.5852246972547,0.9823086096971871,-0.8714408727393872,-2.1668580743103496e-17,0.035517501797237026,1961.216782268925,1.5909508716521108,0.00035352021459233995,ok
OWID_GDR,East Germany,1949,1990,42,-0.123,0.46799999999999997,0.48742982225777887,-0.5801750161901935,-1.2815181458456083e-13,0.026841652171747468,1999.6603917366774,0.49029693228318283,-0.5681200327639246,-7.74304217840074e-07,0.290457932158906,2023.1395180079678,14.730715597936669,0.0028671100254039628,ok
OWID_GFR,West Germany,1949,1990,42,-0.08699999999999997,0.265,0.947855645359811,-0.31663628665212684,-0.09701002279807627,0.16010744194222334,1972.978475815335,0.9480268396943978,-0.31152511344680284,-0.09254140417890785,0.13999982302269845,1972.318633752118,0.5803383066332543,0.00017119433458678834,ok
OWID_MOD,Modena,1789,1859,53,-0.943,0.007000000000000006,,,,,,,,,,,,,flat
OWID_NAM,North America,1841,2025,185,-0.23893330000000002,0.6506,0.9853131122195735,-0.80493351123595,-0.085539537491747,0.04326588917141139,1979.9622241737793,0.9932890458046567,-0.8283898335978486,-0.22004848722015563,0.21888511173785477,1989.8396714389419,8.82895400085921,0.007975933585083195,ok
OWID_OCE,Oceania,1900,2025,126,-0.27383333,0.40866667,0.9873834900333901,-0.6349032516219748,-0.3055722087268825,0.08974519311885379,1974.8182480942908,0.9875813108489072,-0.6381084364294958,-0.31048141612075336,0.10526008650003409,1976.2496722327332,1.4752384501606017,0.0001978208155171135,ok
OWID_PMA,Parma,1789,1859,60,-0.727,0.128,0.4468588756904689,-0.8400008571990063,-0.7523043475159559,1.986682122887176,1806.314537119587,0.4468588776789457,-0.840001330760409,-0.7523043477095356,1.9879834094348845,1806.036348499772,0.9430605182855468,1.98847682764125e-09,ok
OWID_RVN,Republic of Vietnam,1802,1975,168,-0.614,0.127,0.4439209548323193,-0.69817245224061,-0.6175972618375709,0.666176068521266,1954.3770903556733,0.4447949142602152,-0.6982812861455623,-0.6151700851039282,0.26057838103653885,1953.2681553091686,0.005000001487040311,0.0008739594278959206,ok
OWID_SAM,South America,1825,2025,154,-0.18966669999999997,0.7229166499999999,0.9621473903304422,-0.8468839752173399,-1.489933644569777e-24,0.0345578294792406,1983.313549082001,0.97878659769648,-0.8863092341999097,-0.16848967967640216,0.19428941343441172,1996.674269789947,10.480793034170619,0.016639207366037856,ok
OWID_SIC,Two Sicilies,1789,1860,71,-0.926,0.013000000000000012,,,,,,,,,,,,,flat
OWID_SML,Somaliland,1900,2025,95,-0.532,0.32000000000000006,0.9617485810392612,-0.789797602379059,-0.5358821279048301,0.3459619508328126,1967.4680494796678,0.962117998743892,-0.7918880882958335,-0.5358931048308807,0.6102853461949633,1978.9756071129361,5.232995024792696,0.0003694177046308367,ok
OWID_TUS,Tuscany,1789,1861,67,-0.8069999999999999,0.09899999999999998,0.8665624323744975,-0.702548813035559,-0.8030466856250972,0.4042430660255426,1800.469519479484,0.8730999156947079,-0.7071232014493736,-0.803093357367569,0.331161956753264,1799.3926225641192,0.005000000000000001,0.006537483320210424,ok
OWID_WRL,World,1789,2025,237,-0.28607819999999995,0.60614351,0.9896266366818626,-0.8727692963753473,-0.06490746598428905,0.03267831727300953,1984.6245160832743,0.9937553238564995,-0.9298312272682089,-0.2796074783091959,0.2540853920176097,1994.7039073058777,14.848880534093356,0.00412868717463688,ok
OWID_YAR,Yemen Arab Republic,1918,1990,73,-0.775,0.19499999999999995,0.9014731879046436,-0.9696147500744648,-0.8746106811013024,0.2443680621451333,1962.3276617059184,0.9023993335791366,-0.9693359543764383,-0.8666016645535506,0.12471179226008722,1960.2158833192389,0.005000000000078157,0.0009261456744930063,ok
OWID_YPR,Yemen People's Republic,1900,1990,91,-0.562,0.19700000000000006,0.952187066251774,-0.6862030527018695,-0.4822837886053203,0.1095176701658156,1970.0022429965065,0.952198563207743,-0.6864907529154789,-0.4855015767146792,0.11783568510051314,1970.2482404656107,1.156131800501481,1.149695596902589e-05,ok
OWID_ZAN,Zanzibar,1856,2025,86,-0.30300000000000005,0.6699999999999999,0.9919726083519432,-0.9465993518359739,-0.24763696084122938,0.0450402544406311,1960.4011355708155,0.9942986118515384,-0.9965524888999734,-0.29632298319756256,0.2635364675457715,1991.2621431382179,13.581885653517883,0.0023260034995952195,ok
PAK,Pakistan,1839,2025,170,-0.476,0.44799999999999995,0.906686542781157,-0.7771447533189919,-0.3820849728493343,0.09768639414442826,1994.761651507861,0.9233846816584057,-0.7838237536651836,-0.41924900828527395,0.34804209330794417,2001.872355848456,6.9890822669566175,0.01669813887724869,ok
PAN,Panama,1903,2025,123,-0.258,0.44900000000000007,0.9482159281426114,-0.5829367327126919,-0.24210641820260145,1.9999999999999993,1989.6195574226533,0.9492271084306888,-0.582554640384264,-0.24249232345899946,1.9999999999999998,1989.380068873424,0.00500000004468859,0.0010111802880774512,ok
PER,Peru,1821,2025,129,-0.22499999999999998,0.616,0.9406630019989679,-0.7580891285574849,-0.0729383246905573,0.052933535014625235,1989.050089576976,0.9496798332950847,-0.866959642882711,-0.2027827426232763,0.42407523822072835,2001.1943262302186,19.9999999985248,0.009016831296116745,ok
PHL,Philippines,1900,2025,123,-0.18999999999999995,0.6699999999999999,0.8817749987675202,-0.7752924669170462,-0.06600732248207747,0.03820968891126419,1969.5369323580596,0.8914598242800937,-0.8848246133010058,-0.173980735889864,0.3031312427010016,1990.644215067356,19.999999999999996,0.009684825512573547,ok
PNG,Papua New Guinea,1900,2025,126,-0.52,0.345,0.9886341247341659,-0.8526688533354246,-0.5468648915803866,1.9999999999999434,1974.5384242504906,0.9890764761238848,-0.8522285879115039,-0.5470858119882839,1.9999999999999998,1974.3155550257486,0.0050000000051306165,0.0004423513897189313,ok
POL,Poland,1794,2025,142,-0.122,0.8330000000000001,0.9379956212274115,-1.0392792561150515,-1.6909430685608822e-14,0.02090152801176827,1926.02557626139,0.9389598914687947,-0.9315831028495657,-2.9687221144885704e-24,0.016757956035194036,1911.7939802253088,0.005000000000148745,0.000964270241383125,ok
PRK,North Korea,1789,2025,203,-0.71,0.2489999999999999,0.9807448410027213,-0.9623795155942668,-0.7144196499548876,0.0517797579373966,1927.9385108193342,0.9828303476740815,-0.9593478515146517,-0.7090720412007878,0.035295529301615745,1914.1254512150565,0.005000000002489441,0.0020855066713602044,ok
PRT,Portugal,1789,2025,157,-0.18899999999999995,0.8929999999999999,0.9551331600313491,-0.8341062901875989,-0.11463244907972271,1.7438940272863988,1973.7696618352152,0.9553858484430153,-0.8335471698678838,-0.11400619058749523,1.3186220488102052,1973.461043538822,0.005000000000000001,0.00025268841166625755,ok
PRY,Paraguay,1811,2025,159,-0.33099999999999996,0.6469999999999999,0.9535984028966682,-0.8677004947667846,-0.32636602502569134,0.3182466873259696,1990.866419387175,0.9547836884724519,-0.8653906489424973,-0.3239497688892834,0.25411500236644696,1989.2902542792444,0.005000000000000001,0.0011852855757836789,ok
PSE,Palestine,1918,1948,31,-0.753,0.0,,,,,,,,,,,,,flat
QAT,Qatar,1900,2025,91,-0.612,0.33899999999999997,0.9799945679692876,-0.946002745692688,-0.6661003564650139,0.107619998590789,1986.9352557287264,0.9801190211454925,-0.9446437954881868,-0.6594309576644017,0.07885624834651574,1982.0045433875982,0.2988618836933647,0.00012445317620490837,ok
ROU,Romania,1860,2025,128,-0.128,0.619,0.9561155464635308,-0.7732467790890539,-0.004041857074259899,0.0402676693490764,1978.2100170872718,0.9562202712136871,-0.7590497156903016,-1.5213889045665654e-19,0.036527631041093515,1975.5701224425447,0.6717732837213705,0.00010472475015632643,ok
RUS,Russia,1789,2025,225,-0.45399999999999996,0.567,0.9638580856012768,-0.842387640574225,-0.20132929102191197,0.0314138507052819,1969.455136241953,0.971743546269128,-0.8852896801291776,-0.3242886028289766,0.21216715776958392,1987.8785004423426,13.606834107160449,0.007885460667851119,ok
RWA,Rwanda,1916,2025,110,-0.374,0.6849999999999999,0.9386690943224696,-0.8365366090575586,-0.16134431128087198,0.08341196738195927,1985.293789796605,0.9592820571897831,-0.9644077913482487,-0.20927092168378778,0.5795460794560667,1998.7859398824037,19.99999999999626,0.02061296286731351,ok
SAU,Saudi Arabia,1789,2025,166,-0.653,0.32999999999999996,0.9635492599677327,-0.9622884297647706,-0.5201539753965991,0.1439124721640728,2017.2881224212433,0.9639332967313411,-0.9623793189913338,-0.6182108127109165,0.38276171797589836,2017.7105168638043,3.8620133700712134,0.00038403676360843075,ok
SDN,Sudan,1821,2025,173,-0.781,0.3360000000000001,0.7009500843803653,-0.8819263563264139,-0.703005837661332,0.08037551650778776,1977.6120064439244,0.7135955467704675,-0.8818265913500445,-0.6889256312711163,0.04685464559154585,1970.2561114989617,0.005000000162285833,0.012645462390102225,ok
SEN,Senegal,1904,2025,122,-0.14500000000000002,0.636,0.9749649428885938,-0.7790260941610366,-0.21237144840015318,0.15102463959398416,1963.9823855600414,0.9802041709947026,-0.7707261135797249,-0.20233826059745477,0.10468132594290563,1960.4720327068867,0.005000000000000001,0.005239228106108773,ok
SGP,Singapore,1900,2025,124,-0.21499999999999997,0.6429999999999999,0.9455863532259132,-0.7726652841067616,-0.19414404565183385,0.07276570449480098,1973.5936894570305,0.954969150678341,-0.755862060488285,-0.1798312476250268,0.0525765515314276,1966.6964106768273,0.005000000000000001,0.00938279745242776,ok
SLB,Solomon Islands,1900,2025,126,-0.32499999999999996,0.4680000000000001,0.913985365932516,-0.7775958379724499,-3.2038997862748425e-17,0.03973806638456875,2028.2902350827346,0.9303878941818917,-0.7850105429222122,-1.1505851233381707e-11,0.23602248550064134,2038.5804910541126,7.892894513508795,0.016402528249375714,ok
SLE,Sierra Leone,1900,2025,82,-0.19899999999999995,0.693,0.9676692887344385,-0.8233287275053209,-0.1773477549928574,0.16428501046343885,2000.0668127868512,0.9765530167451655,-0.8428275080832907,-0.217668822870472,0.4378196779741566,2003.990555090008,5.380442636546971,0.00888372801072701,ok
SLV,El Salvador,1900,2025,126,-0.41300000000000003,0.6880000000000001,0.9675668004210686,-0.8901680708242639,-0.2769441435878347,0.1171831123710428,1987.0344266507207,0.977307014882664,-0.9088030605475022,-0.30952979989539925,0.4218091891476023,1994.2424285163602,7.303591668614669,0.009740214461595453,ok
SOM,Somalia,1900,2025,126,-0.663,0.30400000000000005,0.700653453112771,-0.8975153062978021,-3.897588335263484e-33,0.08412591333743095,2033.4442739947635,0.7087574712157169,-0.906037663120561,-0.007237734323172804,0.23790646177796146,2039.9264161678848,4.424348584456998,0.00810401810294581,ok
SRB,Serbia,1789,2025,195,-0.136,0.838,0.9230471447768037,-0.803875187139142,-0.06963526993445325,0.04336165668288377,1970.862447619801,0.9233036900705288,-0.7952821495620263,-0.020814913811351147,0.030906225288989276,1964.5662513202178,0.23558712161444595,0.0002565452937250967,ok
SSD,South Sudan,1821,2025,173,-0.524,0.42500000000000004,0.8610622055137926,-0.8789122098299196,-6.981404369947554e-22,0.049017719040095886,2031.0478005472519,0.8611297018341807,-0.8792218086159415,-3.4576741577458436e-20,0.055310307895691684,2031.7275508132557,1.1979432923782973,6.749632038804965e-05,ok
STP,Sao Tome and Principe,1900,2025,126,-0.15700000000000003,0.61,0.9657711617598752,-0.7515141219389988,-0.1988141696782287,0.186430123241683,1977.4243641519918,0.9700596955419605,-0.7466982354976593,-0.1900029842743798,0.13206932812058544,1974.516122051136,0.005000000000000001,0.004288533782085269,ok
SUR,Suriname,1900,2025,126,-0.123,0.46299999999999997,0.9643717684741737,-0.576655576134975,-0.07410311253016061,0.05514711044905112,1982.608255583137,0.9733532079747323,-0.6399256979617318,-0.15318189095981738,0.4512412928601189,1995.384714408815,18.528180313697703,0.00898143950055863,ok
SVK,Slovakia,1789,2025,185,-0.122,0.796,0.8747961492311747,-0.953411194970456,-1.1094483087114572e-13,0.018459438157038714,1941.5659080600112,0.8917054368633264,-1.2368250760458321,-7.005361872599877e-23,0.11014520568947252,2008.1971870436034,19.999999999983384,0.016909287632151715,ok
SVN,Slovenia,1804,2025,161,-0.06000000000000005,0.7679999999999999,0.9814606577822576,-0.8153914101535734,-2.1196503196671334e-23,0.04935103647517353,1971.000424879758,0.9816691736227223,-0.812847982103288,-4.5885148317815875e-23,0.04467355716526939,1967.8229481679907,0.6865744144259185,0.00020851584046477356,ok
SWE,Sweden,1900,2025,126,-0.07699999999999996,0.43299999999999994,0.9746064512397995,-0.6197410800656278,-0.037359177989825985,0.04739983602444176,1929.133134404618,0.9749909271804122,-0.9739999999999975,-0.04395879899969835,0.06283006762429688,1931.302172435028,5.353754201752987,0.0003844759406127496,ok
SWZ,Eswatini,1900,2025,126,-0.609,0.15100000000000002,0.5688469109555783,-0.7199858371447394,-0.6566201462958331,1.1829199164681445,1974.8067084396907,0.5703107397721805,-0.7200092277347091,-0.6566999605510048,0.9449694734777251,1974.1067852903811,0.005006987632154556,0.0014638288166022306,ok
SYC,Seychelles,1903,2025,116,-0.09199999999999997,0.511,0.9820846930541705,-0.6050898891240852,-0.140245061812552,0.11230838728937438,1982.2661447064456,0.9840843358137418,-0.5992914230139701,-0.11754457703339544,0.07287808723265664,1977.801679765832,0.005000000000000005,0.0019996427595713184,ok
SYR,Syria,1789,2025,233,-0.71,0.3869999999999999,0.9475963270155117,-0.9259149415435345,-0.6091353215617038,0.06004701068853937,1930.785007124586,0.9542244954309753,-0.9437747453600072,-0.6186730657104978,0.2040596360320215,1948.0299496626678,8.091415873364856,0.006628168415463653,ok
TCD,Chad,1920,2025,106,-0.375,0.45100000000000007,0.9123930060847978,-0.844247904856589,-0.266933261275432,0.0462319077084149,2001.1038047901836,0.9131333996848526,-0.8595639012253545,-0.39761092482825167,0.1096423744965587,2000.1779381233628,3.4953138510701036,0.000740393600054845,ok
TGO,Togo,1916,2025,109,-0.30800000000000005,0.634,0.9768562247725011,-0.8750417276156306,-0.19069582746916328,0.06628856550332028,1983.1461146165632,0.9782226837407592,-0.8546592625006325,-0.11672697566249907,0.03987919355856606,1977.7923093521078,0.00500000000426796,0.0013664589682580441,ok
THA,Thailand,1789,2025,237,-0.31200000000000006,0.648,0.9727587946199959,-0.8354982760993019,-0.21041560981022384,0.06276466887365267,1971.4993785095908,0.9850586273011734,-0.8518195320107328,-0.2611617624506797,0.2652039124111617,1984.2136372953137,8.21362733341728,0.012299832681177514,ok
TJK,Tajikistan,1868,2025,146,-0.569,0.3669999999999999,0.8648800458396766,-0.7607304352651428,-0.5431693460592493,0.2737965575032442,1949.2448269872086,0.879255215572746,-0.791765300438303,-0.5435138124088479,0.4293796522021163,1954.57097068157,10.673385710483714,0.014375169733069404,ok
TKM,Turkmenistan,1896,2025,118,-0.563,0.31800000000000006,0.5887295590628724,-0.7420789901195701,-0.585445950380372,0.38181271405610906,1948.09821878309,0.5929374694727394,-0.7517116687552443,-0.5852411254951634,0.6641554566850627,1951.84531475351,8.149773518987327,0.004207910409867011,ok
TLS,East Timor,1900,2025,124,-0.23199999999999998,0.7060000000000001,0.9678538257162398,-0.8891935607309314,-0.24500356526586423,0.6314650307354235,1999.7276478138685,0.9740876230486152,-0.9033034666076111,-0.2452977181367626,0.9225631288043629,2001.944650582224,5.811201426616437,0.00623379733237539,ok
TTO,Trinidad and Tobago,1900,2025,110,-0.126,0.752,0.9875929302624193,-0.9198538637258716,-9.528086680845188e-22,0.03960456776196411,1962.6361707954552,0.9914276365819967,-1.3296731432228697,-0.10584522394271975,0.19701297251917319,1984.0408588686807,19.99999999998348,0.0038347063195773856,ok
TUN,Tunisia,1789,2025,237,-0.235,0.811,0.9679294483220684,-0.9178744610526777,-0.1745115066102095,0.06474103839153458,1975.2360480501866,0.973068547045875,-0.9118939055316836,-0.12331766081188962,0.04122480387742474,1967.6020455689923,0.0050000000000005205,0.005139098723806579,ok
TUR,Turkey,1789,2025,235,-0.44199999999999995,0.597,0.9724279267100305,-0.9425383527313226,-0.42982947916517433,0.052178930780399625,1930.9089676674423,0.9743219713400454,-0.9311226899283768,-0.4125651494348228,0.03671347912455043,1922.0772932435832,0.005000000000010387,0.0018940446300148572,ok
TWN,Taiwan,1789,2025,232,-0.09699999999999998,0.805,0.9874804644929424,-0.8971188087886361,-9.945736618315875e-18,0.052424387680010634,1979.3087103909445,0.9914027811469819,-0.9477811001270211,-0.10437575825077995,0.30218660872999,1994.7627642114282,12.029434381830749,0.003922316654039526,ok
TZA,Tanzania,1915,2025,73,-0.16600000000000004,0.6749999999999999,0.9865531187451129,-1.0573916074381975,-0.08644569208387491,0.035453145149074515,1952.694184004583,0.9869672463390903,-0.8859482553102331,-0.0734999952128301,0.03049267740257839,1951.6563105648581,0.005000000000004727,0.00041412759397740917,ok
UGA,Uganda,1900,2025,126,-0.364,0.6359999999999999,0.9451509700728203,-0.7996221291712773,-0.1904902727792582,0.11351418331071761,1983.6840719982538,0.9636294174700957,-0.8376859837311105,-0.21821967599739947,0.5772001711228691,1992.8829815038484,11.484432126615447,0.018478447397275333,ok
UKR,Ukraine,1946,2025,80,-0.11199999999999999,0.5569999999999999,0.9460241863267871,-0.57976732849792,-0.1369267514578155,0.1484251648799081,1991.0475016756436,0.9500560451258585,-0.620901860750495,-0.14871263506353768,0.2584518809011562,1995.0377425892666,4.197965757603106,0.004031858799071419,ok
URY,Uruguay,1825,2025,131,-0.125,0.794,0.8181635107308168,-0.9070689117114633,-2.408618124078292e-13,0.022960028387833616,1950.158473816807,0.8355442431521457,-1.2714900639512947,-0.02745410379075207,0.1130033595496662,2001.3617731713412,19.999999999996806,0.01738073242132887,ok
USA,United States,1900,2025,126,-0.17100000000000004,0.6080000000000001,0.9862595520361013,-0.677280452124788,-0.07450158278378384,0.07320931774340042,1967.8565284212743,0.9928296916429614,-0.7427034201679508,-0.10724772221417397,0.22513060058280013,1978.7674462741638,7.46666086911403,0.006570139606860148,ok
UZB,Uzbekistan,1789,2025,225,-0.357,0.5820000000000001,0.949545964655471,-0.9422012917017994,-0.5029596910478569,0.08138972414011536,1935.5513451972026,0.9534254893627482,-0.9390729200192646,-0.49392485442867634,0.05521979690192196,1927.7495630810638,0.005000000000000003,0.003879524707277149,ok
VAT,Vatican,1789,1870,75,-0.933,0.0050000000000000044,,,,,,,,,,,,,flat
VEN,Venezuela,1789,2025,157,-0.252,0.759,0.9568056357168879,-0.8625290111753795,-0.1779218956510635,0.07194924002491078,1954.8410693770875,0.9649568259358388,-0.8866967201412288,-0.2068324697206681,0.19060505138735134,1964.9717923474682,5.38069430712,0.008151190218950832,ok
VNM,Vietnam,1976,2025,50,-0.19199999999999995,0.268,0.9601823091599587,-0.4672667994377669,-0.2633890948005515,0.1940336230410671,1995.819507470316,0.9627649007302679,-0.4577835832615633,-0.25904417169246374,0.1394850709565611,1993.4846317058154,0.005000000000001161,0.002582591570309156,ok
VUT,Vanuatu,1906,2025,120,-0.28500000000000003,0.22899999999999998,0.9808895727751403,-0.5098471262216837,-0.33375407444780675,1.9999999999998426,1979.799158630006,0.9814460705553217,-0.5096525716186309,-0.33379709614158476,1.730772306844471,1979.5329168072242,0.005000000000000007,0.0005564977801814086,ok
YEM,Yemen,1789,2025,162,-0.839,0.22999999999999987,0.8731005012896715,-0.9464732634637545,-0.777345456901413,0.04303002986672797,1904.8477893000086,0.8795012673707234,-0.9809971097022496,-0.7787645295243972,0.29878764287101583,1931.9550575425442,19.999999963349048,0.00640076608105189,ok
ZAF,South Africa,1900,2025,123,-0.17000000000000004,0.769,0.9849896392712119,-0.8180910580344616,-0.13186468376116645,1.9999999999999998,1993.4255979482195,0.9862115356417804,-0.817215847523605,-0.13197828398235228,1.9999999999999998,1993.2460465978536,0.005000000003536561,0.001221896370568576,ok
ZMB,Zambia,1911,2025,115,-0.20899999999999996,0.677,0.9701257381213008,-0.8835012785362123,-0.24353250555389994,0.08614496602835629,1975.2722981923528,0.975783022410916,-0.8644286717375731,-0.22188361180249194,0.060729962349182924,1969.8724041277253,0.0050000000000000044,0.005657284289615205,ok
ZWE,Zimbabwe,1900,2025,126,-0.273,0.7050000000000001,0.9831442971138492,-0.893385802765858,-0.29009846846289034,1.9999999999999971,1979.8029924849043,0.9842830666710615,-0.8927427143710659,-0.29080727024776565,1.9999999999999998,1979.5390632592278,0.005000000000125833,0.0011387695572122603,ok
